dlga_start:close_window|Увага! Гэты радок не адлюстроўваецца. Ён патрэбны для захоўвання зменных дыялогу.
dlga_member_chat:close_window|Увага! Гэты радок не адлюстроўваецца. Ён патрэбны для захоўвання зменных дыялогу.
dlga_event_triggered:close_window|Увага! Гэты радок не адлюстроўваецца. Ён патрэбны для захоўвання зменных дыялогу.
dlga_oim_tutorial_mission_dlg_x:oim_tutorial_mission_dlg_1_1|Дзякуй за дапамогу! У цяперашнія часы гэта зусім не лішняе.
dlga_oim_tutorial_mission_dlg_1_1:oim_tutorial_mission_dlg_1_2|Гэта было гонарам для мяне.
dlga_oim_tutorial_mission_dlg_1_2:close_window|Давай знойдзем коней і паедзем адсюль, пакуль не з'явіліся яшчэ бандыты.
dlga_oim_tutorial_mission_dlg:close_window|Добра, цяпер трэба разабрацца з замкам. Вось, трымай Стары пістоль-гэтая старызну ад аднаго стрэлу разваліцца.
dlga_oim_tutorial_mission_dlg_5:oim_tutorial_mission_dlg_5_1|Вялікі дзякуй, незнаёмы. Цяпер, я думаю, у цябе ёсць да мяне пытанні аб гэтых чужых землях і суровых часах.
dlga_oim_tutorial_mission_dlg_5_1:close_window|Вядома, я хацеў бы многае даведацца!
dlga_ms_extra_officer_dialog_start:ms_extra_officer_element_list|{s0}^{s5}
dlga_ms_extra_officer_element_list:ms_view_officer_elements|{s2}
dlga_ms_extra_officer_element_list:ms_extra_officer_dialog_start|Хачу забраць навабранцаў.
dlga_ms_extra_officer_element_list:close_window|Мне пара...
dlga_ms_view_officer_elements:ms_view_officer_elements_list|{s2}
dlga_ms_view_officer_elements_list:ms_extra_officer_dialog_start|1 ({reg0} талераў і {reg1} дзён).
dlga_ms_view_officer_elements_list:ms_extra_officer_dialog_start.1|3 ({reg0} талераў і {reg1} дзён).
dlga_ms_view_officer_elements_list:ms_extra_officer_dialog_start.2|5 ({reg0} талераў і {reg1} дзён).
dlga_ms_view_officer_elements_list:ms_extra_officer_dialog_start.3|Мне пара...
dlga_ms_extra_goods_dialog_start:ms_extra_goods_category_list|Чаго хочаш?
dlga_ms_extra_goods_category_list:ms_view_categoty_elements|{s2}
dlga_ms_extra_goods_category_list:close_window|Забраць заказ.
dlga_ms_extra_goods_category_list:close_window.1|Мне пара...
dlga_ms_view_categoty_elements:ms_view_categoty_elements_list|{s0}
dlga_ms_view_categoty_elements_list:ms_extra_element_buy_descr|{s2} ({reg2} талераў).
dlga_ms_view_categoty_elements_list:ms_extra_goods_dialog_start|Мне пара...
dlga_ms_extra_element_buy_descr:ms_extra_element_buy_descr_list|Заказ прыняты. Прыходзь тыдня праз дзве, як раз усё будзе гатова. 
dlga_ms_extra_element_buy_descr:ms_extra_element_buy_descr_list.1|У цябе недастаткова грошай!
dlga_ms_extra_element_buy_descr_list:close_window|Добра.
dlga_ms_elder_dialog_start:ms_elder_list|Чым магу быць карысны?
dlga_ms_elder_list:ms_view_elements|Хачу пабудаваць будынак.
dlga_ms_elder_list:ms_view_elements.1|Чалавека б на пасаду прызначыць...
dlga_ms_elder_list:ms_already_builded|Раскажы мне, што тут ужо пабудавана?
dlga_ms_elder_list:ms_already_builded.1|Скажы, якія пасады ўжо занятыя?
dlga_ms_elder_list:close_window|Мне пара...
dlga_ms_view_elements:ms_view_elements_list|{s0}
dlga_ms_view_elements_list:ms_element_menu|{s2} 
dlga_ms_view_elements_list:ms_elder_dialog_start|Гэта ўсё.
dlga_ms_view_elements_list:ms_extra_adviser|Усё зразумела.
dlga_ms_element_menu:ms_element_menu_list|{s0}. Што ты хочаш зрабіць, {спадар / спадарыня}?
dlga_ms_element_menu_list:ms_player_read_descr|{s2} 
dlga_ms_element_menu_list:ms_element_description|Раскажы мне пра гэта падрабязней.
dlga_ms_element_menu_list:ms_view_elements|Нічога.
dlga_ms_player_read_descr:ms_player_read_descr_list|Для {reg0?пошуку патрэбнага чалавека: пабудовы} спатрэбіцца {reg2} {reg1?дзён: гадзін} і {reg3} талераў. 
dlga_ms_player_read_descr_list:ms_elder_dialog_start|Добра. 
dlga_ms_player_read_descr_list:ms_element_menu|Я перадумаў.
dlga_ms_element_description:ms_element_description_list|{s0}
dlga_ms_element_description_list:ms_element_menu|Усё зразумела.
dlga_ms_already_builded:ms_already_builded_list|{s1} {s2}
dlga_ms_already_builded_list:ms_elder_dialog_start|Гэта ўсё.
dlga_ms_already_builded_list:ms_extra_adviser|Усё зразумела.
dlga_ms_npc_dialog_start:ms_npc_list|Каго са сваіх спадарожнікаў ты хочаш навучыць?
dlga_ms_npc_list:ms_npc_variants|{s0}
dlga_ms_npc_list:close_window|Я перадумаў.
dlga_ms_npc_variants:ms_npc_dialog_start|Больш нічому яго навучыць не зможам!
dlga_ms_npc_variants:ms_nps_variant_descr|Ну выбірай, якую навуку ты хочаш вывучыць.
dlga_ms_nps_variant_descr:ms_nps_variant_selected|Медыцына
dlga_ms_nps_variant_descr:ms_nps_variant_selected.1|Тактыка
dlga_ms_nps_variant_descr:ms_nps_variant_selected.2|Ваенная падрыхтоўка
dlga_ms_nps_variant_descr:ms_npc_dialog_start|Назад
dlga_ms_nps_variant_selected:ms_npc_agree_disagree|Кошт навучання складзе ўсяго {reg0} талераў.
dlga_ms_npc_agree_disagree:close_window|Добра, вось грошы.
dlga_ms_npc_agree_disagree:ms_npc_variants|Як-небудзь у іншы раз.
dlga_ms_extra_adviser:ms_extra_adviser_list|Ну, да каго пойдзем?
dlga_ms_extra_adviser_list:ms_view_elements|{s0}
dlga_ms_extra_adviser_list:close_window|Назад
dlga_messenger_dialog_start:centres_list|Твая сталіца захоплена, {спадар / спадарыня}! Дзе ты хочаш зрабіць новую?
dlga_centres_list:close_window|{s0}
dlga_centres_list:close_window.1|Назад
dlga_ambassador_start:ambassador_variants|Што табе заўгодна, Найяснейшы {playername}?
dlga_ambassador_variants:ambassador_peace|Я хацеў бы абмеркаваць магчымасць падпісання мірнай дамовы...
dlga_ambassador_variants:ambassador_start|Рыхтуйцеся да вайны!
dlga_ambassador_variants:ambassador_trade_deal|Я б хацеў заключыць гандлёвую дамову.
dlga_ambassador_variants:close_window|Пакуль нічога...
dlga_ambassador_peace:ambassador_peace_choose|{s0}
dlga_ambassador_peace_choose:ambassador_start|Думаю, такія ўмовы прымальныя.
dlga_ambassador_peace_choose:ambassador_start.1|Наша дзяржава ніколі не пойдзе на такія саступкі!
dlga_ambassador_trade_deal:ambassador_trade_chose|Што ж, гандлёвы дагавор абыйдзецца табе ў 4000 талераў, а прыбытак ад яго рэалізацыі, думаю, будзе не менш 2500 талераў у месяц... 
dlga_ambassador_trade_chose:ambassador_start|Я згодны.
dlga_ambassador_trade_chose:ambassador_start.1|Мне трэба яшчэ падумаць.
dlga_oim_tracai_monk_talk_quest_ended:close_window|Ідзі, не перашкаджай піва піць...
dlga_start:close_window.1|Пайшоў прэч!
dlga_event_triggered:oim_dmitriy_razin_rebel_end|Радасць вялікая па зямлі Маскоўскай!
dlga_start:ramun_introduce_1|Добрага табе дзянька, {малады чалавек / прыгажуня}.
dlga_ramun_introduce_1:ramun_introduce_2|Ты падобны на гандляра... Толькі дзе ж твой тавар?
dlga_ramun_introduce_1:close_window|Прабач, не да размоў цяпер.
dlga_ramun_introduce_2:ramun_introduce_3|Гандляр я, так. Самы сапраўдны. А тавар мой-асаблівы. Яго даводзіцца карміць і паіць двойчы ў дзень, а яшчэ ён спрабуе збегчы, ледзь адвернешся.
dlga_ramun_introduce_3:ramun_introduce_4|Быдла прадаеш?
dlga_ramun_introduce_4:ramun_introduce_5|Амаль адгадаў. Дзякуючы мне прыходзяць у рух галеры султана Парты, тариды сіцылійскага караля і нават караблі Людовіка французскага. 
dlga_ramun_introduce_5:ramun_introduce_6|А, галерные рабы...
dlga_ramun_introduce_6:ramun_introduce_7|Менавіта так! Гэты горад квітнее толькі дзякуючы жывому тавару. А я, так бы мовіць, спрыяю росквіту.
dlga_ramun_introduce_7:ramun_introduce_8|І адкуль жа ты бярэш Сваіх рабоў?
dlga_ramun_introduce_8:ramun_introduce_9|Крыніц хапае-татарскі ясырь, ваеннапалонныя, захопленыя ў рэйдах разбойнікі і дэзерціры. Дарэчы, у цябе няма нікога на продаж?
dlga_ramun_introduce_9:ramun_introduce_10|У мяне-то адкуль?
dlga_ramun_introduce_10:ramun_introduce_11|А чаму не? Ты ж удзельнічаеш у бітвах - значыць, бярэш палонных. У любым выпадку, плачу за кожнага звонкай манетай.
dlga_ramun_introduce_11:ramun_introduce_12|Я падумаю над тваёй прапановай.
dlga_ramun_introduce_12:close_window|Падумай-падумай. На гэтым можна нядрэнна зарабіць, справа дакладнае. У накладе не застанешся.
dlga_start:ramun_talk|Вітаю, {playername}.
dlga_ramun_pre_talk:ramun_talk|Што-небудзь яшчэ?
dlga_ramun_talk:ramun_sell_prisoners|У мяне ёсць тое, што цябе зацікавіць.
dlga_ramun_sell_prisoners:ramun_sell_prisoners_2|Давай-ка паглядзім...
dlga_ramun_sell_prisoners_2:close_window|З табой прыемна мець справу.
dlga_ramun_talk:ramun_ask_about_capturing|Параі, як мне захапіць палоннага.
dlga_ramun_talk:ramun_ask_about_capturing.1|Раскажы мне яшчэ раз пра вязняў.
dlga_ramun_ask_about_capturing:ramun_have_blunt_weapon|Ты ў гэтай справе пачатковец, так? Мудрасьць тут невялікая. Каб узяць палоннага, самае галоўнае-збіць суперніка з ног тупым зброяй, накшталт булавой або дубінкі. Не трэба калоць яго клінком, разумееш?  Тады ён на некаторы час страціць прытомнасць, але не сыйдзе крывёю. Мяркую, у цябе маецца такая зброя...
dlga_ramun_have_blunt_weapon:ramun_have_blunt_weapon_yes|Безумоўна.
dlga_ramun_have_blunt_weapon:ramun_have_blunt_weapon_no|Баюся, што не.
dlga_ramun_have_blunt_weapon_yes:ramun_ask_about_capturing_2|Выдатна. Дык вось, усё што трэба зрабіць - гэта ўрэзаць падлюгу так, каб ён упаў, а калі бой скончыцца, закаваць яго ў кайданы. З высакароднымі ўсё прасцей, яны звычайна дастаткова добра абаронены, так што ўсё роўна, якім выглядам зброі ты скарыстаешся. А вось з звычайнага галаварэза кроў хлыне, як з заколатага парася. Я не прыдзірлівы, але патрабую, каб яны маглі хадзіць, калі я іх купляю.
dlga_ramun_have_blunt_weapon_no:ramun_have_blunt_weapon_no_2|Не? Ну што ж, лічы, табе выключна пашанцавала. У мяне завалялась старая дубінка, я ўсё роўна збіраўся яе выкінуць. Вось, трымай, ёю цалкам яшчэ можна пачаставаць каго-небудзь да страты прытомнасці. 
dlga_ramun_have_blunt_weapon_no_2:ramun_have_blunt_weapon_yes|Дзякуй. Трэба апрабаваць яе ў справе.
dlga_ramun_ask_about_capturing:ramun_ask_about_capturing_2|Ну, давай я яшчэ раз растлумачу табе ўсё па-простаму. Каб узяць палоннага, збі суперніка з ног тупым зброяй, накшталт булавой або дубінкі, а не спрабуй параніць вострым клінком. Тады ён на некаторы час страціць прытомнасць, але не скончыцца крывёю да смерці, разумееш?  З дваранамі-то ўсё прасцей, яны звычайна досыць добра абаронены, тут бяры любую зброю. А вось з звычайнага галаварэза, калі праткнуць яго чымсьці вострым, кроў хлыне, як з заколатага парася. 
dlga_ramun_ask_about_capturing_2:ramun_ask_about_capturing_3|Быццам бы ўсё зразумела. Што яшчэ мне трэба ведаць?
dlga_ramun_ask_about_capturing_3:ramun_ask_about_capturing_4|Ну, ёсць яшчэ сёе-тое. Дробящее зброю наносіць не такія моцныя пашкоджанні, як клинковое, таму зваліць ворага будзе некалькі складаней. І, ужо можаш мне паверыць, гэтым нягоднікам толькі дай шанец і яны заб'юць цябе не раздумваючы. Так што, выходзячы на праціўніка з дубінкай, не цырымоніцца. Больш за тое, палонныя запавольваюць перамяшчэнне атрада, таму сёй-той проста вызваляе палонных пасля заканчэння бою. Вар'яты! Адмаўляюцца ад кучы грошай!
dlga_ramun_ask_about_capturing_4:ramun_ask_about_capturing_5|Гэта ўсё?
dlga_ramun_ask_about_capturing_5:ramun_ask_about_capturing_7|І апошняе. Кіравацца з палоннымі няпроста, тут патрэбен спецыяльны навык. Калі хочаш захопліваць шмат палонных, прыйдзецца пастарацца, інакш і аднаго-то не ўтрымаць.
dlga_ramun_ask_about_capturing_7:ramun_pre_talk|Дзякуй, буду мець на ўвазе.
dlga_ramun_talk:ramun_leave|Мне пара...
dlga_ramun_leave:close_window|Памятай-любых палонных прыводзь да мяне. За кожнага я заплачу добрыя грошы.
dlga_start:manhunter_talk_b|Гэй, ты! Не бачыў тут паблізу разбойнікаў?
dlga_manhunter_talk_b:manhunter_talk_b1|Так, прайшлі вунь у той бок прыкладна з гадзіну таму.
dlga_manhunter_talk_b1:close_window|Вось гэта добра! Цяпер дакладна схопім гэтых нягоднікаў! Дзякуй.
dlga_manhunter_talk_b:manhunter_talk_b2|Не, адкуль ім тут быць.
dlga_manhunter_talk_b2:close_window|Каб ім пуста было! Пахаваліся, як пацукі ў нары. Ну, нічога, рана ці позна мы іх адтуль выкурым.
dlga_start:looters_1|Увага! Гэты радок не адлюстроўваецца.
dlga_looters_1:looters_2|{s4}
dlga_looters_2:close_window|Напалохаў казла капустай. Прыйдзецца для пачатку пазмагацца з намі.
dlga_looters_2:close_window.1|На цябе, стварэньне, мне сталі не шкада.
dlga_looters_2:bandit_barter_2|Вазьмі {reg1} талераў і пакінь мяне ў спакоі.
dlga_bandit_barter_2:close_window|Ха! Выдатна. А цяпер сыходзь.
dlga_start:village_farmer_talk|{Літасцівы спадар / Літасцівая спадарыня}, мы бедныя сяляне з вёскі {s11}. {reg1?Тавары вось вязем на базар у {s12}.: У {s12} базарны дзень-дык вось мы і вяртаемся адтуль у вёску сваю.}
dlga_village_farmer_talk:close_window|Вось і паглядзім, наколькі вы бедныя! Давайце, што ёсць.
dlga_village_farmer_talk:close_window.1|Што ж, ідзіце з мірам.
dlga_start:member_castellan_talk|Так, {playername}? Чым падмагчы?
dlga_member_castellan_pretalk:member_castellan_talk|Што яшчэ?
dlga_member_castellan_talk:member_review_castle_garrison|Мне патрэбныя звесткі пра гарнізон крэпасці.
dlga_member_review_castle_garrison:member_castellan_pretalk|Вядома, вось спісы, {спадар / спадарыня}. Дай ведаць, калі вырашыш нешта змяніць.
dlga_member_castellan_talk:member_review_castellan_equipment|Дазволь мне паглядзець тваё рыштунак.
dlga_member_review_castellan_equipment:member_castellan_pretalk|Калі ласка, усё тут...
dlga_member_castellan_talk:member_castellan_join|Прапаную пакінуць крэпасць і далучыцца да майго атраду.
dlga_member_castellan_join:close_window|Гэта месца мне вельмі дорага... Але калі такое тваё жаданне, {playername}, я пайду з табой.
dlga_member_castellan_join:member_castellan_pretalk|А дзе мы будзем начаваць? Ты вядзеш з сабой цэлую армію, {playername}, для ўсіх не хопіць месца.
dlga_member_castellan_talk:close_window|Выйсці...
dlga_member_chat:kidnapped_girl_chat_1|Мы ўжо прыехалі?
dlga_kidnapped_girl_chat_1:kidnapped_girl_chat_2|Яшчэ не.
dlga_kidnapped_girl_chat_2:close_window|Хутчэй бы ўжо... Я хачу да матулі з татулькай.
dlga_member_chat:member_lady_1|{playername}, калі мы дабяромся да месца, як думаеш?
dlga_member_lady_1:member_lady_2a|Яшчэ ехаць і ехаць...
dlga_member_lady_1:member_lady_2b|Хутка, пацярпі яшчэ трохі.
dlga_member_lady_2a:close_window|Гэта добра... Я буду атрымліваць асалоду ад кожнай хвілінай нашага падарожжа. Мне так падабаецца на свежым паветры! Я ўжо не магу цэлымі днямі сядзець у крэпасці. Я табе зайздрошчу, усё тваё жыццё праходзіць у дарозе...
dlga_member_lady_2b:close_window|Добра. Не падумай, што мне з табой дрэнна - мяне проста стамляюць доўгія падарожжа. І ўсё ж такі мне будзе шкада з табой расставацца. Абяцай, што абавязкова заедзеш мяне наведаць!
dlga_member_chat:supported_pretender_talk|Прывітанне табе, {playername}. Ты першы і самы верны з маіх ваеначальнікаў, і мне патрэбен твой савет.
dlga_supported_pretender_pretalk:supported_pretender_talk|Што-небудзь яшчэ?
dlga_supported_pretender_talk:pretender_progress|Як ты ацэньваеш нашы поспехі?
dlga_supported_pretender_talk:oim_dmitriy_razin_sp_task|Ці няма ў цябе якога даручэння для мяне?
dlga_pretender_progress:pretender_progress_2|{reg11? За нас выступяць {reg11} дваран: на нашым баку пакуль ніводнага двараніна}. {reg21?{s9} падтрымалі {reg21} дваран: {s9} не падтрымаў ні адзін дваранін}. {reg19?У нас пад кантролем {reg13?{reg13} гарадоў,:} {reg14? {reg14} крэпасцяў,:} {reg15? {reg15} вёсак:}: мы не кантралюем ніводнага паселішча}. {s9} {reg29?кантралюе {reg23?{reg23} гарадоў,:} {reg24? {reg24} крэпасцяў,:} {reg25? {reg25} вёсак:}: больш не кантралюе ніводнага паселішча}. Падводзячы вынік, магу сказаць, што {s30}.
dlga_pretender_progress_2:supported_pretender_pretalk|Мы павінны працягнуць бой і аб'яднаць нашых саюзнікаў!
dlga_pretender_progress_2:pretender_quit_rebel_confirm|Здаецца, нічога добрага з гэтага бунту не выйдзе. Трэба здавацца.
dlga_pretender_quit_rebel_confirm:pretender_quit_rebel_confirm_2|{playername}, ты не можаш пакінуць мяне ў такі момант. Ты што, сур'ёзна?
dlga_pretender_quit_rebel_confirm_2:pretender_quit_rebel_confirm_3|Цалкам сур'ёзна. Я больш не магу цябе падтрымліваць.
dlga_pretender_quit_rebel_confirm_2:supported_pretender_pretalk|Не, вядома. Я буду змагацца на тваім баку да апошняга.
dlga_pretender_quit_rebel_confirm_3:pretender_quit_rebel_confirm_4|Ты ўпэўнены? Я ніколі не дарую цябе, калі кінеш мяне ў такім становішчы.
dlga_pretender_quit_rebel_confirm_4:pretender_quit_rebel|Абсалютна ўпэўнены.
dlga_pretender_quit_rebel_confirm_4:supported_pretender_pretalk|Добра, я не буду прымаць неабдуманых рашэнняў.
dlga_pretender_quit_rebel:close_window|Хай будзе так. Тады ўсё скончана. Гэта параза, і мне давядзецца змірыцца.
dlga_supported_pretender_talk:supported_pretender_equip|{reg65?Спадарыня мая: Пане, дазволь, я праверу тваё рыштунак?
dlga_supported_pretender_equip:supported_pretender_pretalk|Калі ласка, усё тут...
dlga_supported_pretender_talk:pretneder_view_char_requested|Раскажы мне, калі ласка, пра свае навыкі.
dlga_pretneder_view_char_requested:supported_pretender_pretalk|Так, вядома.
dlga_supported_pretender_talk:oim_radzivil_dlg_orders|Якія будуць загады, {князь / княгіня}?
dlga_supported_pretender_talk:oim_radzivil_dlg_kiev_report|Я даведаўся ўсё, што ты прасіў, ад Кіеўскага галавы...
dlga_supported_pretender_talk:oim_getman_ask_add_info_dlg|Ну што, князь Януш, раскажаш мне пра чорнага гетмана?
dlga_supported_pretender_talk:oim_getman_tatarin_captured|Я даставіў палоннага.
dlga_supported_pretender_talk:oim_getman_kiev_captured_dlg|Я захапіў Кіеў...
dlga_supported_pretender_talk:close_window|Ідзем далей, {reg65?спадарыня: спадар}.
dlga_do_member_trade:member_talk|Што-небудзь яшчэ?
dlga_member_chat:member_talk|{s6}
dlga_member_talk:member_trade|Дай, я Зірну на тваё рыштунак.
dlga_member_trade:do_member_trade|Калі ласка, усё тут...
dlga_do_member_trade:member_talk.1|Што-небудзь яшчэ?
dlga_member_talk:oim_zagloba_help_answer|Пан Заглоба, параі, што мне рабіць далей?
dlga_member_talk:oim_getman_mamay_kozak_legend_story|А ці не ведаеш ты старадаўнюю легенду аб чорным Гетмане?
dlga_member_talk:view_member_char_requested|Раскажы мне пра свае навыкі.
dlga_view_member_char_requested:do_member_view_char|А... Зараз усё раскажу...
dlga_member_talk:member_separate|Нам прыйдзецца ненадоўга падзяліцца.
dlga_member_separate:member_separate_confirm|- Я не збіраюся бадзяцца без справы, чакаючы цябе. Мне прыйдзецца паездзіць па гарадах і пашукаць працу. Ты гэтага хочаш?
dlga_member_separate:companion_quitting|Ну, наогул мне хацелася б сёе-тое сказаць табе...
dlga_member_separate_confirm:member_separate_yes|Так. Нам трэба пайсці рознымі шляхамі.
dlga_member_separate_confirm:do_member_trade|Не, мне не хацелася б цябе губляць.
dlga_member_separate_yes:close_window|Добра. Тады я паеду. Патрэбен буду-знойдзеш.
dlga_member_talk:member_question|У мяне ёсць пытанне да цябе.
dlga_member_talk:close_window|Не да размоў цяпер.
dlga_member_question:member_question_2|Безумоўна. Пра што ты хочаш спытаць?
dlga_member_question_2:member_morale|Як табе абстаноўка ў атрадзе? Што скажаш?
dlga_member_question_2:member_background_recap|Раскажы мне яшчэ раз пра сябе.
dlga_member_morale:do_member_trade|{s21}
dlga_member_background_recap:member_background_recap_2|{s5}
dlga_member_background_recap_2:member_background_recap_3|{s5}
dlga_member_background_recap_3:do_member_trade|Ну а потым ты прыняў мяне да сябе.
dlga_do_member_view_char:member_talk|Што-небудзь яшчэ?
dlga_start:close_window.2|Адправімся, як толькі будзеш гатовы.
dlga_start:close_window.3|Калі ласка, давай не будзем марнаваць дарма час, {спадар/спадарыня}. Можа, пабачымся яшчэ калі-небудзь.
dlga_start:companion_recruit_intro_response|{s5}
dlga_companion_recruit_intro_response:companion_recruit_backstory_a|{s6}
dlga_companion_recruit_intro_response:close_window|{s7}
dlga_companion_recruit_backstory_a:companion_recruit_backstory_b|{s5}
dlga_companion_recruit_backstory_b:companion_recruit_backstory_c|{s5}
dlga_companion_recruit_backstory_c:companion_recruit_backstory_response|{s5}
dlga_companion_recruit_backstory_response:companion_recruit_signup|{s6}
dlga_companion_recruit_backstory_response:close_window|{s7}
dlga_companion_recruit_signup:companion_recruit_signup_b|{s5}
dlga_companion_recruit_signup_b:companion_recruit_signup_response|{s5}
dlga_companion_recruit_signup_response:close_window|На жаль, цяпер мой атрад цалкам укамплектаваны.
dlga_companion_recruit_signup_response:companion_recruit_payment|{s6}
dlga_companion_recruit_signup_response:close_window.1|{s7}
dlga_companion_recruit_payment:companion_recruit_signup_confirm|.
dlga_companion_recruit_payment:companion_recruit_payment_response|{s5}
dlga_companion_recruit_payment_response:companion_recruit_signup_confirm|{s6}
dlga_companion_recruit_payment_response:close_window|На жаль, цяпер я не магу сабе гэта дазволіць.
dlga_start:companion_recruit_meet_again|Даўно не бачыліся.
dlga_companion_recruit_meet_again:companion_recruit_backstory_delayed|Значыць... Што адбылося з табой з нашай апошняй сустрэчы?
dlga_companion_recruit_meet_again:close_window|Добры дзень.
dlga_start:companion_recruit_secondchance|Так?
dlga_companion_recruit_secondchance:companion_recruit_backstory_b|Прабач за грубасць. Можаш зноў расказаць пра сябе?
dlga_companion_recruit_secondchance:close_window|Няма часу размовы весці.
dlga_companion_recruit_backstory_delayed:companion_recruit_backstory_delayed_response|{s5}
dlga_companion_recruit_backstory_delayed_response:companion_recruit_signup_b|Ты можаш мне спатрэбіцца.
dlga_companion_recruit_backstory_delayed_response:close_window|Я паведамлю, калі што-небудзь даведаюся.
dlga_companion_recruit_signup_confirm:close_window|Выдатна! Дай мне некалькі хвілін на падрыхтоўку, і можна будзе адпраўляцца.
dlga_start:companion_rehire|Мая прапанова далучыцца да атрада застаецца ў сіле - толькі пакліч.
dlga_start:companion_rehire.1|Прыемна бачыць цябе ў жывых, {s5}! А я ўсё думаю, ці то Ты забіты, ці то ў палоне... Але бачу, ты-цёрты калач, проста так не возьмеш. Ну дык што, возьмеш мяне назад у атрад?
dlga_start:companion_rehire.2|{s5}
dlga_start:companion_was_dismissed|{s21}! Якая сустрэча! Я ўжо даўно цябе адшукваю.
dlga_companion_was_dismissed:companion_rehire|{s5}. Ты хочаш бачыць мяне ў складзе атрада?
dlga_companion_rehire:companion_recruit_signup_confirm|З вяртаннем!
dlga_companion_rehire:companion_rehire_refused|На жаль, цяпер у мяне няма месца ў атрадзе.
dlga_companion_rehire_refused:close_window|Ну што ж... Знайдзі мяне, калі перадумаеш, добра?
dlga_event_triggered:center_captured_lord_advice|{s1} застаўся без кіравання. Цікава, хто ж стане яго наступным кіраўніком...
dlga_center_captured_lord_advice:center_captured_lord_advice_2|{s11}. {s1}
dlga_center_captured_lord_advice:center_captured_lord_advice_2.1|Я хачу быць кіраўніком {s1}. (Уладанні: {s0})
dlga_center_captured_lord_advice:center_captured_lord_advice_2.2|Я лічу, што {s1} належыць законнаму спадчынніку трона. (Уладанні: {s0})
dlga_center_captured_lord_advice_2:close_window|Хм-м. твае парады высока цэняцца, {playername}. {reg6?Толькі законны кіраўнік варты валодаць {s1}.:{reg7?Хутчэй за ўсё, менавіта ты атрымаеш {s1}:верагодна, {s11} атрымае {s1}}.}
dlga_event_triggered:companion_quitting|Мне трэба сёе-тое табе сказаць, {s5}.
dlga_companion_quitting:companion_quitting_2|{s5}
dlga_companion_quitting_2:companion_quitting_response|Скажу ўсё, як ёсць, {s21}.
dlga_companion_quitting_response:companion_quitting_yes|Добра, можаш ісці.
dlga_companion_quitting_response:companion_quitting_persuasion|Магчыма, я змагу цябе пераканаць.
dlga_companion_quitting_persuasion:close_window|Хм. Раз ты так кажаш, я застануся яшчэ на некаторы час і дапамагу табе.
dlga_companion_quitting_persuasion:companion_quitting_response|Прашу прабачэння, але я не магу пагадзіцца. Я сыходжу, падабаецца табе гэта ці не.
dlga_companion_quitting_response:companion_quitting_no|У нас тут прынята вешаць дэзерціраў.
dlga_companion_quitting_no:companion_quitting_no_confirm|Ох... Так... На самай справе?
dlga_companion_quitting_no_confirm:companion_quitting_no_confirmed|Так. Ты пакінеш гэтае войска толькі па маім загадзе - або на ўласным шчыце.
dlga_companion_quitting_no_confirm:companion_quitting_yes|Не, вядома ж, жартую. Можаш ісці, калі хочаш.
dlga_companion_quitting_yes:close_window|Тады Бывай. Можа быць, яшчэ пабачымся, {playername}.
dlga_companion_quitting_no_confirmed:close_window|Хм. Думаю, у такім выпадку я застануся.
dlga_event_triggered:companion_objection_response|{s5}
dlga_companion_objection_response:close_window|Дзякуй, я цаню вашу падтрымку.
dlga_companion_objection_response:close_window.1|Спадзяюся, больш такога не адбудзецца.
dlga_companion_objection_response:close_window.2|Пярэчанні прынятыя. А цяпер марш у строй.
dlga_event_triggered:companion_personalityclash2_b|{s5}
dlga_companion_personalityclash2_b:companion_personalityclash2_response|{s5}
dlga_companion_personalityclash2_response:close_window|{s11} - каштоўны член атрада. Я спадзяюся, што вашы з {reg11?ёй: ім} сутычкі больш не паўторацца.
dlga_companion_personalityclash2_response:close_window.1|Скажы {s11}, што я з табой салідарны.
dlga_companion_personalityclash2_response:close_window.2|У мяне няма часу на вашыя дурныя спрэчкі. Больш не прыставай да мяне з гэтым.
dlga_event_triggered:companion_personalityclash_b|{s5}
dlga_companion_personalityclash_b:companion_personalityclash_response|{s5}
dlga_companion_personalityclash_response:close_window|{s11} - годны член атрада. Я спадзяюся, што вашы з {reg11?ёй: ім} сутычкі больш не паўторацца.
dlga_companion_personalityclash_response:close_window.1|Скажы {s11}, што я на тваім баку і што лепш бы {reg11?ёй: яму} прытрымаць мову.
dlga_companion_personalityclash_response:close_window.2|У мяне няма часу на вашыя дурныя спрэчкі. Разбірайцеся самі.
dlga_event_triggered:companion_personalitymatch_b|{s5}
dlga_companion_personalitymatch_b:companion_personalitymatch_response|{s5}
dlga_companion_personalitymatch_response:close_window|Вось і добра.
dlga_event_triggered:companion_home_description|{s5}
dlga_companion_home_description:companion_home_description_2|Раскажы падрабязней.
dlga_companion_home_description:close_window|Цяпер не час для бяздзейнай балбатні.
dlga_companion_home_description:close_window.1|Аддаю перавагу, каб мае спадарожнікі не турбавалі мяне з-за такога глупства.
dlga_companion_home_description_2:companion_home_description_3|{s5}
dlga_companion_home_description_3:close_window|{s5}
dlga_event_triggered:rebel_thanks_answer|{s6}
dlga_rebel_thanks_answer:rebel_thanks_answer_2|Для мяне было гонарам змагацца за цябе, {reg65?спадарыня: спадар}.
dlga_rebel_thanks_answer:rebel_thanks_answer_2.1|Я заўсёды буду на тваім баку, {reg65?спадарыня: спадар}.
dlga_rebel_thanks_answer_2:close_window|Мне будзе не хапаць нашых прыгод, але мне трэба вярнуцца да сваіх абавязкаў. Так што... да пабачэння, {playername}. Спадзяюся, мы хутка сустрэнемся.
dlga_event_triggered:close_window.1|Прашу прабачэння-гэта я проста мармычу сабе пад нос [памылка]
dlga_start:player_siege_castle_commander_1a|Што вам трэба? 
dlga_player_siege_castle_commander_1a:player_siege_ask_surrender_a|Адкрый вароты.
dlga_player_siege_castle_commander_1a:close_window|Нічога, я перадумаў...
dlga_player_siege_ask_surrender_a:player_siege_ask_surrender_next|Я адкрыю вароты, калі ты дасі мне 20000 талераў...
dlga_player_siege_ask_surrender_a:close_window|Што за нечуваная нахабства! Можаш і не марыць пра гэта!
dlga_player_siege_ask_surrender_a:close_window.1|А можа, мне на цябе яшчэ і карону надзець ды каралём абазваць?
dlga_player_siege_ask_surrender_next:close_window|Добра, па руках...
dlga_player_siege_ask_surrender_next:close_window.1|Ну добра... Мае людзі знойдуць іншы спосаб узяць гэты горад...
dlga_start:player_siege_castle_commander_1|Што вам трэба?
dlga_player_siege_castle_commander_1:player_siege_ask_surrender|Здавайцеся! Вам ужо няма на што спадзявацца!
dlga_player_siege_castle_commander_1:close_window|Нічога. Я пайду.
dlga_player_siege_ask_surrender:player_siege_ask_surrender_treatment|Магчыма... Ці дасі ты Слова гонару, што з намі будуць звяртацца належным чынам?
dlga_player_siege_ask_surrender:player_siege_ask_leave_unmolested|Мы гатовыя пакінуць гэтую крэпасць, калі ты дасі слова гонару, што мы зможам спакойна сысці.
dlga_player_siege_ask_surrender:close_window|Здацца? Ха! Мы можам абараніць гэтыя сцены, пакуль не памрэм ад старасці!
dlga_player_siege_ask_surrender_treatment:player_siege_ask_surrender_treatment_reject|Нічога ты не атрымаеш. Здавайся або рыхтуйся да смерці!
dlga_player_siege_ask_surrender_treatment_reject:close_window|Будзь ты пракляты! Мы будзем біцца да апошняй кроплі крыві!
dlga_player_siege_ask_surrender_treatment:player_siege_ask_surrender_treatment_accept|Цябе я адпушчу за выкуп, а Твае салдаты застануцца ў жывых. Даю слова.
dlga_player_siege_ask_surrender_treatment_accept:close_window|Што ж. На такіх умовах я магу здацца.
dlga_player_siege_ask_leave_unmolested:player_siege_ask_leave_unmolested_accept|Даю табе слова, калі ты пакінеш крэпасць, цябе не стануць атакаваць.
dlga_player_siege_ask_leave_unmolested_accept:close_window|Добра. Тады мы пакідаем крэпасць у тваіх руках. Сёння ты перамог. Але мы яшчэ сустрэнемся!
dlga_player_siege_ask_leave_unmolested:player_siege_ask_leave_unmolested_reject|Не пойдзе. Мне патрэбныя палонныя.
dlga_player_siege_ask_leave_unmolested_reject:close_window|Тады мы будзем абараняць гэтую крэпасць да апошняй кроплі крыві. Нам больш няма пра што гаварыць.
dlga_start:freed_lord_answer|Дзякуй, што вызваліў мяне, сябра мой! Я перад табой у даўгу!
dlga_freed_lord_answer:freed_lord_answer_1|"Ніхто цябе не вызваляў,""сябар мой"". Цяпер ты мой палонны."
dlga_freed_lord_answer_1:close_window|Мярзотнік! Ты за гэта яшчэ паплацішся, спамяні маё слова!
dlga_freed_lord_answer:freed_lord_answer_2|Ты вольны ісці куды ўздумаецца.
dlga_freed_lord_answer_2:close_window|Дзякую, {добры спадар / мілая лэдзі}. Я ніколі не забываю тых, хто рабіў мне дабро.
dlga_start:defeat_lord_answer|{s43}
dlga_defeat_lord_answer:defeat_lord_answer_1|Цяпер ты ў мяне ў палоне.
dlga_defeat_lord_answer_1:oim_potop_volodievsky_shved_dlg|Спадзяюся на тваю міласэрнасць.
dlga_defeat_lord_answer_1:oim_potop_capture_tzar_dlg_captured|Паслухай мяне, афіцэр... 
dlga_defeat_lord_answer_1:close_window|Спадзяюся на тваю міласэрнасць.
dlga_defeat_lord_answer_1:oim_getman_radzivill_captured|Спадзяюся на тваю міласэрнасць.
dlga_defeat_lord_answer_1:oim_getman_knyaz_boryat_dlg_generik_end|Спадзяюся на тваю міласэрнасць.
dlga_defeat_lord_answer:defeat_lord_answer_2|Ты слаўна біўся. Я адпускаю цябе.
dlga_defeat_lord_answer_2:close_window|{s43}
dlga_start:party_encounter_lord_hostile_attacker|{playername}!
dlga_start:party_encounter_lord_hostile_attacker.1|Стойце!
dlga_party_encounter_lord_hostile_attacker:party_encounter_lord_hostile_attacker|{s42}
dlga_party_encounter_lord_hostile_attacker:party_encounter_lord_hostile_attacker_2|{s43}
dlga_party_encounter_lord_hostile_attacker_2:party_encounter_offer_dont_fight|Ці нельга неяк пазбегнуць гэтай бітвы? У мяне няма жадання змагацца з табой.
dlga_party_encounter_lord_hostile_attacker_2:close_window|Не атакуйце! Мы здаемся.
dlga_party_encounter_lord_hostile_attacker_2:close_window.1|Мы будзем змагацца да канца!
dlga_party_encounter_offer_dont_fight:close_window|Урэшце, я ў цябе ў даўгу. Ну добра. На гэты раз я цябе адпушчу.
dlga_party_encounter_offer_dont_fight:close_window.1|Ха-ха! Затое ў мяне кулакі свярбяць!
dlga_start:pretender_start|[Наша першая задача-захапіць крэпасць. Астатнія далучацца да нас.]
dlga_start:supported_pretender_talk|Я чакаю твайго савета, {playername}.
dlga_start:pretender_intro_1|Мы знаёмыя?
dlga_pretender_intro_1:pretender_intro_2|Мяне клічуць {playername}.
dlga_pretender_intro_1:pretender_intro_2.1|Я {playername}. Можа, чуў пра мае подзвігі?
dlga_pretender_intro_2:pretender_intro_3|{s48}
dlga_pretender_intro_3:pretender_rebellion_cause_1|Мне здавалася, {s11} валодае {s12}...
dlga_start:pretender_start.1|Вітаю, {playername}.
dlga_pretender_start:oim_getman_barabash_story|Раскажы мне пра чорнага гетмана.
dlga_pretender_start:oim_dmitriy_talk_razin_first|Ты шукаў Мяне?
dlga_pretender_start:oim_dmitriy_talk_razin_first_5_pos_1|Я перадумаў.
dlga_pretender_start:oim_getman_barabash_pernach_taken|Чорны Гетман ў мяне, палкоўнік! 
dlga_pretender_start:pretender_rebellion_cause_prelim|Ці не паўторыш свой аповяд, {reg65?спадарыня: спадар}?
dlga_pretender_rebellion_cause_prelim:pretender_rebellion_cause_1|Зараз усё раскажу.
dlga_pretender_rebellion_cause_1:pretender_rebellion_cause_2|{s48}
dlga_pretender_rebellion_cause_2:pretender_rebellion_cause_3|{s48}
dlga_pretender_rebellion_cause_3:pretender_start|{s48}
dlga_pretender_start:pretender_discuss_rebellion_1|Я хачу далучыцца да цябе і дапамагчы заваяваць трон!
dlga_pretender_start:pretender_end|Мне пара...
dlga_pretender_discuss_rebellion_1:pretender_discuss_rebellion_2|Ты ўпэўнены, што хочаш за гэта ўзяцца, {playername}? Захапіць трон будзе нялёгка. {s11} вельмі моцны. Усе дваране нашай дзяржавы прынеслі яму клятву вернасці. Вядома, клятвы захопніку не маюць сілы, і хтосьці можа перайсці на наш бок, але наперадзе нас чакае жорсткая і цяжкая барацьба.
dlga_pretender_discuss_rebellion_2:pretender_discuss_rebellion_3|Я выдатна гэта разумею.
dlga_pretender_discuss_rebellion_2:pretender_end|Так. Мабыць, мне трэба яшчэ трохі падумаць.
dlga_pretender_discuss_rebellion_3:close_window|Я не сумняваюся, што ты прапануеш дапамогу ад чыстага сэрца, {playername}, і дзякую Табе за гэта. Але, шчыра кажучы, я не думаю, што нашы шанцы на поспех вялікія. Калі б ты набыў вядомасць на палях бітваў і праславіўся як вялікі палкаводзец, тады нашы сябры не вагаючыся далучыліся б да нас, а ворагі знямелі б падымаць супраць нас зброю. Калі прыйдзе гэты час, я з радасцю буду змагацца з табой бок аб бок. Але да таго будзе разумней, калі самазванец {s11} ні пра што не даведаецца.
dlga_pretender_discuss_rebellion_3:close_window.1|Мне здавалася, {s17} ужо разлічвае на тваю падтрымку. Павінна быць, у Цябе і праўда моцна развіта пачуццё справядлівасці. Але-дзякуй, не. Я не хачу гуляць у гэтыя гульні.
dlga_pretender_discuss_rebellion_3:close_window.2|{playername}, ты ўжо даў клятву вернасці {s15}. У такім выпадку я не магу ўмешваць цябе ў свае справы, і хай мае ворагі заяўляюць, што я ўсяго толькі марыянетка, а за вяровачкі тузае {s16}. {s17} і трон стануць сапраўды маімі толькі ў тым выпадку, калі мае дамаганні справядлівыя, а падтрымліваць мяне будуць толькі мае ўласныя падданыя. Калі ты хочаш дапамагчы мне, то прыйдзецца табе адмовіцца ад сваёй клятвы {s15}.
dlga_pretender_discuss_rebellion_3:pretender_rebellion_ready|Ты ўмелы воін, {playername}, і я адчуваю, што дзякуючы тваёй ваеннай славе і праведнасьці маёй справы дваране і ўсе добрыя людзі {s12} падтрымаюць нас. Пара дзейнічаць! Пад нашым агульным націскам {s11} ўпадзе, і мы вырвем трон з яго заплямленых крывёю рук. Але спачатку ты павінен прынесці мне клятву вернасці і прыняць мяне як {reg65?сваю спадарыню:свайго ўладара}.
dlga_pretender_discuss_rebellion:pretender_town_quest|[Перш чым мы падымем паўстанне, я хачу заручыцца тваёй падтрымкай. {s4} заўсёды мяне падтрымлівалі, але, магчыма, у цябе ёсць сувязі ў іншых месцах. Ты гатовы гэтым заняцца?] 
dlga_pretender_discuss_rebellion:pretender_town_quest.1|[Перш чым мы падымем паўстанне, я хачу заручыцца тваёй падтрымкай. Калі ў цябе ёсць добрыя сувязі ў нейкім з гарадоў, трэба папрасіць там дапамогі. Ты гатовы гэтым заняцца?] 
dlga_pretender_discuss_rebellion:pretender_start|[Цяпер не самы лепшы час для бунту. Давайце трохі пачакаем.]
dlga_pretender_discuss_rebellion:pretender_start.1|[Ты заклаў асновы для бунту, але звязаны клятвай вернасці з іншым кіраўніком.]
dlga_pretender_discuss_rebellion:pretender_rebellion_ready|Вы зрабілі вялікую працу. {s4} і, верагодна, Іншыя гарады гатовыя да паўстання. Сканчай свае справы-мы пачынаем вайну.
dlga_pretender_rebellion_ready:lord_give_oath_2|Я буду ўсімі сіламі змагацца за правае справа, {reg3?мая спадарыня: спадар}.
dlga_pretender_rebellion_ready:pretender_end|Давай яшчэ трохі пачакаем.
dlga_lord_give_conclude_2:close_window|Такім чынам, наперад! Наша першае заданне-захапіць крэпасць і пераканаць іншых дваран далучыцца да нас. Вядзі нас!
dlga_pretender_town_quest:pretender_discuss_rebellion|[Горад гатовы]
dlga_pretender_town_quest:pretender_end|[Мяне гэта не цікавіць, дзякуй]
dlga_pretender_end:close_window|Ну што ж, тады Бывай.
dlga_start:lord_event_choose_friend|Кажуць, ты дружны з {s43}, які вядомы таксама як {s6}. Павер, гэтаму чалавеку нельга давяраць. Ты павінен спыніць з ім усякія адносіны.
dlga_lord_event_choose_friend:lord_event_choose_friend_renounce|Павер мне, {s65}, {s6} зусім не адзін мне.
dlga_lord_event_choose_friend_renounce:lord_pretalk|Рады чуць, {playername}, інакш я баяўся б за тваю бяспеку. Калі сустрэнеш {s6}, будзь напагатове і не вер ні адзінаму Яго слову.
dlga_lord_event_choose_friend:lord_event_choose_friend_defend|{s6} - годны чалавек, ты не маеш права казаць пра Яго такія рэчы!
dlga_lord_event_choose_friend_defend:lord_pretalk|Як скажаш, {playername}. Можа, ты і дурны, затое верны. Зрэшты, {s6} можа апынуцца значна менш верным ў адносінах да цябе...
dlga_lord_event_choose_friend:lord_event_choose_friend_neutral|Гэтая сварка - паміж табой і {s6}, я не хачу мець да яе ніякага дачынення.
dlga_lord_event_choose_friend_neutral:lord_pretalk|Як пажадаеш, {playername}. Проста памятай, што чалавеку ў гэтым свеце патрэбныя сябры, і ты ніколі іх не набудзеш, калі не трымаеш нічыю бок.
dlga_start:lord_invite_1|{playername}, я чакаў цябе. Пагалоска аб тваіх поспехах дайшла і да мяне. Аб тваёй доблесці і адвазе столькі кажуць, што мне не прыйшлося доўга думаць. Ты варты стаць пад маю руку.
dlga_lord_invite_1:lord_invite_2|Дзякую, {s65}, для мяне гэта вялікі гонар.
dlga_lord_invite_1:lord_invite_2.1|Вельмі прыемна, што хтосьці шануе мае заслугі па вартасці.
dlga_lord_invite_2:lord_invite_3|Так. Давай хутчэй скончым з фармальнасцямі, {playername}. Ты гатовы прынесці мне клятву вернасці?
dlga_lord_invite_3:lord_give_oath_2|Так, {s65}.
dlga_lord_invite_3:lord_enter_service_reject|Не, {s65}. Цяпер я не магу паступіць на службу.
dlga_start:lord_start|Ды гэта ж {playername}! Навальніца ворагаў - герой бітваў!
dlga_start:lord_start.1|Прыемна зноў бачыць цябе, {playername}...
dlga_start:lord_start.2|Рады зноў бачыць цябе, {playername}...
dlga_start:lord_meet_neutral|Мы знаёмыя?
dlga_lord_meet_neutral:lord_intro|Я {playername}.
dlga_lord_meet_neutral:lord_intro.1|Мяне клічуць {playername}. Да тваіх паслуг, спадар.
dlga_lord_intro:lord_start|{s11}
dlga_start:lord_meet_enemy|{s43}
dlga_lord_meet_enemy:lord_intro|Я {playername}, {s65}.
dlga_lord_meet_enemy:lord_intro.1|Я {playername}, прынамсі, мяне так называюць. Павінна быць, ты нямала пра мяне чуў.
dlga_start:lord_start.3|Што ж, {playername}...
dlga_lord_start:lord_start|{s42}
dlga_lord_start:lord_generic_mission_completed|Твой хірург пераканаў майго сябра зрабіць аперацыю. Цяпер усё ў Божых руках, нам застаецца толькі маліцца. У любым выпадку дзякуй, што дазволіў мне скарыстацца паслугамі твайго лекара, {спадар / мілая спадарыня}. Я ніколі гэтага не забуду.
dlga_lord_start:lord_generic_mission_completed.1|Небарака {s3}, наш маленькі змова супраць яго выдатна спрацаваў, {playername}. Гэты дурань страціў аднаго са сваіх самых важных дваран, і мы на крок бліжэй да таго, каб паставіць яго на калені. Вось, трымай, у гэтым кашалі {reg5} талераў. Наўрад ці трэба нагадваць, што пры жаданні ты зможаш зарабіць больш, значна больш...
dlga_lord_start:close_window|Ты не справіўся з найпростым заданнем. Я ж усё арганізаваў! Адзінае, што трэба было зрабіць, гэта забіць ганца, і цяпер мы б святкавалі перамогу. Але не, як жа-ты ж па-чартоўску высакародны!
dlga_lord_start:quest_meet_spy_in_enemy_town_completed|Ёсць навіны аб маім заданні? Ты ведаеш, пра што я...
dlga_quest_meet_spy_in_enemy_town_completed:quest_meet_spy_in_enemy_town_completed_2|Паперы ў мяне з сабой.
dlga_quest_meet_spy_in_enemy_town_completed_2:lord_pretalk|А, выдатна! Прыемна мець справу з кампетэнтнымі людзьмі. Вось абяцаная плата.
dlga_lord_start:lord_pretalk|Выдатная праца, {playername}! Налёты на абозы і праўда прыцягнулі іх увагу. Толькі што я атрымаў паведамленне, што {s13} аб'яўляе вайну! Прыйшла пара пажынаць плён нашай ўпартай працы, {playername}! Гэтая вайна зробіць нас па-сапраўднаму багатымі, памятай мае словы!
dlga_lord_start:lord_pretalk.1|Якога Лесавіка ты вырашыў, што трапіцца на распальванні вайны - гэта выдатная ідэя? На распрацоўку гэтых планаў сышло некалькі месяцаў, і вось усё пайшло прахам! Я гэтага не забуду, {playername}. Ужо будзь упэўнены-ніколі не забуду.
dlga_lord_start:lord_collect_debt_completed|Мне далажылі, што табе ўдалося забраць грошы, якія мне завінаваціўся {s7}. Даўно было пара за яго ўзяцца. Так што я абяцаў адну пятую ад агульнай сумы, ці не так? Вярні мне маю долю - {reg4} талераў. Астатнія {reg3} талераў можаш пакінуць сабе.
dlga_lord_collect_debt_completed:lord_collect_debt_pay|Вядома, {s65}. Вось твае грошы - {reg4} талераў срэбрам.
dlga_lord_collect_debt_pay:lord_pretalk|Трэба прызнаць, я прыемна здзіўлены, {playername}. Я ўжо страціў усякую надзею вярнуць грошы. Прымі маю шчырую падзяку.
dlga_lord_collect_debt_completed:lord_collect_debt_no_pay|Баюся, спадар, што грошай у мяне няма.
dlga_lord_collect_debt_no_pay:close_window|Гэта што, жарт? Я выдатна ведаю, што {s7} даў табе грошы, і я хачу атрымаць кожны талер, які ён мне завінаваціўся, {пане / мілая Панна}. Давай вось як паступім: пакуль я не ўбачу сваіх грошай, ты асабіста будзеш мне іх павінен.
dlga_lord_start:close_window.1|Я чуў, ты пазбавіўся ад гэтага нязноснага гандляра, які так мне дапякаў. Гляджу, ты не баішся запэцкаць ручкі, га? Гэта якасць я ў людзях цаню. Вось Узнагарода. Памятай, {playername}: трымайся мяне, і ты далёка пойдзеш, вельмі далёка.
dlga_lord_start:close_window.2|А, гэта ты. Адукуй мяне, як, ну як можна было прайграць найпросты бой бруднаму гандляру? Скажу шчыра - калі мне раптам ўздумаецца навучыць сваю варту класціся і паміраць, я прыйду менавіта да цябе. Пакінь мяне, {playername}, у мяне шмат спраў.
dlga_lord_start:lord_kill_local_merchant_let_go|У цябе што, пілавінне замест мазгоў? Калі я кажу забіць гандляра, па-твойму, я маю на ўвазе пагутарыць з ім і адпусціць? Што на цябе знайшло?
dlga_lord_kill_local_merchant_let_go:lord_kill_local_merchant_let_go_2|Пане, ён пакляўся мне, што надалей не будзе дзейнічаць табе на шкоду.
dlga_lord_kill_local_merchant_let_go_2:lord_pretalk|Лухта якая. Замест таго каб чытаць яму пропаведзі, прыбраў бы яго па-ціхаму і ўсе справы. І маліся, каб ён не парушыў слова, інакш вам абодвум прыйдзецца пра гэта пашкадаваць. Вось палова ўзнагароджання. І ні слова Больш, {playername}, - радуйся таму, што атрымаў. Мне не патрэбныя людзі, якія не ўмеюць выконваць загады.
dlga_lord_start:lord_follow_spy_completed|Выдатная праца, {playername}! Ты здолеў захапіць і шпіёна, і яго наймальніка! Гэтая парачка ўжо ў мяне ў падзямелле, чакае допыту. А майму кату прыйдзецца сёння ноччу папрацаваць! У любым выпадку, я вельмі задаволены вынікам, {playername}. Прымі гэты кашэль у знак маёй удзячнасці.
dlga_lord_start:lord_follow_spy_half_completed|Гром цябе разразі! Мне патрэбныя былі два палонныя, {playername}, а адзін-усё роўна, што нічога! Я і так ведаю ўсё, што ведае шпіён. Мне патрэбен быў яго наймальнік. За полработы табе належыць палова ўзнагароджання. Бяры, і прэч з вачэй маіх.
dlga_lord_start:lord_follow_spy_half_completed.1|Я прасіў прывесці двух палонных, {playername}, а не аднаго. Два. Зрэшты, я мяркую, ты захапіў наймальніка шпіёна, а ён куды важней для мяне. Шпіён не адважыцца вярнуцца сюды і апынецца бескарысны для таго, каму ён служыць. Аднак мяркую, ты зразумееш мяне, калі я заплачу толькі палову абяцанага ўзнагароджання.
dlga_lord_start:lord_follow_spy_failed|Да уж, {playername}, ты праявіў проста цуды няспрытнасці. Выпусціць і шпіёна, і яго наймальніка - гэта рэдкае нешанцаванне. Забудзься пра ўзнагароду. Ты нічым яе не заслужыў.
dlga_lord_follow_spy_half_completed:lord_pretalk|Я стараюся як магу, {s65}.
dlga_lord_follow_spy_completed:lord_pretalk|Дзякую, {s65}.
dlga_lord_follow_spy_failed:lord_pretalk|Як будзе заўгодна, {s65}.
dlga_lord_start:lord_generic_mission_completed.2|Будзь Я пракляты, як табе гэта ўдалося, {playername}?! Усе мае смерды вярнуліся і рыхтуюцца да збору ўраджаю. Ты, бясспрэчна, заслужыў узнагароду. Вось, прымі разам з маёй удзячнасцю.
dlga_lord_start:lord_bring_back_runaway_serfs_failed|{playername}. Я чакаў атрымаць прыгонных, але ніхто з іх так і не вярнуўся. І як ты гэта патлумачыш? Можа быць, мужланы абвялі цябе вакол пальца, ці табе не хапіла розуму? Ці, магчыма, ты згаварыўся з маімі ворагамі і хочаш мяне спустошыць?
dlga_lord_bring_back_runaway_serfs_failed:lord_bring_back_runaway_serfs_failed_1a|Прабач, {s65}, але гэта мужыцкае-яны слізкія як вугры, не зловіш.
dlga_lord_bring_back_runaway_serfs_failed:lord_bring_back_runaway_serfs_failed_1b|Трэба было лепш з імі абыходзіцца...
dlga_lord_bring_back_runaway_serfs_failed_1a:lord_pretalk|Наўрад ці гэта апраўдвае твой правал, {playername}. А цяпер ідзі, мне трэба шукаць новых людзей для палявых работ, пакуль на маіх землях не пачаўся голад.
dlga_lord_bring_back_runaway_serfs_failed_1b:close_window|Ага, цяпер-то твая подласць раскрылася ва ўсёй красе, здраднік! Твае словы выдатна адпавядаюць тваім дзеянням. З самага пачатку не варта было табе давяраць.
dlga_lord_start:lord_runaway_serf_half_completed|Ты мяне расчароўваеш, {playername}. Я загадаў табе вярнуць тры групы прыгонных. Тры. А не {reg17}. Я мяркую, тым, хто вярнуўся, прыйдзецца цяпер працаваць удвая больш упарта, за сябе і за астатніх. Што ж да ўзнагароджання, {playername}, то я заплачу толькі за тых, каго ты вярнуў. Вось грошы. Бяры, і давай скончым з гэтай справай.
dlga_lord_runaway_serf_half_completed:lord_pretalk|Дзякую, {s65}.
dlga_lord_runaway_serf_half_completed:lord_pretalk.1|Так, мой час марна...
dlga_lord_start:lord_deal_with_bandits_completed|{playername}, мне паведамілі, што ты знішчыў разбойнікаў у маёй вёсцы {s5}. Вельмі ўдзячны табе за гэта. Дазволь мне аплаціць твае выдаткі. Я спадзяюся, такой сумы будзе дастаткова? Тут {reg14} талераў.
dlga_lord_deal_with_bandits_completed:lord_pretalk|Выдатна, {s65}.
dlga_lord_deal_with_bandits_completed:lord_pretalk.1|Заўсёды да вашых паслуг.
dlga_lord_deal_with_bandits_completed:lord_pretalk.2|Па мне - так дзіцячая забава. 
dlga_lord_start:lord_pretalk.2|Будзь ты пракляты, {playername}! Я чуў, што ты не справіўся з бандытамі і не змог выставіць іх з маёй вёскі. Цяпер {s5} выглядае як папялішча. Усе вакол казалі, што ты ўмееш змагацца... Падобна на тое, яны памыляліся.
dlga_lord_start:lord_deliver_cattle_to_army_thank|{playername}, мой інтэндант паведаміў, што ты даставіў быдла. Не ведаю, у хвастах іх мераць або ў галовах, але і таго, і іншага па {reg13} штук. Я ўражаны. Дзякуй.
dlga_lord_deliver_cattle_to_army_thank:lord_pretalk|Калі ласка, {s65}.
dlga_lord_deliver_cattle_to_army_thank:lord_pretalk.1|Заўсёды да вашых паслуг.
dlga_lord_deliver_cattle_to_army_thank:lord_pretalk.2|Чаго ўжо там... Гэта было нескладана.
dlga_lord_start:lord_scout_waypoints_thank|З цябе атрымаўся добры лазутчык, {playername}. Мой ганец толькі што прынёс данясення аб тваёй працы ў {s13}, {s14} і {s15}. Добра.
dlga_lord_scout_waypoints_thank:lord_pretalk|Гэта было нескладана, {s65}.
dlga_lord_scout_waypoints_thank:lord_pretalk.1|Такая праца як раз па мне.
dlga_lord_scout_waypoints_thank:lord_pretalk.2|Мне ў радасць аказваць падобныя паслугі.
dlga_lord_start:lord_mission_told_deliver_cattle_to_army|Правіянт занадта хутка вычэрпваецца, {playername}. Каб пракарміць войскі, мне хопіць {reg3} галоў жывёлы. Мне абыякава, дзе ты возьмеш быдла, проста прыгані мне яго як мага хутчэй.
dlga_lord_mission_told_deliver_cattle_to_army:lord_mission_told_deliver_cattle_to_army_accepted|Вядома, я магу знайсці жывёлу.
dlga_lord_mission_told_deliver_cattle_to_army:lord_mission_told_deliver_cattle_to_army_rejected|Шкада, але ў мяне ёсць іншыя справы.
dlga_lord_mission_told_deliver_cattle_to_army_accepted:close_window|Выдатна! Ты ведаеш, што рабіць, {playername}, так прыступай. Мне патрэбен быдла - і чым хутчэй, тым лепш.
dlga_lord_mission_told_deliver_cattle_to_army_rejected:close_window|Вельмі... вельмі шкада, {playername}. Давядзецца мне знайсці для гэтай працы кагосьці іншага. А цяпер ідзі, я заняты.
dlga_lord_start:lord_report_to_army_asked|А, нарэшце-то прыбыў, {playername}. Мы чакалі цябе. Я спадзяюся, ты прывёў з сабой досыць дасведчаных ваяроў.
dlga_lord_report_to_army_asked:lord_report_to_army_completed|Са мной прыбыў атрад выдатных хлопцаў, загартаваных ваяк. Мы гатовыя да цябе далучыцца.
dlga_lord_report_to_army_asked:lord_report_to_army_continue|У мяне пакуль недастаткова воінаў. Мне трэба яшчэ трохі часу.
dlga_lord_report_to_army_completed:close_window|Выдатна. Я паведамлю, калі ў мяне з'явіцца заданне для цябе. А пакуль ідзі за намі неадступна, трымайся бліжэй. Мы хутка вылучаемся.
dlga_lord_report_to_army_continue:close_window|Тады лепш паспяшацца. Мы хутка выступаем на ворага, і мне спатрэбяцца ўсе даступныя ваяры.
dlga_lord_start:lord_mission_told_scout_waypoints|{playername}, я шукаю добраахвотніка для разведкі наваколляў. Мы вельмі мала ведаем, а мне абавязкова трэба ўяўляць сабе агульную карціну, перш чым прымаць нейкія рашэнні. Адпраўляйся ў паселішчы {s13}, {s14} і {s15}, а затым дакладзі мне пра ўсё, што выявіш.
dlga_lord_mission_told_scout_waypoints:lord_mission_told_scout_waypoints_accepted|Пагадзіцца
dlga_lord_mission_told_scout_waypoints:lord_mission_told_scout_waypoints_rejected|Адмовіцца
dlga_lord_mission_told_scout_waypoints_accepted:close_window|Абследуй тэрыторыю паблізу {s13}, {s14} і {s15}. Растлумач, што там адбываецца, і вазьмі на заметку ўсё, што выявіш. Затым вяртайся да мяне.
dlga_lord_mission_told_scout_waypoints_rejected:lord_pretalk|Хм. Я расчараваны, {playername}. Вельмі расчараваны. Пагаворым пазней, цяпер мне трэба знайсці іншага лазутчыка.
dlga_lord_generic_mission_thank:lord_generic_mission_completed|Ты мне вельмі дапамог, {playername}. Прымі маю падзяку.
dlga_lord_generic_mission_completed:lord_pretalk|Для мяне гонар служыць табе.
dlga_lord_start:lord_pay_debt_2|Мне здаецца, ты павінен мне {reg1} талераў, {playername}. Магу я разлічваць на пагашэнне доўгу?
dlga_lord_pay_debt_2:lord_pay_debt_3_1|Для гэтага я тут, {s65}. Вось, вазьмі-тут увесь мой абавязак да апошняга мядзяка.
dlga_lord_pay_debt_2:lord_pay_debt_3_2|На жаль, я цяпер на мелі, {s65}. Але я хутка ўсё аддам.
dlga_lord_pay_debt_3_1:lord_pretalk|Аб, выдатна. Ты чалавек гонару, {playername}. Я задаволены, ты ўсё вярнуў спаўна.
dlga_lord_pay_debt_3_2:lord_pretalk|Добра, але не прымушай мяне чакаць занадта доўга.
dlga_lord_start:lord_buy_prisoner|Кажуць, наш вораг, {s3}, трапіў да цябе ў палон. Я не пашкадую за яго {reg6} талераў, калі ты хочаш ад яго пазбавіцца. Вядома, вы можаце пачакаць, пакуль яго сям'я не заплаціць выкуп, але хто ведае, як доўга яны будуць збіраць грошы?
dlga_lord_buy_prisoner:lord_buy_prisoner_accept|Я прымаю вашу прапанову. Я перадам табе {s3} за {reg6} талераў.
dlga_lord_buy_prisoner:lord_buy_prisoner_deny|Баюся, я не магу прыняць гэтую прапанову.
dlga_lord_buy_prisoner_accept:lord_pretalk|Выдатна! Вось кашэль з {reg6} талерамі. Я пашлю людзей, каб яны без прамаруджання адвялі яго ў маю вязніцу.
dlga_lord_buy_prisoner_deny:lord_pretalk|М-м-м... як пажадаеш, {playername}, але больш шчодрага прапановы ты наўрад ці дачакаешся. Так што згаджайся.
dlga_lord_start:lord_talk|Слухаць.
dlga_lord_pretalk:lord_talk|Што-небудзь яшчэ?
dlga_hero_pretalk:lord_talk|Што-небудзь яшчэ?
dlga_lord_talk:lord_lend_companion_end|{s14} - мой чалавек,і мне хацелася б атрымаць {reg3?яе: яго} назад, {s65}, калі ты больш не маеш патрэбу ў {reg3?яе: яго} паслугах.
dlga_lord_lend_companion_end:lord_pretalk|У цябе ў атрадзе ўжо занадта шмат воінаў, {playername}. Ты не зможаш весці больш людзей, чым цяпер. 
dlga_lord_lend_companion_end:lord_pretalk.1|Вядома, {playername}. {reg3?Яна тлумачальная дзяўчына: ён тлумачальны хлопец}, табе пашанцавала са спадарожнікамі.
dlga_lord_talk:lord_ask_to_collect_debt|Я тут, каб спагнаць грошы, якія табе пазычыў {s1}.
dlga_lord_ask_to_collect_debt:lord_ask_to_collect_debt_2|Вось як... Так, {s1} пазычыў мне грошай на зваротны шлях, але я ў мінулым аказаў яму нямала паслуг і лічу, што мы ў разліку.
dlga_lord_ask_to_collect_debt_2:convince_begin|{s1} лічыць, што ты ў яго ў абавязку.
dlga_lord_ask_to_collect_debt_2:lord_pretalk|Тады я больш не буду настойваць.
dlga_convince_accept:close_window|{s8} сапраўды даў мне пазыку, і тэрмін выплаты даўно мінуў, так што я адчуваў сябе вельмі нязручна. Я рады, што ты можаш аднесці яму грошы. Калі ласка, перадай яму кашэль. Тут {reg10} талераў.
dlga_lord_talk:lord_ask_to_make_peace|Я лічу, што вайну, якую вядуць паміж сабой {s12} і {s13}, даўно пара спыніць, {s64}!
dlga_lord_ask_to_make_peace:lord_ask_to_make_peace_2|А? Баюся, я не занадта добра пачуў, {playername}. Нельга проста ўзяць і забыцца пра вайну, тым больш, у мяне выдатная памяць. З якой нагоды мне заключаць мір з гэтымі нягоднікамі?
dlga_lord_ask_to_make_peace_2:convince_begin|Магчыма, я змагу цябе ўгаварыць...
dlga_lord_ask_to_make_peace_2:lord_pretalk|Нічога не зробіш, усім цяпер не да міру.
dlga_convince_accept:close_window.1|Ты пераканаў мяне, {playername}. Добра, я даю сваё дабраславеньне, перадай {s14} прапанову аб свеце. Яны могуць яго не прыняць, але калі пагодзяцца, то і я згодны на свет.
dlga_lord_talk:potop_deliver_swedish_troops|Я пра шведаў...
dlga_lord_talk:potop_defend_monastery_done|Я пра манастыр...
dlga_lord_talk:potop_defend_monastery_done_failed|Я пра манастыр...
dlga_lord_talk:potop_deliver_swedish_troops_reward|Я пра вязня шведа... 
dlga_lord_talk:oim_lendliz_talk_to_naum|Вось тут у мяне тавары, якія табе маскоўскі цар перадаў.
dlga_lord_talk:lord_challenge_duel_for_lady|Кажуць, ты ганьбіш {s1}. Табе прыйдзецца ўзяць свае словы назад!
dlga_lord_challenge_duel_for_lady:lord_challenge_duel_for_lady_2|Ганьбу? Ды ўсе ведаюць, што яна спіць са сваімі конюхамі і з любым, да каго паспее дацягнуцца, пакуль яе муж у ад'ездзе. Я толькі паўтараю тое, пра што кажуць усе...
dlga_lord_challenge_duel_for_lady_2:lord_challenge_duel_for_lady_3|Спыні распускаць чуткі, ці я выклічу цябе на дуэль!
dlga_lord_challenge_duel_for_lady_2:lord_pretalk|Хм... Гэтага я не ведаў.
dlga_lord_challenge_duel_for_lady_3:close_window|Ты прапануеш дуэль? Вось пацеха! Як пажадаеш, {playername}, я выдатна разамнуся, размазжыўшы тваю башку!
dlga_lord_talk:lord_message_delivered|{s9} перадае табе ліст.
dlga_lord_message_delivered:lord_pretalk|Праўда? Дай-ка паглядзець... Ну і ну! Дзякуй, {playername}. Вазьмі маю пячатку ў якасці доказу, што я атрымаў пасланне, і перадай {s9} мой прывітанне.
dlga_lord_talk:lord_message_delivered_enemy|{s9} перадае табе ліст.
dlga_lord_message_delivered_enemy:close_window|Праўда? Дай-ка паглядзець... Хм-м-м... Дзякуй, {playername}. Вазьмі маю пячатку ў якасці доказу, што я атрымаў пасланне. Дзякую Табе.
dlga_lord_talk:lord_deliver_message_prisoner|{s11} перадае табе ліст.
dlga_lord_deliver_message_prisoner:lord_deliver_message_prisoner_2|Праўда?! Аб, дзякую, {playername}! Ты прынёс надзею і маленечкі праменьчык святла ў гэтыя маркотныя сцены. Можа быць, аднойчы я здолею цябе аддзячыць...
dlga_lord_deliver_message_prisoner_2:lord_deliver_message_prisoner_2a|Гэта самае малое, што я мог зрабіць, {s65}.
dlga_lord_deliver_message_prisoner_2a:close_window|Словамі не выказаць маю падзяку, {playername}. Дзякуй, дзякуй!
dlga_lord_deliver_message_prisoner_2:lord_deliver_message_prisoner_2b|Не турбуйся, {s65}. У цябе яшчэ будзе шанец аддзячыць мяне, калі апынешся на волі.
dlga_lord_deliver_message_prisoner_2b:close_window|Ах, вядома ж, {playername}. Мая падзяка будзе з табой вечна.
dlga_lord_talk:lord_rescue_by_replace_offer|Не бойся, я тут, каб выратаваць цябе.
dlga_lord_rescue_by_replace_offer:lord_rescue_by_replace_offer_2|Божа мой, ты сур'ёзна? У цябе ўжо ёсць план?
dlga_lord_rescue_by_replace_offer_2:lord_rescue_by_replace_offer_3|Прасценькая выкрут, {s65}. Мы памяняемся адзеннем, і я застануся ў вязніцы, а ты ўцячэш у маім уборы. Сёння стражнікі атрымалі прыстойную суму, так што, думаю, яны ўжо скупілі палову вінных харчоў у суседнім карчме. Калі нам крыху пашанцуе, яны неўзабаве нап'юцца да такой ступені, што сваіх уласных маці не адрозняць, не тое што нас. І яны наўрад ці хутка працверазеюць.
dlga_lord_rescue_by_replace_offer_3:lord_rescue_by_replace_offer_4|Хм-м, можа быць, гэта і спрацуе... Але як жа ты, {мой сябар / Мая мілая}? Наўрад ці вартаўнікам спадабаецца гэты трук. Што яны з табой зробяць, калі ўсё высветліцца?!
dlga_lord_rescue_by_replace_offer_4:lord_rescue_by_replace_offer_5a|Няма пра што турбавацца, {s65}. Я ўжо пачынаю прывыкаць да гэтага месца.
dlga_lord_rescue_by_replace_offer_4:lord_rescue_by_replace_offer_5b|Пакуль я ведаю, якая ўзнагарода чакае мяне ў канцы, са мной усё будзе ў парадку.
dlga_lord_rescue_by_replace_offer_5a:lord_rescue_by_replace_offer_6|У цябе адважная душа. Я не забуду твайго ўчынку.
dlga_lord_rescue_by_replace_offer_5b:lord_rescue_by_replace_offer_6|Вядома, {мой сябар / мілая Панна}, вядома! Прыходзь да мяне, як толькі вызвалішся, і, хутчэй за ўсё, я змагу адплаціць дабром за дабро.
dlga_lord_rescue_by_replace_offer_6:close_window|Хутчэй жа, {s65}, давай мяняцца адзеннем. Табе даўно пара адсюль знікнуць.
dlga_lord_talk:lord_ask_pardon_after_oath_renounced|Я хачу, каб {s4} зноў прыняў маю прысягу, {s66}.
dlga_lord_ask_pardon_after_oath_renounced:lord_pretalk|Баюся, тут я табе не памочнік, {playername}. Толькі сам {s4} вольны вырашыць, што з табой рабіць.
dlga_lord_ask_pardon_after_oath_renounced:lord_ask_pardon_terms|{s11}.
dlga_lord_ask_pardon_terms:lord_pretalk|Як пажадаеш, {s65}. Я прыму любое рашэнне.
dlga_lord_ask_pardon_terms:lord_pretalk.1|Крыўдна, {s65}. Прыкра.
dlga_lord_ask_pardon_terms:lord_pretalk.2|Вельмі добра, ідзі і памірай без мяне.
dlga_lord_ask_pardon_terms:lord_ask_pardon_after_renounce_peace|Так, я да тваіх паслуг.
dlga_lord_ask_pardon_terms:lord_ask_pardon_terms_rejected|Па сталым разважанні я адмаўляюся. Я не хачу больш табе служыць.
dlga_lord_ask_pardon_terms:lord_ask_pardon_after_renounce_peace.1|Так, мяне задавальняюць гэтыя ўмовы.
dlga_lord_ask_pardon_terms:lord_ask_pardon_terms_rejected.1|Кошт занадта высокая, {S65}. Мне давядзецца адмовіцца.
dlga_lord_ask_pardon_after_renounce_peace:lord_pretalk|Выдатна. Хоць ты і адбіўся ад нас, {playername}, нашы сэрцы радуюцца, што ты вярнуўся на шлях праўдзівы. Сім аднаўляю тваю прысягу мне. Паўстань жа зноў як сумленны воін у мяне на службе.
dlga_lord_ask_pardon_terms_rejected:close_window|Тады прэч з вачэй маіх, подлае адроддзе! Прэч адсюль, і ніколі не вяртайся!
dlga_lord_talk:lord_ask_pardon|Я хацеў бы заключыць мір з {s4}.
dlga_lord_ask_pardon:lord_pretalk|Ты сур'ёзна, {playername}? Тады ідзі і здабудзь свет для ўсіх нас сваім клінком.
dlga_lord_ask_pardon:lord_pretalk.1|{playername}, ты - {дваранін / дваранін} без Уладара, ты кіруеш ад свайго імя, не з'яўляючыся падданым ніводнай дзяржавы. Пакуль гэтая сітуацыя не зменіцца, ні адзін кіраўнік не пагодзіцца заключыць з табой мір.
dlga_lord_ask_pardon:lord_ask_pardon_2|Хм-м. я мог бы выкарыстаць свой уплыў, каб дамовіцца аб тваім прабачэнні, {playername}, але твае ворагі не будуць задаволеныя, пакуль ты не выплаціш даніну. Увогуле, табе трэба прынесці не менш {reg16} талераў, каб завесці хоць бы нейкіх сяброў у {s4}.
dlga_lord_ask_pardon_2:lord_ask_pardon_tribue_accept|У мяне ёсць такія грошы. {reg16} талераў.
dlga_lord_ask_pardon_2:lord_ask_pardon_tribue_deny|Баюся, такую суму я выплаціць не змагу.
dlga_lord_ask_pardon_tribue_accept:close_window|Выдатна, {playername}. Я выкарыстоўваю гэтыя грошы, каб змякчыць гнеў нядобразычліўцаў. Будзь спакойны, неўзабаве пройдзе пагалоска, што ты боле не вораг {s4}.
dlga_lord_ask_pardon_tribue_deny:lord_pretalk|Тады я нічога не магу зрабіць, {playername}. Няма грошай-няма прабачэння.
dlga_lord_talk:lord_active_mission_1|Што тычыцца задання, якое Ты даў мне...
dlga_lord_talk:lord_pay_mercenary|Я толькі нагадваю пра неабходнасць штотыднёвай аплаты маёй службы.
dlga_lord_pay_mercenary:lord_pay_mercenary_2|Хм, паглядзім... Паводле дакладу канцлера, табе належыць {reg8} талераў. Вось грошы.
dlga_lord_pay_mercenary_2:lord_pretalk|Дзякую, {спадар / спадарыня}.
dlga_lord_talk:lord_request_mission_ask|У цябе ёсць для мяне заданне?
dlga_lord_talk:lord_ask_enter_service|Я хачу паступіць да цябе на службу, {s66}!
dlga_lord_talk:lord_ask_enter_service.1|Я хачу прысягнуць табе на вернасць і змагацца за цябе, {s66}.
dlga_lord_talk:lord_ask_leave_service|Я жадаю вызваліцца ад клятвы, {s66}.
dlga_lord_talk:oim_mehmet_ask_leave_service|Я хачу пакінуць службу.
dlga_lord_talk:lord_talk_preoffer|У мяне ёсць прапанова.
dlga_lord_talk:oim_potop_follow_me|У мяне ліст ад караля... 
dlga_lord_talk:oim_potop_start_qst_shtirlic_dlg|Выклікаў, васпан?
dlga_lord_talk:oim_potop_leave_rp|Я хачу вызваліць сябе ад прысягі.
dlga_lord_talk:oim_potop_soyuznichek|Я пра гэта гавару, Гануля.
dlga_lord_talk:oim_potop_kshetuskiy_start_dlg|У мяне да цябе справа...
dlga_lord_talk:oim_potop_soyuznichek_finish|Маскоўскія гарады ўпалі!
dlga_lord_talk:oim_potop_soyuznichek_last_dlg|Хан Цяпер наш саюзнік!
dlga_lord_talk:oim_potop_kmitic_start_dlg|У мяне да цябе справа...
dlga_lord_talk:oim_potop_kshetuskiy_last_dlg|Прымай каня, дружа.
dlga_lord_talk:oim_potop_capture_lord|Я з нагоды твайго даручэння.
dlga_lord_talk:oim_potop_volodievskiy_start_dlg|У мяне да цябе справа...
dlga_lord_talk:oim_potop_volodievskiy_letter_dlg|І яшчэ, пан Міхал...
dlga_lord_talk:oim_potop_volodievskiy_last_dlg|Я прывёз тваю нявесту, пан.
dlga_lord_talk:oim_potop_end_quest_warshaw|Варшава зноў наша!
dlga_lord_talk:oim_potop_start_elections|Я гатовы да выбараў.
dlga_lord_talk:oim_potop_mission_impossible_start|Ну вось, цяпер я каронны гетман!
dlga_lord_talk:oim_potop_mission_impossible_last|Гарады пад нашым кантролем!
dlga_lord_talk:oim_potop_capture_tzar_last_dlg|Я з нагоды палоннага маскоўскага цара...
dlga_lord_talk:oim_potop_universal_delivered|Вось, кароль, паглядзі на гэты ўніверсал...
dlga_lord_talk:oim_lendliz_talk_to_naum2|Я з нагоды абозу...
dlga_lord_talk:oim_potop_intro_to_the_quest|Раскажы мне, што цяпер дзеецца ў Рэчы Паспалітай?
dlga_lord_talk:oim_getman_defend_villages_report|Я абараніў сяло!
dlga_lord_talk:oim_getman_nesviz_location_redz|Гасудар, а дзе знаходзіцца радавая пахавальня Радзівілаў?
dlga_lord_talk:oim_getman_nesviz_location_lord|Пане, а ці не ведаеш ты, дзе знаходзіцца пахавальня Радзівілаў?
dlga_lord_talk:oim_getman_buy_book_pufnutiy_search|Вы ведаеце каго-небудзь, хто чытае старажытныя мовы? Мне трэба прачытаць адну кнігу.
dlga_lord_talk:oim_getman_kozak_legends_init_dlgs|Будзь здаровы, дружа. Падкажы, хто з казакоў добра ведае старадаўнія легенды?
dlga_lord_talk:oim_getman_za_barabasha_lords_dlg|Я б хацеў пагаварыць з табой пра будучыню казацкай дзяржавы.
dlga_lord_talk:oim_getman_hmel_barabash_story|Што скажаш мне пра Барабаша, гетман?
dlga_lord_talk:oim_getman_hmel_letter_captured|Ты меў рацыю наконт Барабаша...
dlga_lord_talk:oim_getman_hmel_casus_beli_dlg|Выклікаў?
dlga_lord_talk:oim_getman_barabash_casus_beli_dlg|Выклікаў?
dlga_lord_talk:oim_getman_hmel_casus_beli_end_dlg|Нашы ворагі пераможаны!
dlga_lord_talk:oim_getman_hmel_casus_beli_end_dlg.1|Ворагі пераможаны!
dlga_lord_talk:oim_getman_hmel_korna_finded|Карона знойдзена!
dlga_lord_talk:oim_getman_hmel_election_end_dlg|Мае віншаванні, князь.
dlga_lord_talk:oim_dmitriy_initial_dlg|Параі мне, як заваяваць гонар і славу.
dlga_lord_talk:oim_dmitriy_loot_villages_end_dlg|Справа зроблена...
dlga_lord_talk:oim_dmitriy_eleonora_delivered_shwed|Я даставіў Элеанору...
dlga_lord_talk:oim_dmitriy_eleonora_delivered_odoevskiy|Я даставіў Элеанору...
dlga_lord_talk:oim_dmitriy_leter_delevered_msk|Я даставіў табе ліст...
dlga_lord_talk:oim_dmitriy_leter_delevered_shwed|Я даставіў табе ліст...
dlga_lord_talk:oim_dmitriy_aletina_hanum_murza_dlg|Я тут па даручэнні Баярына Мікіты Адоеўскага. Ён жадае вярнуць дачку дадому.
dlga_lord_talk:oim_dmitriy_tsar_elections|Хачу пагаварыць з табой.
dlga_lord_talk:lord_give_troops|Я хачу перадаць табе частку войска.
dlga_lord_give_troops:lord_pretalk|Добра, Мне як раз не хапае добрых байцоў. Дзякуй.
dlga_lord_talk:lord_give_order_ask|У мяне ёсць для цябе новае заданне.
dlga_lord_give_order_ask:lord_give_order|Так?
dlga_lord_give_order:lord_give_order_answer|Ідзі за мной.
dlga_lord_give_order:lord_give_order_details_ask|Адпраўляйся ў...
dlga_lord_give_order:lord_give_order_details_ask.1|Здзейсні налёт на вёску...
dlga_lord_give_order:lord_give_order_details_ask.2|Патрулююць наваколлі...
dlga_lord_give_order:lord_give_order_stop|Некаторы час ты не будзеш мне патрэбны. Можаш заняцца сваімі справамі.
dlga_lord_give_order:lord_pretalk|Назад
dlga_lord_give_order_details_ask:lord_give_order_details|Я слухаю...
dlga_lord_give_order_details:lord_give_order_answer|{s1}
dlga_lord_give_order_details:lord_pretalk|Назад
dlga_lord_give_order_stop:lord_pretalk|Добра. Я так і зраблю.
dlga_lord_give_order_answer:lord_pretalk|Прабач, але мне цяпер трэба заняцца сваімі справамі.
dlga_lord_give_order_answer:lord_give_order_answer_2|.
dlga_lord_give_order_answer_2:close_window|Я зраблю гэта.
dlga_lord_give_order_answer_2:lord_pretalk|Мне вельмі шкада, але гэта немагчыма.
dlga_lord_talk:lord_give_order_call_to_arms_verify|Я збіраюся ў новы паход. Давай збярэм тут войска.
dlga_lord_give_order_call_to_arms_verify:lord_give_order_call_to_arms_verify_2|Вы хочаце сабраць войскі для новай кампаніі?
dlga_lord_give_order_call_to_arms_verify_2:lord_give_order_call_to_arms|Так, трэба сабраць усе нашы сілы, перш чым мы выступім на ворага.
dlga_lord_give_order_call_to_arms_verify_2:lord_pretalk|Па некаторым разважанні, няма неабходнасці заклікаць усіх і кожнага.
dlga_lord_give_order_call_to_arms:lord_pretalk|Добра. Я разашлю ганцоў з загадам прыбыць сюды.
dlga_lord_talk:lord_give_order_disband_army_verify|Я хачу завяршыць гэтую кампанію і распусціць усіх па дамах.
dlga_lord_give_order_disband_army_verify:lord_give_order_disband_army_2|Ты хочаш скончыць паход і адпусціць атрады?
dlga_lord_give_order_disband_army_2:lord_give_order_disband_army|Так. Усе сілы тут нам больш не патрабуюцца.
dlga_lord_give_order_disband_army_2:lord_pretalk|Па некаторым разважанні, лепш пакуль трымацца разам.
dlga_lord_give_order_disband_army:lord_pretalk|Добра. Я дам усім ведаць, што яны могуць быць вольныя.
dlga_lord_talk:lord_talk_ask_something|Я хачу нешта спытаць.
dlga_lord_talk:oim_lord_sp_task|Я не супраць выканаць асаблівае даручэнне.
dlga_lord_talk_ask_something:lord_talk_ask_something_2|Што?
dlga_lord_talk_ask_something_2:lord_talk_ask_location|Мне трэба даведацца, дзе знаходзіцца адзін чалавек.
dlga_lord_talk_ask_something_2:lord_tell_objective|Што ты і твае людзі тут робіце?
dlga_lord_talk_ask_something_2:lord_talk_ask_about_war|Раскажы мне пра вайну.
dlga_lord_talk:lord_find_zagloba_dlg|Можа, падкажаш мне, як дапамагчы Рэчы Паспалітай?
dlga_lord_talk:lord_king_delivered_letter_oim|Табе ліст...
dlga_lord_talk:oim_potop_letter_back_to_the_rp|Ну што, пагаворым аб вяртанні... 
dlga_lord_talk:oim_potop_marshal_elections|Я б хацеў пагаварыць пра выбары...
dlga_lord_talk:oim_potop_lord_talk_support_elections|Я б хацеў пагаварыць пра выбары...
dlga_lord_talk:oim_potop_zagloba_uprising|Здрада, васпан!
dlga_lord_talk:oim_potop_zagloba_uprising_lord_dlg|Што табе вядома пра мяцеж?
dlga_lord_talk:lord_dlg_king_dismiss|Я б хацеў пагаварыць пра нашага караля...
dlga_lord_talk:oim_getman_asking_about_getman|Што табе вядома аб чорным Гетмане?
dlga_lord_talk:oim_getman_kozaks_service_dlg|Чуў я, што табе вядомая таямніца Чорнага Гетмана.
dlga_lord_talk:oim_biyars_specnaz_init_dlg|Адкажы мне, баярын, ці задаволены ты царом Аляксеем Міхайлавічам?
dlga_lord_talk:oim_alevtina_delivered_dlg|Я даставіў Аляўціну, баярын...
dlga_lord_talk:oim_dmitriy_voevoda_talk|Што скажаш, ваявода?
dlga_lord_talk_ask_something_2:lord_pretalk|Не мае значэння.
dlga_lord_talk_ask_location:lord_talk_ask_location_2|Добра. Не абяцаю, што ведаю адказ, але Можаш паспрабаваць. Хто цябе цікавіць?
dlga_lord_talk_ask_location_2:lord_talk_ask_location_3|{s1}
dlga_lord_talk_ask_location_2:lord_pretalk|Назад
dlga_lord_talk_ask_location_3:lord_pretalk|{s1}
dlga_lord_talk_ask_about_war:lord_talk_ask_about_war_2|{s12}
dlga_lord_talk_ask_about_war_2:lord_talk_ask_about_war_details|Раскажы пра вайну, якую вядзе {s1}.
dlga_lord_talk_ask_about_war_2:lord_pretalk|Гэта ўсё, што мне трэба было ведаць. Дзякуй.
dlga_lord_talk_ask_about_war_details:lord_talk_ask_about_war_2|У нас {reg5?{reg5}: няма} {reg3?армій: арміі}, у іх - {reg6?{reg6}: ні адной}. Увогуле і цэлым, {s9}.
dlga_lord_talk:party_encounter_lord_hostile_ultimatum_surrender|Я двойчы не паўтараю, {s4}! Здавайцеся або памраце!
dlga_party_encounter_lord_hostile_ultimatum_surrender:close_window|{s43}
dlga_lord_talk:lord_predemand|Я тут, каб данесці свае патрабаванні!
dlga_lord_predemand:lord_demand|А? Чаго ты хочаш?
dlga_lord_demand:lord_ultimatum_surrender|Здавайся або памрэш!
dlga_lord_ultimatum_surrender:lord_attack_verify|{s43}
dlga_lord_attack_verify:lord_attack_verify_cancel|Прабач мяне, Уладар. Я не ведаю, як так атрымалася.
dlga_lord_attack_verify_cancel:close_window|Тады прэч.
dlga_lord_attack_verify:lord_attack_verify_commit|Гэта не твая справа! Рыхтуйся да бою!
dlga_lord_ultimatum_surrender:lord_attack_verify_b|{s43}
dlga_lord_attack_verify_b:lord_attack_verify_cancel|Прабач мяне, Уладар. Я не ведаю, як так атрымалася.
dlga_lord_attack_verify_b:lord_attack_verify_commit|Я не змяню рашэнні. Рыхтуйся да бою!
dlga_lord_attack_verify_commit:close_window|{s43}
dlga_lord_demand:lord_pretalk|Прабач мяне. Нічога не здарылася.
dlga_lord_talk:liege_defends_claim_1|У паходах мне сустрэўся {s45}...
dlga_liege_defends_claim_1:liege_defends_claim_2|Ды ты што? Не кожны рызыкне згадаць гэтае імя ў маёй прысутнасці. Нават не ведаю, ўзнагародзіць ці Цябе за смеласць або пакараць за дзёрзкасць.
dlga_liege_defends_claim_2:liege_defends_claim_3|Добра. Я задаволю вашу цікаўнасць. Але слухай уважліва, таму што я больш не буду казаць пра гэта.
dlga_liege_defends_claim_3:liege_defends_claim_4|{s48}
dlga_liege_defends_claim_4:lord_talk|{s48}
dlga_lord_talk:lord_join_rebellion_suggest|{s12} - законны кіраўнік {s14}. Далучайцеся да нашага паходу супраць самазванца {S15}!
dlga_lord_talk:lord_join_rebellion_suggest_cheat|ЧЫТ: далучыць да нас сілай.
dlga_party_encounter_lord_hostile_attacker_2:lord_join_rebellion_suggest_cheat|ЧЫТ: далучыць да нас сілай.
dlga_party_encounter_lord_hostile_attacker_2:lord_join_rebellion_suggest|{s12} - ваш законны кіраўнік. Далучайцеся да нашага паходу супраць самазванца {S15}!
dlga_lord_join_rebellion_suggest:party_encounter_lord_hostile_attacker_2|У мяне няма часу цырымоніцца з такімі, як ты. Абараняйся!
dlga_lord_join_rebellion_suggest:lord_start|У мяне няма часу цырымоніцца з такімі, як ты.
dlga_lord_join_rebellion_suggest:party_encounter_lord_hostile_attacker_2.1|{s43}
dlga_lord_join_rebellion_suggest:lord_start.1|{s43}
dlga_lord_join_rebellion_suggest:lord_join_rebellion_suggest_1b|{s43}
dlga_lord_join_rebellion_suggest_1b:lord_join_rebellion_suggest_2|{s43}
dlga_lord_join_rebellion_suggest_2:lord_join_rebellion_suggest_2|{s47}
dlga_lord_join_rebellion_suggest_2:lord_join_rebellion_suggest_2.1|{s43}
dlga_lord_join_rebellion_suggest_2:lord_join_rebellion_suggest_3|Дык скажы мне, чаму я павінен падтрымаць {s45}?
dlga_lord_join_rebellion_suggest_3:lord_join_rebellion_suggest_4|Дзеля законнасці: {s45} мае больш правоў на трон.
dlga_lord_join_rebellion_suggest_3:lord_join_rebellion_suggest_4.1|Дзеля справядлівасці: {s45} будзе лепш звяртацца з падданымі, чым {s46}.
dlga_lord_join_rebellion_suggest_3:lord_join_rebellion_suggest_4.2|Сам падумай, {s45} рана ці позна пераможа, і чым хутчэй - тым лепш для ўсіх.
dlga_lord_join_rebellion_suggest_3:lord_join_rebellion_suggest_4.3|Дзеля асабістай выгады: {s45} шчодра ўзнагародзіць прыхільнікаў.
dlga_lord_join_rebellion_suggest_3:lord_join_rebellion_suggest_4.4|Ты ж разумны чалавек, я ўпэўнены, ты сам усё зразумееш.
dlga_lord_join_rebellion_suggest_3:lord_join_rebellion_suggest_4.5|Прычын мноства. Ты павінен самастойна прыняць гэтае рашэнне.
dlga_lord_join_rebellion_suggest_3:lord_join_rebellion_suggest_5|Магчыма, табе варта застацца на баку {s46}.
dlga_lord_join_rebellion_suggest_3:oim_dmitriy_rebelion_suggest_letter|Вось у мяне ліст ад Адоеўскага.
dlga_lord_join_rebellion_suggest_3:oim_dmitriy_rebelion_suggest_samozvanec|Я-законны кіраўнік Маскоўскага царства!
dlga_lord_join_rebellion_suggest_4:lord_join_rebellion_suggest_4|- Можа, кожны з вас гаворыць па - рознаму, у залежнасці ад таго, што ён хоча пачуць?
dlga_lord_join_rebellion_suggest_4:lord_join_rebellion_suggest_5|Ну, што тут сказаць... {s51}{s52}{s53}{s54}{s55}
dlga_lord_join_rebellion_suggest_5:lord_join_rebellion_ask_for_order|{s43}
dlga_lord_join_rebellion_suggest_5:party_encounter_lord_hostile_attacker_2|{s43}
dlga_lord_join_rebellion_suggest_5:lord_talk|{s43}
dlga_lord_join_rebellion_ask_for_order:lord_give_order|Добра. Які ж план? Што ты хочаш ад мяне?
dlga_lord_talk:lord_suggest_action_ask|ЧЫТ: я хачу прапанаваць цэлы шэраг дзеянняў.
dlga_lord_tell_objective:lord_pretalk|Што я раблю? Сам-то як думаеш? Сяджу ў вязніцы і чакаю вызвалення!
dlga_lord_tell_objective:lord_pretalk.1|У сапраўдны момант я нікім не камандую.
dlga_lord_tell_objective:lord_pretalk.2|Мы адпачываем у {s1}.
dlga_lord_tell_objective:lord_pretalk.3|Мы накіроўваемся ў {s1}.
dlga_lord_tell_objective:lord_pretalk.4|Мы набіраем новых байцоў у {s1}.
dlga_lord_tell_objective:lord_pretalk.5|Мы шукаем ворагаў у ваколіцах {s1}.
dlga_lord_tell_objective:lord_pretalk.6|Мы руйнуем {s1}.
dlga_lord_tell_objective:lord_pretalk.7|Мы збіраемся адступіць у {s1}.
dlga_lord_tell_objective:lord_pretalk.8|Мы абложваем {s1}.
dlga_lord_tell_objective:lord_pretalk.9|Мы і {s1} вядзем бітву.
dlga_lord_tell_objective:lord_pretalk.10|Мы суправаджаем {S1}.
dlga_lord_tell_objective:lord_pretalk.11|Мы абдумваем нашу наступную мэту.
dlga_lord_tell_objective:lord_pretalk.12|Я не ведаю: {reg1} {s1}
dlga_lord_talk:lord_ask_follow|Паедзеш са мной? У мяне ёсць некаторыя ідэі...
dlga_lord_ask_follow:close_window|Мне прыемна тваё грамадства, {playername}, але ў мяне ёсць важныя справы. Магчыма, праз некалькі дзён я змагу зноў да цябе далучыцца.
dlga_lord_ask_follow:close_window.1|Наўрад ці варта гэта рабіць, {playername}. Чаму б табе замест гэтага не рушыць услед за мной?
dlga_lord_ask_follow:close_window.2|{s43}
dlga_lord_ask_follow:close_window.3|Паказвай, куды ехаць, {playername}! Прынясем ж смерць і спусташэнне ўсім нашым ворагам!
dlga_lord_talk_preoffer:lord_talk_offer|Так?
dlga_lord_talk_offer:knight_offer_join|Я хачу выкупіць аднаго з тваіх палонных.
dlga_lord_talk_offer:lord_pretalk|Назад
dlga_knight_offer_join:hero_pretalk|Баюся, што не магу далучыцца да цябе цяпер, {playername}. У мяне ёсць важныя справы, якія не церпяць адкладу.
dlga_knight_offer_join:hero_pretalk.1|Ты забываешся, {спадар / спадарыня}. Ад такіх, як ты, Я загадаў не прымаю.
dlga_knight_offer_join:knight_offer_join_2|Я з задавальненнем змагаўся б на тваім баку, сябар мой, але ёсць адна складанасць... Я апынуўся ў даўгах, і доўг у {reg6} талераў мне прыйдзецца выплаціць зусім хутка. Для мяне гэта справа гонару. Калі ў цябе няма {reg6} талераў, мне прыйдзецца самому паклапаціцца пра тое, каб зняць гэты груз са сваіх плячэй.
dlga_knight_offer_join:close_window|Далучыцца да цябе? Думаю, што не.
dlga_knight_offer_join:knight_offer_join_2.1|Так, сябар мой, я з радасцю да цябе далучуся.
dlga_knight_offer_join_2:knight_offer_join_accept|Вось, вазьмі кашэль з {reg6} талерамі. Гэта толькі грошы...
dlga_knight_offer_join_2:knight_offer_join_accept.1|Тады едзем разам, сябар мой!
dlga_knight_offer_join_2:close_window|Добра. Я пра гэта падумаю.
dlga_knight_offer_join_2:hero_pretalk|Добра. Я пра гэта падумаю.
dlga_knight_offer_join_accept:knight_offer_join_accept_party|У маім атрадзе ёсць верныя людзі, якія маглі б табе спатрэбіцца. Як быць з імі?
dlga_knight_offer_join_accept:close_window|Так, вядома, не адмоўлюся!
dlga_knight_offer_join_accept_party:knight_join_party_disband|Ты можаш распусціць сваіх людзей. Мне не патрэбныя дадатковыя войскі.
dlga_knight_offer_join_accept_party:knight_join_party_join|Твае людзі могуць таксама далучыцца. Кожны воін на рахунку.
dlga_knight_offer_join_accept_party:knight_join_party_lead_out|Выводзь сваіх людзей з горада. Я дагоню вас па дарозе.
dlga_knight_offer_join_accept_party:knight_join_party_lead_out.1|Працягвай займацца сваімі справамі. Я наганю цябе пазней.
dlga_knight_join_party_disband:close_window|Добра, {playername}. Вельмі мне не падабаецца губляць добрых людзей, але рашэнне застаецца за табой. Я распушчу свае войскі і далучуся да цябе.
dlga_knight_join_party_join:close_window|Выдатна. Мы з маімі хлопцамі паскачам з табой.
dlga_knight_join_party_lead_out:close_window|Добра. Я пакуль агледжуся ў ваколіцах. Вяртайся, калі будуць для мяне іншыя загады.
dlga_lord_enter_service_reject:close_window|Што за гадасць! Падумаць толькі, я збіраўся прапанаваць табе месца сярод сваіх дваран! Прэч, жабрацкае ўбоства, пакуль я не страціў цярпення!
dlga_lord_ask_enter_service:lord_give_oath_under_oath_already|Ты ж ужо звязаны клятвай {s5}, хіба не так?
dlga_lord_give_oath_under_oath_already:lord_pretalk|Менавіта так, {s65}. Прабач мяне.
dlga_lord_ask_enter_service:lord_pretalk|Я прымаю клятвы толькі ад тых, хто можа стрымаць іх, {playername}.
dlga_lord_ask_enter_service:lord_give_oath_1|Ты вядомы як смелы воін і добры камандзір, {playername}. Я буду рады прыняць цябе на службу і стаць тваім спадаром, калі ты гатовы прынесці прысягу.
dlga_lord_ask_enter_service:lord_pretalk.1|Ты павінен праявіць сябе як тлумачальны камандзір, {playername}. Прайдзіся мячом па ворагам і дакажы, што варты Маёй ласкі. Тады і пагаворым.
dlga_lord_give_oath_1:lord_give_oath_2|Добра, {s65}.
dlga_lord_give_oath_1:lord_give_oath_give_up|Прабач, {s65}, мне трэба спачатку ўсё добра абдумаць...
dlga_lord_give_oath_give_up:close_window|Што гэта за гульні, {playername}? Ідзі і вырашай, і Хопіць марнаваць мой час дарма.
dlga_lord_give_oath_2:lord_give_oath_3|Добра. Тады паўтарай словы клятвы ўслед за мной. Клянуся захоўваць вернасць, як законнаму кіраўніку {s41}.
dlga_lord_give_oath_3:lord_give_oath_4|Клянуся захоўваць вернасць, як законнаму кіраўніку {s41}.
dlga_lord_give_oath_3:lord_give_oath_give_up|Прабач мяне, {reg65?мая спадарыня: спадар}. Я адчуваю, што мне трэба абдумаць усё гэта.
dlga_lord_give_oath_4:lord_give_oath_5|Я буду ісці за табой, пакуль не абарвецца маё жыццё...
dlga_lord_give_oath_5:lord_give_oath_6|Я буду ісці за табой, пакуль не абарвецца маё жыццё...
dlga_lord_give_oath_5:lord_give_oath_give_up|{reg65?Мая спадарыня: спадар}, магу я папрасіць даць мне трохі часу на роздумы?
dlga_lord_give_oath_6:lord_give_oath_7|І буду змагацца з ворагамі тваімі, калі табе спатрэбіцца Мой меч.
dlga_lord_give_oath_7:lord_give_oath_8|І буду змагацца з ворагамі тваімі, калі табе спатрэбіцца Мой меч.
dlga_lord_give_oath_7:lord_give_oath_give_up|{reg65?Мая спадарыня: спадар}, дай мне, калі ласка, яшчэ трохі часу на роздумы.
dlga_lord_give_oath_8:lord_give_oath_9|І, нарэшце, я буду падтрымліваць твае законныя дамаганні і такія ж - тваіх законных спадчыннікаў.
dlga_lord_give_oath_9:lord_give_oath_10|І, нарэшце, я буду падтрымліваць твае законныя дамаганні і такія ж - тваіх законных спадчыннікаў.
dlga_lord_give_oath_9:lord_give_oath_give_up|{reg65?Мая спадарыня: Пане, мне патрэбны яшчэ час, каб усё абдумаць.
dlga_lord_give_oath_10:lord_give_oath_go_on_2|Выдатна. Ты прынёс мне клятву вернасці, {playername}. Захоўвай жа яе вечна, рупліва і з належнай адвагай.
dlga_lord_give_oath_go_on_2:lord_give_oath_go_on_3|З гэтага дня Ты-мой падданы. Я падаю табе сваю абарону, дару права падымаць зброю ў мой гонар і абяцаю, што не пазбаўлю цябе жыцця, свабоды або уладанняў, акрамя як па законнаму прысуду роўных табе, альбо па законе і звычаю гэтай краіны.{reg1? Акрамя таго, табе ў валоданьне пераходзіць {s1} з усімі падаткамі за карыстанне зямлёй і даходамі.:}
dlga_lord_give_oath_go_on_3:lord_give_conclude|Ты паступіў мудра, {playername}. Служы мне як след, і я абяцаю - ты ўзвысішся.
dlga_lord_give_conclude:lord_give_conclude_2|Дзякую, {reg39?мая спадарыня: спадар}.
dlga_lord_give_conclude_2:close_window.1|Я ўскладаю на цябе вялікія надзеі, {playername}. Я ведаю, ты дакажаш, што варты аказанага даверу.
dlga_lord_ask_enter_service:lord_enter_service_swear|Так, гэта мудрае рашэнне. Верны мне чалавек зможа стаць багатым і моцным, а нашы ворагі... Нашы ворагі ўпадуць, як пшаніца пад сярпом. Аднак каб паступіць да мяне на службу, ты павінен паклясціся, што ты будзеш служыць толькі {s5}.
dlga_lord_enter_service_swear:lord_enter_service_swear_accepted|Я клянуся, {s65}.
dlga_lord_enter_service_swear:lord_enter_service_swear_denied|Мне трэба абдумаць гэта.
dlga_lord_enter_service_swear_denied:close_window|Ты што, спрабуеш мяне абдурыць? У мяне няма часу на гульні, {playername}. Прымай рашэнне і спыні Марнаваць мой час.
dlga_lord_enter_service_swear_accepted:lord_enter_service_swear_accepted_2|У такім выпадку я з задавальненнем вітаю цябе на службе. З гэтага дня, {playername}, ты-салдат і абаронца {s5} з усімі вынікаючымі абавязкамі і прывілеямі.
dlga_lord_enter_service_swear_accepted_2:close_window|Я даручаю табе знішчаць нашых ворагаў, дзе б яны ні сустрэліся. Больш за тое, у мяне час ад часу будуць для цябе асаблівыя заданні, як і ў некаторых падуладных мне палкаводцаў. Служы, змагайся і заставайся верны сваім клятвам. Гэта дапаможа табе прасунуцца па службе, калі ты хочаш павышэння. Ды пашле нам усім Бог доўгае жыццё і шматлікія перамогі, якія мы адсвяткуем у маім палацы!
dlga_lord_ask_leave_service:lord_ask_leave_service_verify|Гм. Твая клятва стала клопатам, {playername}? Просьба аб вызваленні ад клятвы-вельмі незвычайная, але, улічваючы тваю бездакорную службу, я не буду цябе трымаць. Хоць мне цябе будзе вельмі бракаваць.
dlga_lord_ask_leave_service:lord_ask_leave_service_verify.1|Вызваліць цябе ад клятвы? Мабыць, гэта будзе нават да лепшага... Аднак, {playername}, ты павінен быць цалкам упэўнены ў сваім жаданні. Гэта вельмі сур'ёзнае рашэнне.
dlga_lord_ask_leave_service_verify:lord_ask_leave_service_2|Мне прыйдзецца пайсці на гэта, {s65}.
dlga_lord_ask_leave_service_verify:lord_ask_leave_service_giveup|Ты маеш рацыю, {s65}. Маё месца тут.
dlga_lord_ask_leave_service_giveup:lord_pretalk|Я рады чуць гэта, {playername}. Я спадзяюся, такія нявартыя думкі больш не прыйдуць табе ў галаву.
dlga_lord_ask_leave_service_2:lord_ask_leave_service_verify_again|Так ты ўпэўнены?
dlga_lord_ask_leave_service_verify_again:lord_ask_leave_service_3|Так, {s65}.
dlga_lord_ask_leave_service_verify_again:lord_ask_leave_service_giveup|Вядома ж, не, {s65}. Я твой верны падданы навечна.
dlga_lord_ask_leave_service_3:lord_ask_leave_service_end|Як пажадаеш. Вызваляю цябе ад клятвы. Ты больш не валодаеш зямлёй ці тытуламі ад майго імя. Ты вольны, {playername}.
dlga_lord_ask_leave_service_end:lord_ask_leave_service_end_2|Дзякую, {Уладар / валадарка}. Для мяне было гонарам служыць табе.
dlga_lord_ask_leave_service_end:lord_ask_leave_service_end_2.1|Дзякуй. Добра зноў адчуць сябе {свабодным / свабоднай}.
dlga_lord_ask_leave_service_end_2:close_window|Бывай жа, {playername}, і ўдачы табе.
dlga_lord_active_mission_1:lord_lend_companion_end|Вы хочаце вярнуць свайго спадарожніка? Зразумела...
dlga_lord_active_mission_1:lord_pretalk|{playername}, я вымушаны прасіць цябе пацярпець, мне пакуль яшчэ патрэбен твой спадарожнік. Калі ласка, вярніся пазней, калі я ўсё ўладжу.
dlga_lord_active_mission_1:lord_active_mission_2|Як там справы, ёсць добрыя навіны?
dlga_lord_active_mission_2:lord_generic_mission_thank|Так. Я прывёў табе {reg1} палонных. Яны - {s1}.
dlga_lord_active_mission_2:capture_enemy_hero_thank|Так, вядома, я захапіў спадара {s13} для цябе.
dlga_capture_enemy_hero_thank:capture_enemy_hero_thank_2|Премного ўдзячны, сябар мой. З ім можна будзе пракруціць выдатную здзелку. Дзякуй за добрую працу. Думаю, {reg5} талераў за дапамогу будзе дастаткова.
dlga_capture_enemy_hero_thank_2:lord_pretalk|Вядома, {s65}.
dlga_capture_enemy_hero_thank_2:lord_pretalk.1|Мне гэта нічога не каштавала.
dlga_capture_enemy_hero_thank_2:lord_pretalk.2|У наступны раз можаш даць заданне паскладаней.
dlga_lord_active_mission_2:lord_raise_troops_thank|Так. {s13} са мной. Іх {reg1} чалавек, і яны гатовыя служыць табе.
dlga_lord_raise_troops_thank:lord_raise_troops_thank_2|Гэтыя людзі дапамогуць звярнуць ход падзей у маю карысць, {playername}. Я ўпэўнены, ты іх выдатна навучыў. Прымі мае віншаванні і падзяку.
dlga_lord_raise_troops_thank_2:lord_pretalk|Цяпер яны ў вашым распараджэнні. Спадзяюся, ты добра пра іх паклапоцішся.
dlga_lord_active_mission_2:lord_collect_taxes_success|{s3} перадае табе падаткі ў памеры {reg19} талераў.
dlga_lord_active_mission_2:lord_collect_taxes_half_success|{s3} перадае табе падаткі ў памеры {reg19} талераў.
dlga_lord_active_mission_2:lord_collect_taxes_fail|На жаль, там выліўся бунт, і мне ўдалося сабраць толькі {reg19} талераў.
dlga_lord_collect_taxes_success:lord_pretalk|Выдатная праца, {playername}, проста выдатная! Ты справіўся з задачай як нельга лепш. Я абяцаў пятую частку падаткаў-гэта значыць, каля {reg21} талераў. Аддай мне {reg20}, а астатняе можаш пакінуць сабе. Гэта я называю ўзаемнай выгадай, га?
dlga_lord_collect_taxes_half_success:lord_pretalk|Што? Ты лічыш мяне дурнем, {playername}? Гэта менш за палову ўсіх належных мне грошай. Ты і забойцу адпусціў бы так жа лёгка, як неплацельшчыка. Што за блазнота! Можаш забыць пра абяцаную ўзнагароду. Мне будзе дастаткова {reg20} талераў з сабранай сумы. Дзякуй Богу, што я чалавек гонару і не стану абіраць цябе да ніткі.
dlga_lord_collect_taxes_fail:lord_pretalk|Божа, у якую агідную гісторыю ты нас утравіў, {playername}. Усё магло б абярнуцца вельмі дрэнна, калі б я своечасова не ўмяшаўся. Спадзяюся, ты прыйшоў сюды не за тым, каб атрымаць плату. {reg19} талераў, мне будзе дастаткова, каб не мець да цябе прэтэнзій. І пасля гэтага-ніякіх агульных спраў.
dlga_lord_active_mission_2:lord_hunt_down_fugitive_success|{s4} панёс заслужанае пакаранне. Ён хаваўся ў вёсцы {s3}.
dlga_lord_active_mission_2:lord_hunt_down_fugitive_fail|Баюся, што ён сышоў.
dlga_lord_hunt_down_fugitive_success:lord_hunt_down_fugitive_success_2|І ўсім нам будзе лепш без яго! Дзякуй, {playername}, што пазбавіў мяне ад гэтай стрэмкі ў баку. Прыемна ведаць, што камусьці можна давяраць, што хтосьці можа разабрацца са справамі ціха і хутка. Я абяцаў узнагароду, і ты яе атрымаеш. 300 талераў, і ні грошам менш!
dlga_lord_hunt_down_fugitive_success_2:lord_hunt_down_fugitive_reward_accept|Дзякуй, {s65}. Гэтыя грошы мне спатрэбяцца.
dlga_lord_hunt_down_fugitive_success_2:lord_hunt_down_fugitive_reward_reject|Гэта крывавыя грошы, я не магу іх прыняць.
dlga_lord_hunt_down_fugitive_reward_accept:lord_pretalk|Вядома, {playername}. Вось грошы. Яшчэ раз дзякую Табе за тое, што разабраўся з {s44}.
dlga_lord_hunt_down_fugitive_reward_reject:lord_pretalk|Аб, для цябе якая адбылася справядлівасць-ужо дастатковая ўзнагарода? Як пажадаеш, {playername}, як пажадаеш. Вельмі годнае рашэнне. У любым выпадку, дзякуючы табе {s44} мяне больш не патурбаваў.
dlga_lord_hunt_down_fugitive_fail:lord_pretalk|Ты мяне знерваваў. Зноў {s44} пазбеглі каральнай рукі правасуддзя. Я думаў, ты з гэтым справішся, {playername}. Я відавочна памыліўся.
dlga_lord_active_mission_2:lord_active_mission_3|Я яшчэ працую над гэтым.
dlga_lord_active_mission_2:lord_mission_failed|Баюся, я не змагу выканаць гэтае заданне.
dlga_lord_active_mission_3:lord_pretalk|Добра. Памятай, я на цябе разлічваю.
dlga_lord_mission_failed:lord_pretalk|{s43}
dlga_lord_suggest_action_ask:lord_suggest_action|Што ты прапануеш?
dlga_lord_suggest_action:lord_suggest_join_faction|Я хачу стаць падданым тваёй дзяржавы.
dlga_lord_suggest_join_faction:lord_give_oath_5|Добра.
dlga_lord_suggest_action:lord_suggest_learn_party_id|ЧЫТ: я хачу даведацца ID атрада, якім вы камандавалі.
dlga_lord_suggest_learn_party_id:lord_pretalk|Гэта {reg0}.
dlga_lord_suggest_action:lord_suggest_become_marshall|Я хачу камандаваць войскамі гэтай дзяржавы.
dlga_lord_suggest_become_marshall:lord_pretalk|Добра.
dlga_lord_suggest_action:lord_suggest_attack_enemy_castle|Давай нападзем на варожы горад ці крэпасць.
dlga_lord_suggest_action:lord_suggest_go_to_friendly_town|Давай вернемся ў дружалюбны горад.
dlga_lord_suggest_action:lord_suggest_attack_enemy_party|Давай атакуем варожы атрад.
dlga_lord_suggest_action:lord_suggest_lift_siege|Давай здымем гэтую аблогу.
dlga_lord_suggest_action:lord_suggest_follow_me|Ідзі за мной.
dlga_lord_suggest_action:lord_suggest_follow_other|Ідзі за кім-небудзь.
dlga_lord_suggest_action:lord_suggest_raid_village|Нападзі на вёску
dlga_lord_suggest_action:lord_pretalk|Як я.
dlga_lord_suggest_lift_siege:close_window|Як пажадаеш, {playername}.
dlga_lord_suggest_go_to_friendly_town:lord_suggest_go_to_friendly_town2|Хм-м. на які горад ці крэпасць ты прапануеш пайсці?
dlga_lord_suggest_go_to_friendly_town2:lord_suggest_go_to_friendly_town3|{s1}
dlga_lord_suggest_go_to_friendly_town2:lord_pretalk|Не мае значэння.
dlga_lord_suggest_go_to_friendly_town3:lord_pretalk|{s1}? Выдатна! Туды мы і пойдзем.
dlga_lord_suggest_attack_enemy_party:lord_suggest_attack_enemy_party2|Хм-м. які атрад ты прапануеш атакаваць?
dlga_lord_suggest_attack_enemy_party2:lord_suggest_attack_enemy_party3|Атрад пад камандаваннем {s1} з {s2}, Ён недалёка ад {s3}. Атакуем яго.
dlga_lord_suggest_attack_enemy_party2:lord_pretalk|Няважна.
dlga_lord_suggest_attack_enemy_party3:lord_pretalk|Як пажадаеш, атакуем {s1}.
dlga_lord_suggest_attack_enemy_castle:lord_suggets_attack_enemy_castle2|Хм-м. на каго ты прапануеш напасці?
dlga_lord_suggets_attack_enemy_castle2:lord_suggets_attack_enemy_castle3|На {s1} у {s2}.
dlga_lord_suggets_attack_enemy_castle2:lord_pretalk|Назад
dlga_lord_suggets_attack_enemy_castle3:lord_pretalk|{s1}? Нядрэнная ідэя. Напад павінен быць удалым.
dlga_lord_suggest_raid_village:lord_suggest_raid_village_2|Хм-м. на якую вёску ты прапануеш напасці?
dlga_lord_suggest_raid_village_2:lord_suggest_raid_village_3|На {s1} у {s2}.
dlga_lord_suggest_raid_village_2:lord_pretalk|Назад
dlga_lord_suggest_raid_village_3:lord_pretalk|{s1}? Чаму б не. Атакаваны.
dlga_lord_suggest_follow_me:lord_pretalk|Так, я буду ісці за вамі.
dlga_lord_suggest_follow_other:lord_suggest_follow_other_2|За кім мне прытрымлівацца?
dlga_lord_suggest_follow_other_2:lord_suggest_follow_other_3|{s1}
dlga_lord_suggest_follow_other_2:lord_pretalk|Назад
dlga_lord_suggest_follow_other_3:lord_pretalk|{s1}? Як пажадаеш. Буду трымацца яго.
dlga_lord_suggest_action:lord_pretalk.1|Нічога, {s65}. Гэта ўсё роўна.
dlga_lord_request_mission_ask:lord_propose_mercenary|Папярэджанне: гэты радок не адлюстроўваецца.
dlga_lord_propose_mercenary:lord_mercenary_service|Ці бачыш, {playername}, {s10} чакае, што я найму атрад воінаў для маючай адбыцца кампаніі. Што скажаш, калі {s9} прыме цябе на службу капітанам наймітаў? Я не сумняваюся, што ты справішся.
dlga_lord_mercenary_service:lord_mercenary_service_reject|Мяне гэта не цікавіць, дзякуй.
dlga_lord_mercenary_service:lord_mercenary_service_accept|{s9}? Выдатна, я далучуся да яго.
dlga_lord_mercenary_service:lord_mercenary_elaborate_pay|Цікава. Раскажы падрабязней.
dlga_lord_mercenary_service_accept:lord_mercenary_service_verify|Вось і добра. Вядома, прыйдзецца фармальна заявіць аб лаяльнасці. {s9} чакае ад цябе клятвы, што ты застанешся ў яго на службе не менш чым на тры месяцы.
dlga_lord_mercenary_service_verify:lord_mercenary_service_verify_2|Як пажадаеш. Твае ворагі - Гэта мае ворагі.
dlga_lord_mercenary_service_verify:lord_mercenary_service_reject|Не, я ўсё ж лепш адмоўлюся. Не бяры ў галаву. 
dlga_lord_mercenary_service_verify_2:lord_mercenary_service_accept_3|Вось і добра. Ты зрабіў мудры выбар, сябар мой. {s9} - не бедная дзяржава, і ты атрымаеш мноства ўзнагарод за службу.
dlga_lord_mercenary_service_accept_3:lord_pretalk|А цяпер я прапаную падрыхтавацца да сур'ёзнай кампаніі. Натрэніруй і снарад сваіх байцоў найлепшым чынам і будзь гатовы выступіць па першым сігнале.
dlga_lord_mercenary_service_reject:lord_pretalk|Мне вельмі сумна чуць гэта. {s9} - выдатнае месца, будзь упэўнены.
dlga_lord_mercenary_elaborate_pay:lord_mercenary_elaborate_1|Я магу прапанаваць кантракт на тры месяцы. Па заканчэнні яго можна будзе працягваць месяц за месяцам. Пры падпісанні кантракту табе будзе выплачана дараванне ў памеры {reg12} талераў. Пасля гэтага {s10} будзе плаціць табе кожны тыдзень, у адпаведнасці з колькасцю і ўменнямі байцоў твайго атрада. За табой таксама застаецца права на ваенныя трафеі і на захопленых палонных. Вайна-вельмі прыбытковы занятак...
dlga_lord_mercenary_service_elaborate_duty:lord_mercenary_elaborate_1|Абавязкі? Іх няшмат, і яны не цяжкія. Самае першае-заяві аб сваёй адданасці. Прысягні на вернасць нашай справе. Затым ты будзеш удзельнічаць у ваенных кампаніях, выконваць загады камандавання, а самае галоўнае - павінен будзеш нападаць на ворагаў нашай дзяржавы, дзе б ні сутыкнуўся з імі.
dlga_lord_mercenary_elaborate_1:lord_mercenary_service_elaborate_duty|Якія будуць мае абавязкі?
dlga_lord_mercenary_elaborate_1:lord_mercenary_elaborate_castle|Ці магу я ўтрымаць у сваім валоданні крэпасці, якія захоплю?
dlga_lord_mercenary_elaborate_1:lord_mercenary_elaborate_banner|Ці магу я ўступаць у бой пад уласным сцягам?
dlga_lord_mercenary_elaborate_1:lord_mercenary_elaborate_pay|Колькі ты будзеш плаціць мне За службу?
dlga_lord_mercenary_elaborate_1:lord_mercenary_service_accept|Гучыць нядрэнна. Я хачу паступіць на службу ў якасці найміта.
dlga_lord_mercenary_elaborate_1:lord_mercenary_service_reject|Прашу прабачэння, але мая шабля не прадаецца.
dlga_lord_mercenary_elaborate_castle:lord_mercenary_elaborate_1|Толькі мае верныя падданыя могуць валодаць землямі і крэпасцямі ў маёй дзяржаве. Найміту не можа быць даверана такая адказнасць. Аднак, праслужыўшы некаторы час, ты можаш прынесці мне клятву вернасці і стаць маім падданым. Тады і будзеш узнагароджаны валоданнем.
dlga_lord_mercenary_elaborate_castle:lord_mercenary_elaborate_1.1|{s10} можа дазволіць валодаць землямі і крэпасцямі толькі сваім верным падданым. Ты ж разумееш, простаму найміту нельга даверыць такую адказнасць. Аднак, праслужыўшы некаторы час, ты зможаш прынесці клятву вернасці {s10}, і тады цябе можна будзе надзяліць зямельным валоданнем.
dlga_lord_mercenary_elaborate_banner:lord_mercenary_elaborate_1|Толькі высакародныя дваране маюць гонар змагацца пад уласнымі сцягамі. Аднак, праслужыўшы некаторы час, ты атрымаеш магчымасць прынесці мне клятву вернасці і стаць маім падданым, атрымаўшы заадно і права выбраць сабе сцяг і змагацца пад ім у бітвах.
dlga_lord_mercenary_elaborate_banner:lord_mercenary_elaborate_1.1|{s10} прытрымліваецца старых традыцый. Толькі высакародныя дваране маюць гонар змагацца пад уласнымі сцягамі. Аднак, праслужыўшы некаторы час, ты атрымаеш магчымасць прынесці клятву вернасці {s10}, пасля чаго зможаш выбраць сабе сцяг і змагацца пад ім у бітвах.
dlga_lord_request_mission_ask:lord_pretalk|Ты так і не выканаў маё апошняе заданне, {playername}. Варта было б больш дбайна ставіцца да атрыманых заданнях, а не клянчыць новыя.
dlga_lord_request_mission_ask:lord_pretalk.1|Новых заданняў пакуль няма.
dlga_lord_request_mission_ask:lord_tell_mission|Заданне?
dlga_lord_tell_mission:lord_mission_deliver_message|Мне трэба адправіць вестку {s13}. Павінна быць, ён цяпер у {s4}. Табе напэўна здарыцца пабываць у тых краях, так не захопіш ці ліст? Яго трэба даставіць на працягу 30 дзён.
dlga_lord_mission_deliver_message:lord_mission_deliver_message_accepted|Вядома, {s4} мне як раз па дарозе.
dlga_lord_mission_deliver_message:lord_mission_deliver_message_rejected|Наўрад ці я хутка ўбачу {s13}, {s65}. Пайшлі ліст з ганцом.
dlga_lord_mission_deliver_message:lord_mission_deliver_message_rejected_rudely|Я не посыльный, пане. Наймі ганца.
dlga_lord_mission_deliver_message_accepted:close_window|Я цаню гэта, {playername}. Вось ліст і невялікая сума, каб пакрыць дарожныя выдаткі. Ўбачыш {s13} - перадавай прывітанне.
dlga_lord_mission_deliver_message_rejected:lord_pretalk|Што ж, добра. Знайду каго-небудзь іншага.
dlga_lord_mission_deliver_message_rejected_rudely:lord_mission_deliver_message_rejected_rudely_2|- А як вы адказваеце на просьбу аб дапамозе? Сорамна, {playername}. Я ніяк не чакаў, што такая просьба можа быць абразлівая.
dlga_lord_mission_deliver_message_rejected_rudely_2:lord_mission_deliver_message_rejected_rudely_3|Дык вось цяпер будзеш ведаць.
dlga_lord_mission_deliver_message_rejected_rudely_2:lord_mission_deliver_message_accepted|Прабач мне маю запальчывасць, {s65}. Я дастаўлю ліст.
dlga_lord_mission_deliver_message_rejected_rudely_3:close_window|Добра. Я гэта запомню.
dlga_lord_tell_mission:lord_mission_deliver_message.1|Мне трэба даставіць ліст {s13} з {s15}. Цяпер ён, павінна быць, у {s4}. Калі здарыцца праязджаць у тых месцах, ці не даставіш яму мой ліст? Яно павінна трапіць да яго ў рукі на працягу 40 дзён.
dlga_lord_tell_mission:lord_mission_told|Ёсць адно невялікае дзялка... Мая {s17} {s13} збіраецца наведаць сваіх сваякоў у {s14}. Падарожжа некалькі разоў адкладалася-на дарогах сягоння небяспечна. Але на гэты раз яна цвёрда мае намер ехаць, так што хачу прынамсі даць ёй надзейную ахову ў суправаджэнне. Я давяраю табе, {playername}, і буду вельмі ўдзячны, калі ты адправішся з ёй і забяспечыш яе бяспеку.
dlga_lord_tell_mission:lord_mission_deal_with_bandits_told|Банда разбойнікаў пасялілася ў вёсцы {s1}, якая належыць мне. Яны руйнуюць суседнія хутары, багацеюць і жиреют, адбіраючы мае падаткі і пажыраючы маё быдла. Я хацеў бы адправіцца туды і падаць ім урок, але ў мяне цяпер занадта шмат спраў, таму нічога не магу зрабіць.
dlga_lord_mission_deal_with_bandits_told:lord_mission_deal_with_bandits_accepted|Не турбуйся, {s1} - не самае выдаленае месца, так што я ахвотна туды адпраўлюся і разбяруся з гэтымі мярзотнікамі.
dlga_lord_mission_deal_with_bandits_told:lord_mission_deal_with_bandits_rejected|Зьвярніся па дапамогу да кагосьці іншага, я занадта заняты.
dlga_lord_mission_deal_with_bandits_accepted:close_window|Ты гэта зробіш? Я буду вельмі ўдзячны! Вось трохі грошай, каб пакрыць выдаткі. Ох ужо гэтая вёска, ох ужо гэтыя {s44}... пастаў іх на месца!
dlga_lord_mission_deal_with_bandits_rejected:lord_pretalk|Ах, Ну добра. Забудзься мае словы.
dlga_lord_tell_mission:lord_tell_mission_raise_troops|Сорамна прызнацца, {playername}, але я ўчора інспектаваў сваіх байцоў, і што ж? Некаторыя з іх нават не ведаюць, з якога боку брацца за піку. {s44} ты столькі ваяваў, {playername}, можа быць, зоймешся вывучкай маіх растяп? Я быў бы табе ўдзячны.
dlga_lord_tell_mission_raise_troops:lord_tell_mission_raise_troops_2|Колькі чалавек табе трэба?
dlga_lord_tell_mission_raise_troops_2:lord_mission_raise_troops_told|Мне патрэбныя ўмелыя {s14}. Усяго {reg1} чалавек. Прывядзі іх да мяне, калі скончыш навучанне.
dlga_lord_mission_raise_troops_told:lord_mission_raise_troops_accepted|Вядома, {s65}. Дай мне {reg1} навабранцаў, і я зраблю з іх {s14}.
dlga_lord_mission_raise_troops_told:lord_mission_raise_troops_rejected|У мяне шмат спраў. Некалі муштрай займацца.
dlga_lord_mission_raise_troops_accepted:close_window|Ты зняў цяжкі груз з маіх плячэй, {playername}. Я загадаю сваім камандзірам накіраваць да цябе навабранцаў і перадаць іх у тваё распараджэнне. Таксама я выдам грошы, каб пакрыць выдаткі. Вось, змесціва гэтага кашаля павінна хапіць. Дзякуй за дапамогу.
dlga_lord_mission_raise_troops_rejected:lord_pretalk|Аб, вядома... Большага я і не чакаў. Што ж, поспехі ў такім выпадку.
dlga_lord_tell_mission:lord_mission_collect_taxes_told|Магчыма, ты ведаеш, што мне належыць {reg9?горад: вёска} {s3}. Аднак, ужо некалькі месяцаў {s3} не адлічвае мне ні падаткаў, ні рэнты, хоць я законны кіраўнік гэтых месцаў. Падобна на тое, мясцовыя абарванцы задумалі адкласціся ад мяне... Так што мне патрэбны чалавек, які нагадаў бы ім пра іх абавязак. І, у выпадку чаго, пераканаў бы іх сілай. Калі ты паедзеш і зьбярэш падаткі, якія яны мне павінны, Я дам табе пятую частку ад прывезенай сумы.
dlga_lord_mission_collect_taxes_told:lord_mission_collect_taxes_accepted|Выгаднае прапанову, {s65}. Дамовіцца.
dlga_lord_mission_collect_taxes_told:lord_mission_collect_taxes_rejected|Прабач, але ў мяне няма часу.
dlga_lord_mission_collect_taxes_accepted:close_window|Вось і добра, {playername}. Давяраю табе гэтую справу. Памятай, гэтая {reg9?гарадская галота: дзеравеншчына} на рэдкасць хітрая. Яны пойдуць на любыя хітрыкі, абы не плаціць падаткі. Не дай ім сябе абдурыць.
dlga_lord_mission_collect_taxes_rejected:lord_pretalk|Ах, ну так... Што ж, ўдачы.
dlga_lord_tell_mission:lord_mission_hunt_down_fugitive_told|Ёсць адна справа, у якой ты мог бы дапамагчы. Сутнасць у тым, што нягоднік {s4} забіў аднаго з маіх людзей і з тых часоў хаваецца ад правасуддзя. Я не магу дапусціць, каб ён пазбег пакарання, таму прызначыў за яго галаву ўзнагароду ў памеры 300 талераў. Сябры забітага мяркуюць, што разбойнік можа хавацца ў сваіх родзічаў, у вёсцы {s3}. Калі ты высачыш яго, зловіш і пакараеш належным чынам, то атрымаеш ўзнагароду.
dlga_lord_mission_hunt_down_fugitive_told:lord_mission_hunt_down_fugitive_accepted|Я злаўлю яго і правучу мярзотніка.
dlga_lord_mission_hunt_down_fugitive_told:lord_mission_hunt_down_fugitive_rejected|Прабач, мне цяпер няма калі за ім ганяцца.
dlga_lord_mission_hunt_down_fugitive_accepted:close_window|Дзіўна, {playername}. Сям'я забітага будзе вельмі табе ўдзячная. Ды і мая павага ты заслужыш. Ну, добрай палявання!
dlga_lord_mission_hunt_down_fugitive_rejected:lord_pretalk|Як пажадаеш, {playername}. Мяркую, тут знойдзецца нямала людзей, гатовых выканаць гэтую працу за ўзнагароджанне...
dlga_lord_tell_mission:lord_mission_told_kill_local_merchant|Непрыемная праўда складаецца ў тым, што я павінен немалую суму грошай аднаму з гандляроў тут, у {s3}. Вядома, у мяне няма ні найменшага жадання плаціць, але гэты балбатлівы дурань падняў жудасную шуміху. Ён нават меў нахабства прыйсці і пагражаць мне, што напіша скаргу на мяне гандлёвым гільдыям і банкірам. Ён жа разбурыць маю рэпутацыю! Карацей, мне патрэбен давераны чалавек, які б прымусіў замаўчаць гэтага гандляра. Надоўга. Назаўжды.
dlga_lord_mission_told_kill_local_merchant:lord_mission_accepted_kill_local_merchant|Не турбуйся, ён ні слова больш не скажа.
dlga_lord_mission_told_kill_local_merchant:lord_mission_rejected|Я не наёмны забойца, пане.
dlga_lord_mission_accepted_kill_local_merchant:close_window|Выдатна. Я давяраю табе, {playername}. Не расчаруй мяне. Чакай вестку - я паведамлю, калі і Дзе ты зможаш заспець гандляра. Разбярыся з ім, і я шчодра цябе награжу.
dlga_lord_tell_mission:lord_mission_told_meet_spy_in_enemy_town|У мяне ёсць адно далікатнае дзялка, {playername}, і няма давераных асоб, каб з ім разабрацца. У мяне ў горадзе {s13} ёсць саглядатай. Ён сочыць за тым, што робіцца ў горадзе, і паведамляе мне пра ўсё, што магло б прыцягнуць маю ўвагу. Кожны тыдзень Я пасылаю туды каго-небудзь, каб забраць у лазутчыка данясення і прывезці іх мне. Я магу даручыць табе гэтую справу, калі возьмешся.
dlga_lord_mission_told_meet_spy_in_enemy_town:quest_meet_spy_in_enemy_town_accepted|Так, я не супраць пазабаўляцца. Усё зраблю, не хвалюйся.
dlga_lord_mission_told_meet_spy_in_enemy_town:quest_meet_spy_in_enemy_town_rejected|"Мне давядзецца адхіліць гэтую прапанову. Справа ""плашча і кінжала"" - не для мяне."
dlga_quest_meet_spy_in_enemy_town_accepted:quest_meet_spy_in_enemy_town_accepted_response|Выдатна! Адпраўляйся хутчэй у {s13}, мой шпіён будзе чакаць.
dlga_quest_meet_spy_in_enemy_town_accepted_response:quest_meet_spy_in_enemy_town_accepted_2|{s13} - небяспечнае месца. Як мне дабрацца туды так, каб мяне не заўважылі?
dlga_quest_meet_spy_in_enemy_town_accepted_2:quest_meet_spy_in_enemy_town_accepted_response|Табе прыйдзецца хавацца. Пазбягайце варожых крэпасцяў, вёсак і патрулёў-і не бярыце з сабой занадта шмат людзей. Калі не атрымаецца пракрасціся з першага разу, пачакай, пакуль гарнізон супакоіцца і зноў страціць пільнасць. Не спяшайся, інакш прыйдзецца туга.
dlga_quest_meet_spy_in_enemy_town_accepted_response:quest_meet_spy_in_enemy_town_accepted_3|Як я пазнаю твайго шпіёна?
dlga_quest_meet_spy_in_enemy_town_accepted_3:quest_meet_spy_in_enemy_town_accepted_response|"Калі дабярэшся да {s13}, пагавары з мясцовымі, шпіён будзе адным з іх. Калі вырашыш, што гэта ён, вымаві: ""{s11}"". Мой лазутчык адкажа фразай:""{s12}"". Так ты і даведаешся, што гэта патрэбны чалавек. {reg7?Яна: ён перадасць табе ўсе сабраныя для мяне звесткі.{reg7? : }"
dlga_quest_meet_spy_in_enemy_town_accepted_response:quest_meet_spy_in_enemy_town_accepted_4|Ты заплаціш мне за працу?
dlga_quest_meet_spy_in_enemy_town_accepted_4:quest_meet_spy_in_enemy_town_accepted_response|Вядома, у мяне ў скрынях поўна срэбра для верных людзей. Рабі мне дабро, {playername}, а ўжо я ў даўгу не застануся.
dlga_quest_meet_spy_in_enemy_town_accepted_response:quest_meet_spy_in_enemy_town_accepted_end|Мне ясна, што рабіць. Бывай, пане.
dlga_quest_meet_spy_in_enemy_town_accepted_end:lord_pretalk|"Поспехі, {playername}. Памятай, пароль: ""{s11}"". Водгук:""{s12}"". Прывязі данясення мне, і ўжо Я цябе аддзячу."
dlga_quest_meet_spy_in_enemy_town_rejected:lord_pretalk|Як хочаш, {playername}, але я табе раю забыцца ўсё, што я казаў пра нейкія там шпіёнаў. Іх не існуе, ніколі не існавала, а калі што - ніхто іх ніколі не знойдзе. Памятай пра гэта.
dlga_lord_tell_mission:lord_mission_told_raid_caravan_to_start_war|{s13} - подлы народзец, і ўсе гэта ведаюць. Свет з імі раздражняе мяне, {playername}. Мы занадта доўга заплюшчвалі вочы на іх падкопы. Цяпер яны становяцца ўсё мацней, а іх пыху перайшло ўсякія межы. Мы павінны абвясціць ім вайну, пакуль не позна! На жаль, некаторыя мае падданыя па-ранейшаму чапляюцца за мір. Хм. Бабы і бязмозглыя трусы.
dlga_lord_mission_told_raid_caravan_to_start_war:lord_mission_tell_raid_caravan_to_start_war_2|Ты маеш рацыю, {s65}, але што мы можам зрабіць?
dlga_lord_mission_told_raid_caravan_to_start_war:quest_raid_caravan_to_start_war_rejected_1|Не магу пагадзіцца, пане. Свет усё ж пераважней вайны.
dlga_lord_mission_tell_raid_caravan_to_start_war_2:lord_mission_tell_raid_caravan_to_start_war_3|Ах, прыемна чуць, што хоць хтосьці мяне разумее! На самай справе мы можам сёе-тое зрабіць, {playername}. Зладзіць невялікую правакацыю. {s13} вельмі залежыць ад сваіх гандлёвых абозаў - усе надзеі звязвае толькі з гандлем. Калі б адзін з нашых атрадаў змог пракрасціся на іх тэрыторыю і спустошыць некалькі абозаў, у іх была б відавочная нагода абвясціць вайну нам. А тады-ну, тады і трусам сярод нас прыйдзецца ўстаць на абарону дзяржавы. Што скажаш? Ўдалая думка?
dlga_lord_mission_tell_raid_caravan_to_start_war_3:quest_raid_caravan_to_start_war_accepted|Выдатны план! Я вазьмуся за гэтую справу.
dlga_lord_mission_tell_raid_caravan_to_start_war_3:lord_mission_tell_raid_caravan_to_start_war_4|Чаму ты просіш мяне? Твае людзі не могуць гэтым заняцца?
dlga_lord_mission_tell_raid_caravan_to_start_war_4:lord_mission_tell_raid_caravan_to_start_war_5|Ну, {playername}, некаторым маім падданым не спадабаецца, што я развязваю вайну, не паведаміўшы іх. Яны і так шукаюць падставу, каб учапіцца ў мяне, і калі б я адважыўся на такое, яны маглі б мне выдатна папсаваць кроў. З іншага боку, ты малады, адважны, у цябе няма ворагаў, так што табе, калі пашанцуе, атрымаецца лёгка адкараскацца. І, вядома, я падтрымаю цябе і абараню твае дзеянні ў вачах праціўнікаў. Увогуле і цэлым, сёй-той з моцных гэтага свету можа быць засмучаны тым, што ты распачнеш, але я ўпэўнены, табе нічога не пагражае.
dlga_lord_mission_tell_raid_caravan_to_start_war_5:quest_raid_caravan_to_start_war_accepted|Добра, я разрабую абозы, як ты просіш.
dlga_lord_mission_tell_raid_caravan_to_start_war_5:quest_raid_caravan_to_start_war_rejected_2|Мне гэта не падабаецца. Пашукай каго-небудзь іншага, хто будзе аддзімацца за твае задумы.
dlga_quest_raid_caravan_to_start_war_accepted:close_window|Выдатна! І вось што: ты павінен захапіць і разрабаваць ня менш {reg13} абозаў, каб гэтыя ёлупы ў {s13} па-сапраўднаму раззлаваліся. Калі ўсё будзе зроблена, вяртайся да мяне - і будзь асцярожны, не пападзіся ў лапы іх патрулёў! Калі яны зловяць цябе, наш план, несумненна, праваліцца, а цябе чакае доўгі знаходжанне за кратамі. Ну, поспехі і добрага палявання.
dlga_quest_raid_caravan_to_start_war_rejected_1:lord_pretalk|Ах, вось як ты лічыш? І колькі, па-твойму, працягнецца твой каштоўны свет? Нядоўга, можаш мне паверыць.
dlga_quest_raid_caravan_to_start_war_rejected_2:lord_pretalk|Хм. Як хочаш, {playername}. Я думаў, што ў табе гарыць нейкае полымя, але, падобна, я памыляўся...
dlga_lord_tell_mission:lord_mission_told.1|У {s4} у мяне з палявых работ збегла некалькі прыгонных. Няўдзячныя свінні! Яны апрацоўвалі Мае палі і жылі ў маіх дамах, і вось іх падзяка! Кажуць, яны з усіх ног беглі ў бок {s3} і падзяліліся на тры групы, каб іх не схапілі. Я хачу, каб ты злавіў іх усіх і прывёў назад, чаго б гэта ні каштавала. Мне варта павесіць іх за спробу ўцёкаў, але хутка збор ўраджаю, і нам спатрэбіцца рабочая сіла, так што ў гэты раз абмяжуюся добрай лупцоўкай.
dlga_lord_tell_mission:lord_tell_mission_follow_spy|Я дакладна ведаю, што ў гэтым горадзе ёсць варожы шпіён. Яго трэба схапіць і павесіць, але мы думаем, што ён хутка сыдзе адсюль і адправіцца на сустрэчу з гаспадаром, каб перадаць яму звесткі. Сам шпіён асабліва не важны, але яго гаспадар вельмі небяспечны і мог бы многае нам порассказать, здолей мы злавіць яго.
dlga_lord_tell_mission_follow_spy:lord_tell_mission_follow_spy_2|Чакай, пакуль шпіён не адправіцца прэч з горада, а потым ідзі за ім да месца сустрэчы. Толькі глядзі не пападзіся яму, інакш ён што-небудзь западозрыць і вернецца. Калі з'явіцца яго гаспадар, арыштуй абодвух і дастаў да мяне. І, калі ласка, жыўцом.
dlga_lord_tell_mission_follow_spy_2:lord_tell_mission_follow_spy_accepted|Я ўсё зраблю, {s65}.
dlga_lord_tell_mission_follow_spy_2:lord_tell_mission_follow_spy_rejected|Не, у мяне няма часу на гэта.
dlga_lord_tell_mission_follow_spy_accepted:close_window|Добра, думаю, ты справішся. Адзін з маіх людзей пакажа табе шпіёна, каб ты ведаў, за кім сачыць. Запомні: мне патрэбныя абодва, і жыўцом!
dlga_lord_tell_mission_follow_spy_rejected:lord_pretalk|Дрэнна. Ну што ж, ідзі, {playername}.
dlga_lord_tell_mission:lord_tell_mission_capture_enemy_hero|У мяне ёсць адно складанае заданне для цябе, {playername}. Думаю, як раз ты з ім справішся. Трэба захапіць якога-небудзь шляхетнага чалавека з {s13} і прывесці яго да мяне. Потым я змагу абмяняць яго на майго сваяка, якога трымаюць у палоне. Праца нескладаная, але ведаць яна ж без аховы ходзіць. Ну дык што, згодны?
dlga_lord_tell_mission_capture_enemy_hero:lord_tell_mission_capture_enemy_hero_accepted|Будзе зроблена, {s65}.
dlga_lord_tell_mission_capture_enemy_hero:lord_tell_mission_capture_enemy_hero_rejected|Не, {s65}. Я не выкрадаю людзей.
dlga_lord_tell_mission_capture_enemy_hero_accepted:close_window|Вось і добра! Прывядзі мне ворага, і я вып'ю за тваё здароўе па вяртанні! І награжу, вядома ж.
dlga_lord_tell_mission_capture_enemy_hero_rejected:lord_pretalk|Здаецца, не варта было мне пераацэньваць твае магчымасці. Нічога, знайду каго-небудзь яшчэ.
dlga_lord_tell_mission:lord_tell_mission_lend_companion|Для цябе ў мяне працы няма, але вось {s3} мне цяпер вельмі спатрэбіцца. Не саступіш ці {reg3?яе: яго} мне ненадоўга?
dlga_lord_tell_mission_lend_companion:lord_tell_mission_lend_companion_2|На колькі {reg3?яна: ён} спатрэбіцца?
dlga_lord_tell_mission_lend_companion_2:lord_mission_lend_companion_told|На некалькі дзён, самае большае - тыдзень.
dlga_lord_mission_lend_companion_told:lord_tell_mission_lend_companion_accepted|Тады {s3} застаецца з табой на тыдзень.
dlga_lord_mission_lend_companion_told:lord_tell_mission_lend_companion_rejected|Прабач, але за тыдзень {s3} можа не раз мне спатрэбіцца.
dlga_lord_tell_mission_lend_companion_accepted:close_window|Не ведаю, як і дзякаваць цябе, {playername}. Не бойся, хутка ты атрымаеш свайго спадарожніка назад.
dlga_lord_tell_mission_lend_companion_rejected:lord_pretalk|Што ж, гэта вельмі сумна, але раз {s3} твой чалавек, то я не магу настойваць. Прыйдзецца як-небудзь абысціся.
dlga_lord_tell_mission:lord_tell_mission_collect_debt|Некаторы час таму {s3} заняў у мяне прыстойную суму ў {reg4} талераў. Ён абяцаў вярнуць доўг праз месяц, але з тых часоў так нічога і не аддаў, а прайшло ўжо шмат часу. Калі ты вытрасеш з яго мой абавязак, Я аддам пятую частку сабранага. Што скажаш?
dlga_lord_tell_mission_collect_debt:lord_tell_mission_collect_debt_2|Дзе мне знайсці {s3}, {s65}?
dlga_lord_tell_mission_collect_debt_2:lord_tell_mission_collect_debt_3|Калі ты адправішся ў шлях зараз, то напэўна сустрэнешся з ім у {s4}. Думаю, ён будзе зьбянтэжаны і неадкладна аддасць увесь доўг.
dlga_lord_tell_mission_collect_debt_3:lord_tell_mission_collect_debt_accepted|Я паклапачуся, каб {s3} вярнуў доўг.
dlga_lord_tell_mission_collect_debt_3:lord_tell_mission_collect_debt_rejected|Я лічу, што ты павінен спагнаць гэты доўг асабіста, {s65}.
dlga_lord_tell_mission_collect_debt_accepted:close_window|Выдатна, што ты пагадзіўся, {playername}! Прашу, зрабі ўсё, каб {s3} аддаў мае грошы!
dlga_lord_tell_mission_collect_debt_rejected:lord_pretalk|Можа, і так, {playername}. Відаць, ніколі мне ўжо не атрымаць гэтых грошай.
dlga_lord_tell_mission:lord_tell_mission_incriminate_commander|Кажу табе, {s14} не заслугоўвае такога слабога кіраўніка, як {s13}. Калі б не яго верны падданы {s15}, ён бы даўно ўжо пазбавіўся ўсіх зямель. Пакуль {s15} служыць яму, яму нічога не страшна. Значыць, {s15} павінен знікнуць, і я нават ведаю, як менавіта. З тваёй, зразумела, дапамогай.
dlga_lord_tell_mission_incriminate_commander:lord_tell_mission_incriminate_commander_2|Я ўважліва слухаю, {s66}.
dlga_lord_tell_mission_incriminate_commander:lord_tell_mission_incriminate_commander_rejected|{s15} не заслугоўвае подласці з майго боку.
dlga_lord_tell_mission_incriminate_commander_rejected:lord_pretalk|Подласці?! Цьфу, а мне-то здавалася, ты нам дапаможаш, {playername}! Цяпер прыйдзецца шукаць каго-то, каму можна давяраць!
dlga_lord_tell_mission_incriminate_commander_2:lord_tell_mission_incriminate_commander_3|Трэба напісаць фальшывае ліст з маёй пячаткай, з якога павінна прытрымлівацца, быццам бы {s15} згаварыўся з намі і мы разам збіраемся пракруціць нейкую справу. Месцам збору значыцца {s14}. Калі {s13} паверыць, што ліст цяперашні, {s15} доўга не пражыве. Засталося зрабіць так, каб {s13} паверыў.
dlga_lord_tell_mission_incriminate_commander_3:lord_tell_mission_incriminate_commander_4|Працягвай, {s65}.
dlga_lord_tell_mission_incriminate_commander_3:lord_tell_mission_incriminate_commander_rejected|Не, я не буду ўдзельнічаць у гэтай бруднай справе.
dlga_lord_tell_mission_incriminate_commander_4:lord_tell_mission_incriminate_commander_5|Вось тут як раз і спатрэбішся ты. Ты адправішся ў {s14} з лістом, аддасі яго аднаму са сваіх салдат і загадаеш даставіць {s15}. Я папярэджу свайго чалавека з гарадской варты, і твайго салдата арыштуюць на паўдарозе. Вартавыя знойдуць ліст і аддадуць {s13}. Вядома, твайго чалавека будуць катаваць, але нічога асаблівага ён сказаць не зможа, акрамя таго, што адправіў ліст ты. {s13} ведае, што ты служыш мне, і павінен хутка ва ўсё паверыць.
dlga_lord_tell_mission_incriminate_commander_5:lord_tell_mission_incriminate_commander_7|І ўсё?
dlga_lord_tell_mission_incriminate_commander_7:lord_tell_mission_incriminate_commander_8|І яшчэ адно... Твой пасланнік павінен быць надзейным чалавекам. Калі паслаць ліст з якім-небудзь непрыкметным селянінам, {s13} можа западозрыць змова. Розуму ў яго не больш, чым у слімака, але нават слімак ня проглядит відавочнага. Так што пайшлі з лістом каго-небудзь посолиднее. {s9} падыдзе.
dlga_lord_tell_mission_incriminate_commander_8:lord_tell_mission_incriminate_commander_9|Што? {s9} - мой чалавек! Я не пасылаю адданых мне людзей на верную смерць!
dlga_lord_tell_mission_incriminate_commander_8:lord_tell_mission_incriminate_commander_fin|Тады {s8}.
dlga_lord_tell_mission_incriminate_commander_9:lord_tell_mission_incriminate_commander_10|Ну ж, {playername}. Пачуцці важныя, але не цяпер. Павер, ты атрымаеш годнае ўзнагароджанне, і потым, паміраць па загадзе - гэта і ёсць прызначэнне любога салдата.
dlga_lord_tell_mission_incriminate_commander_10:lord_tell_mission_incriminate_commander_fin|Няхай будзе {s8}.
dlga_lord_tell_mission_incriminate_commander_10:lord_tell_mission_incriminate_commander_rejected|Не, я не буду ахвяраваць сваімі людзьмі.
dlga_lord_tell_mission_incriminate_commander_fin:lord_pretalk|Ты не ўяўляеш, як мне радасна гэта чуць, {playername}. Ты дапамагаеш мне ліквідаваць з шляху адно з самых вялікіх перашкод. Вось ліст і 300 талераў на выдаткі. У выпадку поспеху атрымаеш больш, нашмат больш!
dlga_lord_tell_mission:lord_mission_told.2|Падчас апошняй сутычкі з ворагам групу маіх людзей узялі ў палон. На шчасце, у нас ёсць пагадненне аб абмене палоннымі, і іх адпусцяць, калі мы вернем наўзамен столькі ж людзей таго ж рангу. А палонных у мяне як раз і няма! Таму мне патрэбныя {s3}, {reg1} чалавек, каб было, каго абменьваць.
dlga_lord_tell_mission:lord_pretalk|Не, {playername}. Цяпер мне твая дапамога не патрэбная.
dlga_lord_mission_told:lord_mission_accepted|Можаш разлічваць на мяне, {s65}.
dlga_lord_mission_told:lord_mission_rejected|Баюся, цяпер я не магу ўзяцца за гэтае заданне.
dlga_lord_mission_accepted:close_window|Выдатна, {playername}, выдатна. Не падвядзі мяне.
dlga_lord_mission_rejected:close_window|Хіба? Што ж, відаць, заданне табе не па сілах. Пашукаю каго-небудзь паспрыяе.
dlga_lord_talk:lord_leave_prison|Мне трэба ісці.
dlga_lord_talk:lord_leave|Мне пара...
dlga_lord_talk:lord_leave.1|Мне трэба ісці...
dlga_lord_leave:lord_leave_give_quest|Перш чым ты пойдзеш, {playername}, мне трэба сёе пра што цябе папрасіць. На гэтай вайне мы апынуліся па розныя бакі, але я веру, што мы ўсё ж такі можам ставіцца адзін да аднаго па-чалавечы... І, магчыма, ты здолееш дапамагчы мне ў адной вельмі важнай справе.
dlga_lord_leave_give_quest:enemy_lord_tell_mission|Я слухаю.
dlga_enemy_lord_tell_mission:lord_mission_told|У мяне ёсць сябар-некалі грозны воін, але цяпер ён цяжка хворы. Старыя раны запаліліся, і калі яго неадкладна не паказаць лекару, ён памрэ. Гэты чалавек мне вельмі дарагі, але ён таксама вельмі ўпарты і не дазваляе нікому агледзець сябе, бо не верыць. Мне казалі, што ў цябе ёсць добры костоправ. Можа, ты мог бы адпусціць {reg3?яго: яе са мной, каб мы разам пераканалі майго сябра заняцца сваім здароўем? Калі ласка, я буду навечна ў цябе ў даўгу.
dlga_enemy_lord_tell_mission:close_window|Памылка: супадае з заданнем: {s7}.
dlga_lord_leave_prison:close_window|Мы яшчэ сустрэнемся.
dlga_lord_leave:close_window|Вядома, {playername}. Бывай.
dlga_lord_leave:close_window.1|Шчаслівага шляху, {playername}.
dlga_lord_leave:close_window.2|Бывай.
dlga_lord_leave:close_window.3|Мы яшчэ сустрэнемся.
dlga_member_chat:lady_journey_1|Як табе паездка, {s65}?
dlga_lady_journey_1:close_window|Усё выдатна, {playername}. Дзякуй за клопат.
dlga_start:lady_qst_duel_for_lady_succeeded_1|Аб, {playername}, як прыемна бачыць цябе зноў! Мне казалі, {s13} атрымаў па заслугах! Спадзяюся, ён ніколі не забудзе свайго прыніжэньня. Я хачу ўзнагародзіць цябе, але баюся, што ўзнагарода занадта малая для такога подзвігу.
dlga_lady_qst_duel_for_lady_succeeded_1:lady_qst_duel_for_lady_succeeded_2|Мне любая ўзнагарода па душы.
dlga_lady_qst_duel_for_lady_succeeded_1:lady_qst_duel_for_lady_succeeded_2.1|Ваша ўзнагарода занадта вялікая, {s66}!
dlga_lady_qst_duel_for_lady_succeeded_1:lady_qst_duel_for_lady_succeeded_2.2|Прашу, {s65}, не трэба ніякіх узнагарод.
dlga_lady_qst_duel_for_lady_succeeded_2:lady_pretalk|{s10}
dlga_start:lady_qst_duel_for_lady_failed|Мне сказалі, што ты біўся з {s13} на паядынку, каб адстаяць маю невінаватасць, {playername}. Гэта вельмі высакародны жэст, вялікі дзякуй.
dlga_lady_qst_duel_for_lady_failed:lady_qst_duel_for_lady_failed_2|Прашу прабачэння за сваю няўдачу, {s65}...
dlga_lady_qst_duel_for_lady_failed_2:lady_pretalk|Усё роўна, {playername}. Ты хоць бы паспрабаваў. Ісціну нельга даказаць пры дапамозе шпагі, але ты бясстрашна рызыкаваў дзеля мяне сваім жыццём. Ужо гэта пераканае многіх у маёй невінаватасці.
dlga_start:lady_escort_lady_succeeded|Дзякуй, што праводзіў мяне, {playername}. Прашу, прымі гэты дар у знак маёй падзякі. Спадзяюся, мы яшчэ сустрэнемся.
dlga_lady_escort_lady_succeeded:close_window|Для мяне было гонарам служыць табе, {s65}.
dlga_start:lady_generic_mission_succeeded|Аб, {playername}, ты вярнуў яго мне! Дзякуй, нарэшце-то мой {s17} выратаваны. Прашу, вазьмі гэта ў якасці сціплай узнагароды за подзвіг.
dlga_lady_generic_mission_succeeded:lady_pretalk|Для мяне гонар служыць табе, {s65}.
dlga_start:lady_premeet|Твой твар мне незнаёмы...
dlga_lady_premeet:lady_meet|Я {playername}.
dlga_lady_premeet:lady_meet.1|Мяне клічуць {playername}.
dlga_lady_meet:lady_meet_end|{playername}? Ніколі пра цябе не чула.
dlga_lady_meet_end:lady_talk|Магу я чымсьці дапамагчы?
dlga_start:lady_talk|Так?
dlga_lady_pretalk:lady_talk|Што-небудзь яшчэ?
dlga_lady_talk:lady_ask_for_quest|Што я магу зрабіць для цябе?
dlga_lady_ask_for_quest:lady_pretalk|Для цябе пакуль няма заданняў.
dlga_lady_ask_for_quest:lady_mission_told|Аб, я баюся, што мой {s17} {s13} назаўжды страчаны для мяне... {s14} трымае яго ў вязніцы. Мы спрабавалі прапанаваць выкуп, але ён запатрабаваў занадта высокую цану-каб яе атрымаць, нам давялося б прадаць усё, што толькі ў нас ёсць. А {s13} хутчэй згніе ў турме, чым разарыць нас... У мяне ёсць адзін план, як яго выратаваць, але для гэтага камусьці спатрэбіцца пайсці на вялікую ахвяру, так што пакуль мне не ўдалося нікога ўгаварыць...
dlga_lady_ask_for_quest:lady_mission_told.1|Мой бедны {s17} {s13} сядзіць у палоне ў {s14}. Мы вядзем перапіску, але дастаўляць лісты ў табар ворагаў вельмі і вельмі небяспечна, таму мы пішам рэдка. Прашу цябе, не змог бы ты аднесці мой ліст?
dlga_lady_ask_for_quest:lady_quest_duel_for_lady|Аб, {playername}! Ты нічога не ведаеш пра мае беды, а я не магу прасіць, каб дзеля Мяне ты рызыкаваў жыццём.
dlga_lady_quest_duel_for_lady:lady_quest_duel_for_lady_2|Скажы, у чым справа, а далей ужо мне вырашаць.
dlga_lady_quest_duel_for_lady_2:lady_quest_duel_for_lady_3|Добра... Мой муж нажыў сабе некалькіх ворагаў. {s13} - самы небяспечны з іх. Ён увесь час выстаўляе супраць мяне жудасныя абвінавачванні і ганьбіць мяне! Ён не можа наўпрост пашкодзіць майму мужу, таму чэрніць наша добрае імя праз мяне. Калі б ты толькі чуў, што ён кажа! Вось хто-небудзь правучыў яго як след... Але {s13} выдатна валодае шпагай і пісталетам, і яго ўсе баяцца.
dlga_lady_quest_duel_for_lady_3:lady_quest_duel_for_lady_3_accepted|Я не баюся яго, {s65}, і прымушу забраць назад свае словы.
dlga_lady_quest_duel_for_lady_3_accepted:close_window|Аб! Мне не прыстала прасіць пра гэта, {playername}, але... Ты мне выклікаеш давер, і калі б ты пагадзіўся адстаяць мой гонар, то маім падзякам і малітвам не было б канца...
dlga_lady_quest_duel_for_lady_3:lady_quest_duel_for_lady_3_rejected|Раз ён так небяспечны, не варта да яго лезці.
dlga_lady_quest_duel_for_lady_3_rejected:close_window|Можа, ты і мае рацыю, {playername}. Трэба спыніць гэтыя дзіцячыя мары аб рыцарстве і адвазе. Цяпер няма такіх людзей, нідзе няма. Бывай.
dlga_lady_ask_for_quest:lady_pretalk.1|Дзякуй, {playername}. Мне цяпер нічога не патрабуецца.
dlga_lady_mission_told:lady_mission_accepted|Як скажаш, {s65}. Будзе зроблена.
dlga_lady_mission_told:lady_mission_rejected|Баюся, што цяпер я нічым не магу дапамагчы, {s66}.
dlga_lady_mission_accepted:close_window|Ты вельмі высакародны, {playername}. Дзякуй, што дапамог мне.
dlga_lady_mission_rejected:close_window|Не дапаможаш жанчыне ў бядзе? Сорамна, {playername}... А цяпер я цябе пакіну, мае вышывальшчыцы мяне зачакаліся.
dlga_lady_talk:lady_restore_relation|Мне трэба наладзіць адносіны з адным спадаром. Ты можаш мне дапамагчы?
dlga_lady_restore_relation:lady_pretalk|{playername}, я не так добра цябе ведаю, каб дзейнічаць ад Твайго імя. Дараваць.
dlga_lady_restore_relation:lady_restore_relation_2|Хм-м.добра. З кім жа ты хочаш наладзіць адносіны?
dlga_lady_restore_relation_2:lady_restore_relation_2b|{s1}
dlga_lady_restore_relation_2:lady_pretalk|Забыцца. У мяне з усімі добрыя адносіны.
dlga_lady_restore_relation_2b:lady_restore_relation_3|Я паспрабую дапамагчы табе. Думаю, атрымаўшы некалькі дарагіх падарункаў, {s10} зменіць сваё стаўленне.
dlga_lady_restore_relation_3:lady_restore_relation_4|{s10} будзе ставіцца да цябе лепш, калі атрымае падарунак не танней {reg10} талераў. А калі ён будзе каштаваць {reg11} талераў, гэта вырабіць на яго яшчэ большае ўражанне. А ўжо калі {reg12} - усё пройдзе як па масле.
dlga_lady_restore_relation_4:lady_restore_relation_5|Думаю, {reg10} талераў на падарунак будзе дастаткова.
dlga_lady_restore_relation_4:lady_restore_relation_5.1|{reg11} талераў на падарунак мне не шкада.
dlga_lady_restore_relation_4:lady_restore_relation_5.2|Калі так, то і {reg12} талераў талераў не шкада.
dlga_lady_restore_relation_4:lady_restore_relation_cant_afford|Не думаю, што цяпер я магу дазволіць сабе гэта.
dlga_lady_restore_relation_5:lady_restore_relation_6|Выдатна. Тады я выберу годны падарунак і падару {s10} ад Твайго імя. Думаю, {reg4?яна: ён} ацэніць гэты жэст.
dlga_lady_restore_relation_6:lady_pretalk|Дзякуй за дапамогу, пані.
dlga_lady_restore_relation_cant_afford:lady_pretalk|Баюся, тут я нічым не дапамагу, {playername}. Дараваць.
dlga_lady_talk:lady_leave|Мне трэба ісці...
dlga_lady_leave:close_window|Бывай, {playername}.
dlga_convince_begin:convince_options|Не разумею, чаму я павінен ісці ў цябе на падставе?
dlga_convince_options:convince_bribe|Я кампенсую страты. ({reg8} талераў)
dlga_convince_options:convince_friendship|Прашу, зрабі гэта дзеля нашага сяброўства! (- {reg9} у адносінах)
dlga_convince_options:convince_persuade_begin|Дазволь мне пераканаць цябе! (Перакананне)
dlga_convince_options:lord_pretalk|Мне пара...
dlga_convince_bribe:convince_bribe_verify|Хм-м, вельмі шчодра з твайго боку. {reg8} талераў павінна хапіць. Я прымаю вашу прапанову.
dlga_convince_bribe_verify:convince_bribe_cant_afford|Баюся, я не магу дазволіць сабе гэта.
dlga_convince_bribe_verify:convince_bribe_goon|Добра, трымай {reg8} талераў.
dlga_convince_bribe_verify:convince_begin|Мне трэба абдумаць гэта.
dlga_convince_bribe_cant_afford:convince_options|Што ж, тады нічым не магу дапамагчы-хіба што знойдуцца больш важкія аргументы.
dlga_convince_bribe_goon:convince_accept|Добра, {playername}. Думаю, на гэтым пытанне можна лічыць вырашаным!
dlga_convince_friendship:convince_friendship_verify|Ты добра абышоўся са мною ў мінулым, {playername}, і за гэта я выканаю тваю просьбу. Але ведай, што мне не падабаецца такое злоўжыванне нашымі адносінамі!
dlga_convince_friendship_verify:convince_friendship_go_on|Даруй, сябар мой, але мне патрэбна твая дапамога.
dlga_convince_friendship_verify:lord_pretalk|Калі цябе гэта не задавальняе, я паспрабую дзейнічаць па-іншаму.
dlga_convince_friendship_go_on:convince_accept|Добра, {playername}. Я пагаджуся толькі дзеля цябе, але ты станеш маім даўжніком.
dlga_convince_friendship:lord_pretalk|Не думаю, што варта аказваць такое ласку, {playername}. Не бачу на тое прычын.
dlga_convince_friendship:lord_pretalk.1|Гэта жарт? У цябе хапае нахабства прасіць у мяне аб ласцы, {playername}? Нічога ты не атрымаеш!
dlga_convince_persuade_begin:convince_persuade_begin_2|Добра. Казаць.
dlga_convince_persuade_begin_2:convince_persuade|[Паспрабаваць пераканаць]
dlga_convince_persuade_begin_2:convince_begin|[Паспрабаваць іншыя варыянты]
dlga_convince_persuade_begin:lord_pretalk|Хопіць, {playername}! Мне надакучыла цябе слухаць. Твае довады мяне не пераконваюць.
dlga_convince_persuade:convince_accept|Добра, ты мяне пераканаў. Я зраблю, як ты просіш.
dlga_convince_persuade:convince_options|Трэба прызнаць, які-ніякі Рацыя ў гэтым ёсць, {playername}. Аднак ты не пераканаў мяне да канца.
dlga_convince_persuade:convince_options.1|Хопіць, {playername}! Аргументаў у цябе шмат, але ўсе яны непераканаўчыя. Я застануся пры сваім меркаванні.
dlga_convince_persuade:convince_options.2|На самай справе, {playername}, твае довады мяне не пераконваюць. Гэта яшчэ больш бессэнсоўна таго, што ты прасіў раней.
dlga_start:siege_won_seneschal_1|Віншую цябе з перамогай, {спадар / мілэдзі}! {s1} вітае цябе. Мы, захавальнікі гэтай крэпасці, да тваіх паслуг.
dlga_siege_won_seneschal_1:siege_won_seneschal_2|Вы кіраўнік?
dlga_siege_won_seneschal_2:siege_won_seneschal_3|Так і ёсць, {спадар / мілэдзі}. {s1} - мой дом, і я заўсёды служыў яго ўладальнікам верай і праўдай. Можаш разлічваць на маю адданасць, пакуль будзеш кіраваць тут. Ты пакінеш мяне кіраўніком? Абяцаю, ты не пашкадуеш.
dlga_siege_won_seneschal_3:siege_won_seneschal_4|Добра, ты захаваеш сваю пасаду.
dlga_siege_won_seneschal_3:siege_won_seneschal_4.1|Заставайся, але я буду за табой сачыць.
dlga_siege_won_seneschal_4:siege_won_seneschal_5|Дзякуй, {спадар / мілэдзі}. Прабач маё цікаўнасць, але магу я спытаць: як ты мае намер паступіць з крэпасцю?
dlga_siege_won_seneschal_5:siege_won_seneschal_6|Продам как-то дваран.
dlga_siege_won_seneschal_5:siege_won_seneschal_6.1|Пакіну яго сабе.
dlga_siege_won_seneschal_5:siege_won_seneschal_list_options|Пакуль не ведаю. А як з ім можна паступіць?
dlga_siege_won_seneschal_list_options:siege_won_seneschal_list_options_2|Вы можаце зрабіць некалькі рэчаў, спадар. Па-першае, размясціць тут гарнізон, які абароніць крэпасць ад першай хвалі нападаў. Па-другое, можна дамагчыся аўдыенцыі ў якога - небудзь шляхетнага двараніна-магчыма, ён зробіць выгаднае прапанову. Крэпасць можа каштаваць вельмі дорага, павер мне. Калі ж ты не хочаш яго прадаваць, тады табе трэба будзе знайсці кіраўніка, які змог бы цябе абараніць. Без падтрымкі кіраўніка і арміі за спіной доўга крэпасць не ўтрымаць. І ты сам, і {s1} - прынадная мэта для любога прайдзісвета з жменькай салдат і маломальскими амбіцыямі.
dlga_siege_won_seneschal_list_options_2:siege_won_seneschal_list_options_3|Пры чым тут кіраўнік?! Я заваяваў гэтае месца, яно маё, і мне не патрэбна нічыя абарона!
dlga_siege_won_seneschal_list_options_3:siege_won_seneschal_list_options_4|Ну вядома, {спадар / мілэдзі}. Аднак мясцовы кіраўнік не прызнае права на ўласнасць, калі яно не будзе змацавана каралеўскай пячаткай. {s1} стане незаконным валоданнем, і яго адбяруць пры першай жа магчымасці. А супраць цэлай арміі табе не выстаяць.
dlga_siege_won_seneschal_list_options_4:siege_won_seneschal_6|Хм-м. трэба падумаць.
dlga_siege_won_seneschal_6:close_window|Рады гэта чуць, {спадар / мілэдзі}. Я стараюся служыць па меры сіл. Калі спатрэбіцца, то буду ў вялікай зале.
dlga_start:seneschal_intro_1|Добры дзень, {спадар / спадарыня}. Думаю, раней мы не сустракаліся. Дазволь мне як кіраўніку гэтай крэпасці павітаць цябе!
dlga_seneschal_intro_1:seneschal_intro_1a|Якая прыемная сустрэча, {s65}!
dlga_seneschal_intro_1a:seneschal_talk|Чым магу дапамагчы?
dlga_seneschal_intro_1:seneschal_intro_1b|Што ты тут робіш?
dlga_seneschal_intro_1b:seneschal_talk|У кіраўніка шмат клопатаў, {спадар / спадарыня}. Напрыклад, Я збіраю падаткі з панскіх маёнткаў, загадваю кладоўкамі, вяду справы з сялянамі, прыслугай, збіраю харчы для воінаў... Усю руціну свайго надзела мае спадары заўсёды давяралі мне. Усе, акрамя камандавання салдатамі.
dlga_start:seneschal_talk|Добры дзень, {спадар / спадарыня}.
dlga_seneschal_pretalk:seneschal_talk|Што-небудзь яшчэ?
dlga_seneschal_talk:seneschal_ask_something|У мяне ёсць пытанне да цябе.
dlga_seneschal_talk:seneschal_ask_about_someone|Я хачу даведацца сёе пра каго...
dlga_seneschal_ask_about_someone:seneschal_ask_about_someone_2|Можа, я і здолею дапамагчы. Пра каго менавіта?
dlga_seneschal_ask_about_someone_2:seneschal_ask_about_someone_3|{s1}
dlga_seneschal_ask_about_someone_2:seneschal_pretalk|Назад
dlga_seneschal_ask_about_someone_3:seneschal_ask_about_someone_4|{s2}{s1}
dlga_seneschal_ask_about_someone_relation:seneschal_ask_about_someone_4|{reg1?Яна: ён} ненавідзіць {s51}.
dlga_seneschal_ask_about_someone_4:seneschal_ask_about_someone_relation|Дзе цяпер знаходзіцца {s1}?
dlga_seneschal_ask_about_someone_4:seneschal_pretalk|Дзякуй за дапамогу!
dlga_seneschal_talk:close_window|Мне трэба цябе пакінуць. Бывай!
dlga_seneschal_ask_something:seneschal_ask_something_2|Паспрабую дапамагчы. Пра што ты хацеў спытаць?
dlga_seneschal_ask_something_2:seneschal_ask_location|Магчыма, ты ведаеш, дзе мне знайсці аднаго чалавека...
dlga_seneschal_ask_location:seneschal_ask_location_2|Праца ў мяне такая - усё ведаць. Дык хто менавіта патрэбны?
dlga_seneschal_ask_location_2:seneschal_ask_location_3|{s1}
dlga_seneschal_ask_location_2:seneschal_pretalk|Назад
dlga_seneschal_ask_location_3:seneschal_pretalk|{s1}
dlga_start:close_window.4|Я бачу сцены {S3} наперадзе! Мы дабраліся. Трымай сваё ўзнагароджанне. {reg3} талераў, спадзяюся, хопіць. Спадзяюся, мы яшчэ сустрэнемся.
dlga_start:talk_caravan_escort|Пакуль што мы тут... Наперадзе ўсё чыста?
dlga_talk_caravan_escort:talk_caravan_escort_2a|Побач могуць быць разбойнікі. Трымайся бліжэй!
dlga_talk_caravan_escort_2a:close_window|Павер, {playername}, мы трымаемся так блізка, як толькі можам. Паказвай дарогу.
dlga_talk_caravan_escort:talk_caravan_escort_2b|Нічога не відаць, усё чыста.
dlga_talk_caravan_escort_2b:close_window|Я ўздыхну спакойна толькі тады, калі наперадзе падасца {s1}. Працягваем шлях.
dlga_start:merchant_talk|Чаго трэба? Мы заплацілі менш за тры дні таму!
dlga_start:merchant_talk.1|Вітаю, сябра мой.
dlga_start:merchant_talk.2|Чаго трэба? Дык мы ж гэта, простыя купцы, праблем не шукаем, пакінулі б нас у спакоі!
dlga_start:merchant_talk.3|Эй, брыда, прэч з дарогі! Гэты абоз знаходзіцца пад абаронай {s9}. Так што прапусці нас падабру-павітаю!
dlga_start:merchant_talk.4|Так? Чаго табе?
dlga_merchant_pretalk:merchant_talk|Яшчэ чаго?
dlga_merchant_talk:caravan_start_war_quest_1|Вы ўварваліся ў зямлі {s17}. Я забіраю абоз і ўсе тавары!
dlga_caravan_start_war_quest_1:caravan_start_war_quest_2|Што? Што яшчэ за глупства? Не ваша гэта зямля, ды і кіраўнік {s17} сам прысягаў і бажыўся, што ў нас мір з ім навечна вечныя!
dlga_caravan_start_war_quest_2:merchant_attack|Гэта мы яшчэ паглядзім! Абараняйцеся!
dlga_caravan_start_war_quest_2:close_window|Добра-добра! Гэта быў жарт. Да пабачэння.
dlga_merchant_talk:merchant_talk_offer|У мяне да цябе прапанова.
dlga_merchant_talk_offer:merchant_talk_offer_2|Якое?
dlga_merchant_talk_offer_2:caravan_offer_protection|Я магу суправадзіць вас за плату.
dlga_merchant_talk_offer_2:merchant_pretalk|Назад
dlga_merchant_talk:merchant_demand|Пачакайце-ка, спадары добрыя.
dlga_merchant_talk:merchant_carried_items|Што везяце?
dlga_merchant_carried_items:merchant_talk|{s64}, мы перавозім {reg1} адзінак {s1} у {s2}.
dlga_merchant_demand:merchant_demand_2|Чаго ты хочаш?
dlga_merchant_demand_2:merchant_demand_toll|Праход тут платны!
dlga_merchant_demand_toll:merchant_demand_toll_2|Мне не патрэбныя непрыемнасці! Вось, вазьмі! Хопіць Тваёй ласкі {reg6} талераў? Больш я даць не магу.
dlga_merchant_demand_toll:merchant_demand_toll_2.1|Я на сваю галаву сам клопатаў не шукаю. {reg6} талераў за праход нам не шкада, ну так і вы нас прапусціце. 
dlga_merchant_demand_toll_2:merchant_demand_toll_accept|Добра, давай, і ідзіце з мірам.
dlga_merchant_demand_toll_accept:close_window|Добра. Вось {reg6} талераў срэбрам.
dlga_merchant_demand_toll_2:merchant_pretalk|Добра, не патрэбныя мне вашы грошы.
dlga_merchant_demand_toll_2:merchant_attack|Не, мне трэба ўсё, што ў вас ёсць! [Заатакаваць]
dlga_merchant_demand_2:merchant_attack_begin|А ну давайце ўсе грошы і каштоўнасці!
dlga_merchant_demand_2:merchant_pretalk|Не, нічога.
dlga_merchant_attack_begin:merchant_attack_verify|Вы нас рабуеце?
dlga_merchant_attack_verify:merchant_attack_verify_norob|Рабуем? Не, што ты, гэта быў жарт!
dlga_merchant_attack_verify_norob:close_window|Не трэба так жартаваць, пане! Ты нас моцна напалохаў.
dlga_merchant_attack_verify:merchant_attack|Вядома, я вас граблю. Аддавайце тавары.
dlga_merchant_attack:close_window|Чорта з два вы атрымаеце што-небудзь без бою!
dlga_caravan_offer_protection:caravan_offer_protection_2|На гэтых дарогах небяспечна, без аховы тут нельга.
dlga_caravan_offer_protection_2:close_window|Эскорт? Ды мы ўжо амаль прыйшлі! Але дзякуй за прапанову.
dlga_caravan_offer_protection_2:caravan_offer_protection_3|Мы едзем у {s1}. Праводзь нас. {reg2} талераў за паслугі, мяркую, будзе дастаткова?
dlga_caravan_offer_protection_3:caravan_offer_protection_4|Добра.
dlga_caravan_offer_protection_4:caravan_offer_protection_5|Трымайся бліжэй да нас. Калі нападуць разбойнікі, нам спатрэбіцца дапамога.
dlga_caravan_offer_protection_5:caravan_offer_protection_6|Не хвалюйся, я не падвяду.
dlga_caravan_offer_protection_6:close_window|Добра. Калі наперадзе падасца {s1}, ты зможаш забраць свае грошы. А цяпер ідзем.
dlga_caravan_offer_protection_3:caravan_offer_protection_4b|Назад
dlga_caravan_offer_protection_4b:close_window|Можа, у іншы раз.
dlga_merchant_talk:talk_caravan_enemy_2|Не так хутка. Спачатку вы аддасце ўсе грошы і тавары.
dlga_talk_caravan_enemy_2:close_window|Ніколі! Мы павінны абараняць гэты тавар, так што табе, подлае адроддзе, прыйдзецца за яго пазмагацца!
dlga_merchant_talk:close_window|Выйсці...
dlga_start:prison_guard_players|Добры дзень, {спадар / спадарыня}. Ты ў турму накіроўваешся?
dlga_prison_guard_players:close_window|Так. Отопри дзверы.
dlga_prison_guard_players:close_window.1|Не, не цяпер.
dlga_start:prison_guard_talk|Чаго трэба, спадар?
dlga_prison_guard_talk:prison_guard_ask_prisoners|Хто цяпер у зняволенні?
dlga_prison_guard_talk:prison_guard_visit_prison|Я хачу пагаварыць са зняволенымі.
dlga_prison_guard_ask_prisoners:prison_guard_talk|Цяпер там {s51} {reg1?утрымліваюцца: змяшчаецца}.
dlga_prison_guard_visit_prison:close_window|Вядома, {спадар / спадарыня}. Уваходзіць.
dlga_prison_guard_visit_prison:prison_guard_visit_prison_2|Спачатку атрымай дазвол ад гаспадара, спадар, а потым будзеш са зняволенымі размовы весці.
dlga_prison_guard_visit_prison_2:close_window|Добра. Я атрымаю яго.
dlga_prison_guard_visit_prison_2:prison_guard_visit_prison_3|Ад гаспадара? Думаў, ты тут самы галоўны...
dlga_prison_guard_visit_prison_3:prison_guard_visit_prison_4|Ну, я зараз за старшага, тока пусціць я цябе ўсё роўна не магу.
dlga_prison_guard_visit_prison_4:close_window|Добра, тады я пайшоў.
dlga_prison_guard_visit_prison_4:prison_guard_visit_prison_5|Тут недалёка валяўся кашалёк з сотняй талераў. Твой, напэўна?
dlga_prison_guard_visit_prison_5:close_window|З сотняй?! Ага, увесь дзень яго шукаю! Дзякуй, {спадар / спадарыня}. Ну добра... раз ужо ты так сумленны, то я пушчу Цябе ўнутр ненадоўга.
dlga_prison_guard_talk:close_window|Я так, нічога...
dlga_start:castle_guard_players|Што загадаеш, {спадар / спадарыня}?
dlga_castle_guard_players:close_window|Адчыні мне дзверы.
dlga_castle_guard_players:close_window.1|Назад
dlga_start:castle_guard_sneaked_intro_1|Прэч з дарогі, брыда! Ад цябе смярдзіць!
dlga_start:close_window.5|Прэч і не выпрабоўвай маё цярпенне, жабрак!
dlga_castle_guard_sneaked_intro_1:castle_guard_sneaked_intro_2|Я хачу ўвайсці і пагаварыць са спадаром.
dlga_castle_guard_sneaked_intro_1:close_window|Выйсці...
dlga_castle_guard_sneaked_intro_2:close_window|Гэй, {халоп / халопка}, з галавой не ў парадку? Жабракам там не месца. Ідзі вунь, а то изобью да паўсмерці!
dlga_start:castle_guard_intro_1|Чаго трэба-то?
dlga_castle_guard_intro_1:castle_guard_intro_2|Увайсці і пагаварыць са спадаром.
dlga_castle_guard_intro_1:close_window|Нічога.
dlga_castle_guard_intro_2:castle_guard_intro_2|Можаш увайсці, але зброю здай мне. Са зброяй не паложана.
dlga_castle_guard_intro_2:close_window|Вось мая зброя. 
dlga_castle_guard_intro_2:castle_guard_intro_2b|Я нікому не аддам сваёй зброі.
dlga_castle_guard_intro_2b:close_window|Тады не пушчу. Са зброяй пушчаць не загадана.
dlga_start:castle_gate_guard_talk|Чаго ты хочаш?
dlga_castle_gate_guard_pretalk:castle_gate_guard_talk|Так?
dlga_castle_gate_guard_talk:castle_gate_open|Мы шукаем начлег. Не пусціце нас?
dlga_castle_gate_guard_talk:request_meeting_castle_lord|Я хачу пагаварыць з уладальнікам крэпасці.
dlga_castle_gate_guard_talk:request_meeting_other|Я хачу пагаварыць з кім-небудзь з крэпасці.
dlga_castle_gate_guard_talk:close_window|Выйсці...
dlga_request_meeting_castle_lord:close_window|Пачакаць. {s2} прыме цябе.
dlga_request_meeting_castle_lord:castle_gate_guard_pretalk|Спадара цяпер няма.
dlga_request_meeting_other:request_meeting_3|Хто гэта?
dlga_request_meeting_3:request_meeting_4|{s3}
dlga_request_meeting_3:close_window|Нічога.
dlga_request_meeting_4:request_meeting_5|Пачакаць. Я перадам тваю просьбу.
dlga_request_meeting_5:request_meeting_6|Я чакаю...
dlga_request_meeting_6:close_window|Добра. {s2} пагаворыць з табой.
dlga_request_meeting_6:close_window.1|{s2} кажа, што не прыме цябе. Сыходзіць.
dlga_castle_gate_open:close_window|{s2} з радасцю прыме цябе, {пане / лэдзі}. Уваходзь, я адчыняю вароты.
dlga_castle_gate_open:close_window.1|Спадар {s2} зараз у ад'ездзе. Але, думаю, ён не будзе супраць, калі вы пераначуеце тут. Уваходзьце, я адкрываю вароты.
dlga_castle_gate_open:close_window.2|Уваходзіць. Я адчыняю браму.
dlga_castle_gate_open:close_window.3|Заходзьце, але скажыце сваім людзям, каб паводзілі сябе прыстойна. Спадару {s2} не патрэбныя тут непрыемнасці.
dlga_castle_gate_open:close_window.4|Спадар, {s2}, не жадае цябе бачыць. Прыбіраць.
dlga_start:close_window.6|Ты прыйшоў як раз своечасова. Далучайся да нас і давайце разам правучыць ворага!
dlga_start:close_window.7|Ты здзяйсняеш вялікую памылку, нападаючы на нас!
dlga_start:ally_thanks_meet|Здаецца, мы так і не пазнаёміліся... Ты выратаваў мне жыццё, а я так і не ведаю Твайго імя.
dlga_start:ally_thanks_meet.1|Твая дапамога была як нельга дарэчы! Мяне клічуць {S1}, а цябе?
dlga_start:ally_thanks_meet.2|Дзякуй за дапамогу. Аднак мы не знаёмыя... Як цябе завуць?
dlga_ally_thanks_meet:ally_thanks_meet_2|Мяне клічуць {playername}.
dlga_ally_thanks_meet_2:close_window|Добры дзень, {playername}. Мяне клічуць {s1}, і я твой даўжнік. Калі я магу чым-небудзь дапамагчы, толькі скажы!
dlga_ally_thanks_meet_2:close_window.1|Добры дзень, {playername}. Я твой даўжнік навекі. Спадзяюся калі-небудзь адплаціць дабром за дабро.
dlga_ally_thanks_meet_2:close_window.2|Добры дзень, {playername}. Я {s1}. Дзякуй за дапамогу, спадзяюся, мы яшчэ сустрэнемся!
dlga_start:close_window.8|Ты зноў нас выратаваў, {playername}! Ты сапраўдны сябар. {s43}
dlga_start:close_window.9|Ты з'явіўся як раз своечасова, {playername}! Вялікі дзякуй! {s43}
dlga_start:close_window.10|Вельмі своечасова, {playername}. Я не забуду тваёй дапамогі. {s43}
dlga_start:close_window.11|Рады бачыць цябе, {playername}. {s43}
dlga_start:close_window.12|{s43}
dlga_start:close_window.13|{s43}
dlga_start:close_window.14|Дзякуй за дапамогу, {спадар / спадарыня}! Ты выратаваў {reg3?нам: мне жыццё!
dlga_start:close_window.15|Дзякуй за дапамогу, {спадар / спадарыня}! Мы былі ў вельмі складаным становішчы, але ты здолеў усё змяніць!
dlga_start:close_window.16|Дзякуй за дапамогу, {спадар / спадарыня}! Мне пашанцавала, што ты апынуўся непадалёк.
dlga_start:kidnapped_girl_liberated_battle|Аб, {спадар / спадарыня}! Вялікі дзякуй, што выратаваў мяне! Ты вернеш мяне дадому?
dlga_start:freed_hero_answer|Дзякую за вызваленне, сябра мой.
dlga_freed_hero_answer:freed_hero_answer_1|Ты нікуды не пойдзеш! Цяпер ты мой палонны!
dlga_freed_hero_answer_1:close_window|Ды дзе там. Што ж мне так не шанцуе?
dlga_freed_hero_answer:freed_hero_answer_2|Ідзі, {s56}.
dlga_freed_hero_answer_2:close_window|Дзякуй, {спадар / спадарыня}. Я ніколі не забуду тваёй дабрыні.
dlga_freed_hero_answer:freed_hero_answer_3|Хочаш далучыцца да мяне?
dlga_freed_hero_answer_3:close_window|Добра, я з табой.
dlga_freed_hero_answer_3:close_window.1|Не, я адзіночка.
dlga_start:defeat_hero_answer|Нядоўга табе радавацца перамозе. Мае людзі хутка адпомсцяць за паразу!
dlga_defeat_hero_answer:defeat_hero_answer_1|Цяпер ты ў мяне ў палоне.
dlga_defeat_hero_answer_1:close_window|Праклён! Ты пра гэта пашкадуеш!
dlga_defeat_hero_answer:defeat_hero_answer_2|Можаш ісці, і не дай бог табе зноў апынуцца на маім шляху!
dlga_defeat_hero_answer_2:close_window|Мы яшчэ сустрэнемся.
dlga_start:local_merchant_mercy|Прашу, не забівай мяне!
dlga_local_merchant_mercy:local_merchant_mercy_no|Я супраць цябе нічога не маю, але {s2} хоча тваёй смерці. Дараваць.
dlga_local_merchant_mercy_no:close_window|Праклён! Гары ў пекле!
dlga_local_merchant_mercy:local_merchant_mercy_yes|Я пашкадую цябе, калі паабяцаеш...
dlga_local_merchant_mercy_yes:local_merchant_mercy_yes_2|Вядома, паабяцаю ўсё што заўгодна! Толькі не забівай!
dlga_local_merchant_mercy_yes_2:local_merchant_mercy_yes_3|Ты забудзешся пра тое, што {s2} павінен табе і падпішаш паперу, што ён не мае перад табой ніякіх абавязацельстваў.
dlga_local_merchant_mercy_yes_3:local_merchant_mercy_yes_4|Так, вядома. Я ўсё зраблю.
dlga_local_merchant_mercy_yes_4:local_merchant_mercy_yes_5|І калі мой спадар хоць неяк даведаецца пра гэта, я вярнуся за табой, і літасці ўжо не будзе. Зразумела?
dlga_local_merchant_mercy_yes_5:local_merchant_mercy_yes_6|Так, {спадар / спадарыня}. Не хвалюйся. Я не стану скардзіцца.
dlga_local_merchant_mercy_yes_6:close_window|Добра. Ідзі, а то перадумаю.
dlga_start:fugitive_1|Ты хто такі? Чаго трэба?
dlga_fugitive_1:fugitive_2|Я шукаю забойцу па імі {s4}. Ты як раз падыходзіш пад апісанне.
dlga_fugitive_1:close_window|Нічога. Проста праходзіў міма...
dlga_fugitive_2:fugitive_3|Не разумею, пра што ты кажаш, {спадар/спадарыня}. Я проста жыву тут.
dlga_fugitive_3:fugitive_4|Тады чаго ты так расхваляваўся? Калі ты ні ў чым не вінаваты, то і баяцца няма чаго. Зараз мы пагаворым з суседзямі, і калі яны ўсё пацвердзяць, я рушу сабе далей.
dlga_fugitive_4:close_window|Праклён! Нікуды ты не рушышся!
dlga_member_chat:sacrificed_messenger_1|Так, {спадар / спадарыня}?
dlga_sacrificed_messenger_1:sacrificed_messenger_2|Занясі гэты ліст у {s1} і аддай {s2}.
dlga_sacrificed_messenger_1:close_window|Не, нічога.
dlga_sacrificed_messenger_2:sacrificed_messenger_3|Так, {спадар / спадарыня}. Не бойся, я не падвяду.
dlga_sacrificed_messenger_3:close_window|Добра. Па вяртанні ты атрымаеш годную ўзнагароду.
dlga_sacrificed_messenger_3:sacrificed_messenger_cancel|Чорт! Я не магу! Не магу я пазбавіць цябе жыцця!
dlga_sacrificed_messenger_cancel:sacrificed_messenger_cancel_2|Пра што ты, {спадар / спадарыня}?
dlga_sacrificed_messenger_cancel_2:sacrificed_messenger_cancel_3|У горадзе цябе чакае пастка. {s3} загадаў мне ахвяраваць адным з маіх абраных воінаў, каб падмануць ворага, але яму прыйдзецца шукаць іншы спосаб.
dlga_sacrificed_messenger_cancel_3:close_window|Дзякуй, {спадар / спадарыня}. Я за табой Хоць у апраметную адпраўлюся! І можаш мне паверыць, Я буду біцца за цябе да апошняга!
dlga_start:close_window.17|Прашу дараваць, {спадар / спадарыня}, але ў мяне важнае даручэнне. Не да размоў цяпер.
dlga_start:follow_spy_talk|Добры дзень, {спадар / спадарыня}. Добрая погодка,а?  Прабач, але цяпер мне трэба ісці.
dlga_follow_spy_talk:follow_spy_talk_2|{s1} аддаў загад аб тваім арышце!
dlga_follow_spy_talk_2:close_window|Жыўцом вы мяне не атрымаеце!
dlga_follow_spy_talk:close_window|Не звяртай увагі, я проста міма іду.
dlga_start:spy_partners_talk|Чаго трэба?
dlga_spy_partners_talk:spy_partners_talk_2|{s1} загадвае арыштаваць цябе!
dlga_spy_partners_talk_2:close_window|Жывымі ты нас не возьмеш, так і ведай!
dlga_spy_partners_talk:close_window|Нічога. Я проста праходзіў міма...
dlga_start:runaway_serf_intro_1|Добры дзень, {спадар / спадарыня}.
dlga_runaway_serf_intro_1:runaway_serf_intro_2|Мяне паслаў за вамі {s4}. Ён абяцаў не караць вас па вяртанні.
dlga_runaway_serf_intro_2:runaway_serf_intro_3|Аб, {Пане / мілая лэдзі}! Наша жыццё ў вёсцы {s1} была невыноснай! Мы надрываліся на працах з раніцы да ночы і ўсё роўна галадалі. {s6} дасць нам новае жыццё. Там з намі не будуць звяртацца як са быдлам.
dlga_runaway_serf_intro_3:runaway_serf_go_back|Вы парушылі закон, здзейсніўшы ўцёкі! Ваш дом - {S1}, туды вы і вернецеся!
dlga_runaway_serf_intro_3:runaway_serf_let_go|Што ж, можа, ты і мае рацыю. Добра. Калі спытаюць-мы не сустракаліся.
dlga_runaway_serf_go_back:close_window|Добра, {пане / мілая лэдзі}. Як табе будзе заўгодна. Мы пойдзем назад у {s5}.
dlga_runaway_serf_let_go:close_window|Захоўвай цябе бог, {пане / спадарыня}. Мы не забудзем тваёй дабрыні.
dlga_start:runaway_serf_reconsider|Добры дзень, {спадар / спадарыня}. Можаш не турбавацца - калі хто спытае, мы не сустракаліся.
dlga_runaway_serf_reconsider:runaway_serf_go_back|А калі падумаць, то я супраць! Вы павінны вярнуцца да сябе ў вёску!
dlga_runaway_serf_reconsider:runaway_serf_let_go|Добра. Ідзіце, а то я магу і перадумаць.
dlga_start:runaway_serf_talk_caught|Добры дзень, {спадар / спадарыня}. Мы ідзем у {S5}, але мы, здаецца, заблукалі.
dlga_runaway_serf_talk_caught:runaway_serf_go_back|Не выпрабоўвайце маё цярпенне! Вы неадкладна вернецеся назад!
dlga_runaway_serf_talk_caught:runaway_serf_let_go|Што ж, хочаце ісці-ідзіце.
dlga_start:runaway_serf_talk_again_return|Мы вяртаемся да {s5}, {спадар / спадарыня}.
dlga_runaway_serf_talk_again_return:runaway_serf_talk_again_return_2|Паспяшацца. Чым хутчэй вернецеся, тым лепш.
dlga_runaway_serf_talk_again_return:runaway_serf_talk_again_return_2.1|Добра. Ісьці.
dlga_runaway_serf_talk_again_return_2:close_window|Так, спадар. Як скажаш.
dlga_start:looting_bandits_talk|Калі хочаш захаваць сваё дабро, прыйдзецца заплаціць нам.
dlga_looting_bandits_talk:looting_bandits_barter_3b|Я плачу толькі тым, хто гэтага заслугоўвае!
dlga_looting_bandits_talk:looting_bandits_barter|Ні да чаго бітвы. Я заплачу.
dlga_looting_bandits_barter:looting_bandits_barter_2|Мудрае рашэнне. Заплаці нам {reg5} талераў і зможаш працягнуць шлях.
dlga_looting_bandits_barter_2:looting_bandits_barter_3a|Добра, вось вашы {reg5} талераў.
dlga_looting_bandits_barter_2:looting_bandits_barter_3b|У мяне пры сабе няма столькі грошай.
dlga_looting_bandits_barter_3b:close_window|Джаліць. Тады нам прыйдзецца адабраць у Цябе ўвесь твой скарб.
dlga_looting_bandits_barter_3a:close_window|Ха! Выдатна. А цяпер забірай свой караван і Каціся адсюль.
dlga_start:deserter_paid_talk|Чаго табе? Яшчэ нам хочаш заплаціць?
dlga_deserter_paid_talk:deserter_paid_talk_2a|Прабач за турботы. Я пайду.
dlga_deserter_paid_talk_2a:close_window|Так. Хопіць тут хістацца-пайшоў бы грошай зарабіў... У наступны раз кашалёк павінен быць поўны.
dlga_deserter_paid_talk:deserter_paid_talk_2b|Не. Цяпер твая чарга плаціць.
dlga_deserter_paid_talk_2b:close_window|Ты чаго? Табе праблем мала? Так мы яшчэ задаволім.
dlga_start:deserter_talk|Мы свабодныя воіны і змагаемся толькі за сябе. ^ Аддавай срэбра, калі жыццё дарога!
dlga_deserter_talk:close_window|Я плачу толькі тым, хто гэтага заслугоўвае!
dlga_deserter_talk:deserter_barter|Ні да чаго бітвы. Я заплачу.
dlga_deserter_barter:deserter_barter_2|Вельмі разумна з твайго боку. Нам хопіць {reg5} талераў. Плаці і правальвай.
dlga_deserter_barter_2:deserter_barter_3a|Добра, вось {reg5} талераў.
dlga_deserter_barter_2:deserter_barter_3b|У мяне няма такіх грошай.
dlga_deserter_barter_3b:close_window|Джаліць. Ну, калі так, прыйдзецца прадаць цябе ў рабства.
dlga_deserter_barter_3a:close_window|Тое-тое ж. Добра, ідзі.
dlga_start:tavernkeeper_talk|Добры дзень, {спадар / спадарыня}. Чым магу дапамагчы?
dlga_tavernkeeper_pretalk:tavernkeeper_talk|Што-небудзь яшчэ?
dlga_tavernkeeper_talk:tavernkeeper_deliver_wine|Вось твой тавар. {s4}, {reg9} штук.
dlga_tavernkeeper_deliver_wine:tavernkeeper_pretalk|Ну нарэшце-то! Мае запасы амаль вычарпаліся. Вось, трымай {reg5} талераў. І перадавай прывітанне {s9}. Я абавязкова замоўлю за цябе слоўца перад ім пры наступнай сустрэчы.
dlga_tavernkeeper_talk:tavernkeeper_deliver_wine_incomplete|Вось твой тавар. {s4}, {reg9} штук. Толькі вось частка грузу па дарозе згубілася.
dlga_tavernkeeper_deliver_wine_incomplete:tavernkeeper_pretalk|Разбойнікі напалі? Добра хоць сам застаўся жывы. У любым выпадку, {reg5} талераў за дастаўку будзе больш чым дастаткова. І пастаўшчык, зразумела, даведаецца, што ты даставіў не ўвесь тавар, так што, хутчэй за ўсё, прыйдзецца заплаціць за страчанае.
dlga_tavernkeeper_talk:tavernkeeper_deliver_wine_lost|Вось твой тавар. {s4}, {reg9} штук. Толькі вось груз згубіўся па дарозе.
dlga_tavernkeeper_deliver_wine_lost:tavernkeeper_pretalk|Што? Ды ў мяне цяпер {s4} на вагу золата! Я некалькі месяцаў чакаю, а ты мне кажаш, што ў цябе нічога няма? Ну ўжо будзь упэўнены - {s1} пра ўсё даведаецца!
dlga_tavernkeeper_talk:tavernkeeper_buy_drinks|Сёння я частую! Пастаў кожнаму наведвальніку па збану лепшага віна за мой кошт.
dlga_tavernkeeper_buy_drinks:tavernkeeper_buy_drinks_2|Вядома, {спадар / мілэдзі}. Думаю, {reg5} талераў хопіць. Што сказаць наведвальнікам?
dlga_tavernkeeper_buy_drinks_2:tavernkeeper_buy_drinks_end|Хай усе даведаюцца, як шчодры {playername} да народа {s10}.
dlga_tavernkeeper_buy_drinks_end:tavernkeeper_pretalk|Ты сапраўды шчодры, {спадар / спадарыня}. Думаю, за цябе сёння не раз падымуць куфлі.
dlga_tavernkeeper_buy_drinks_2:tavernkeeper_pretalk|Мабыць, дарагавата. Я перадумаў.
dlga_tavernkeeper_talk:oim_tavern_rich_visitor|Я, мабыць, вып'ю вінца... Можа, знайду прыемную кампанію на вечар...
dlga_tavernkeeper_talk:close_window|Мне пара...
dlga_start:ransom_broker_intro|Дзень добры, {спадар / спадарыня}. Я думаць, я табе ой як карысны быць...
dlga_ransom_broker_intro:ransom_broker_intro_2|Чым жа ты можаш быць мне карысны?
dlga_ransom_broker_intro_2:ransom_broker_info_talk|Я, ведаеш, чым зарабляць? Слухаць сюды. Я дастаўляць выкупу за палонныя, што на вайна захоплены. Я, ведаеш, як далёка ездзіць-ад Саляная шахты да нявольніцкі рынкі на ўзбярэжжы... Па шляху сустракаць Госпада з палонныя, я палонныя выкупляць і перапрадаць рабагандляры. Ты спадар мець палонныя? Добры кошт плачу, ведаеш. 
dlga_ransom_broker_info_talk:ransom_broker_families|А калі ў сям'і захопленага няма грошай?
dlga_ransom_broker_families:ransom_broker_info_talk|Тады я расказаць сумны-сумны аповеду, як палонны на галера жыць. Самая бедны сялян адразу такі скарбы ў кароўніку знаходзіць, ой-ой-ой!
dlga_ransom_broker_info_talk:ransom_broker_prices|Колькі ты заплаціш мне за палоннага?
dlga_ransom_broker_prices:ransom_broker_info_talk|Залежыць, залежыць... У мяне нюх, як у сабака! Я глядзець раба, і я адразу зразумець, галадаць яны ці кожны дзень дзеньская есці гусь і свежая хлеба. За дварана плаціць вялікая грош... Я ўсё мясцовы Госпада ведаць: маёнткі, спадчынніка, дзіцяці - і даўгоў яшчэ.
dlga_ransom_broker_info_talk:ransom_broker_ransom_me|А Мяне ты зможаш выкупіць, калі я траплю ў палон?
dlga_ransom_broker_ransom_me:ransom_broker_info_talk|Зможаш, {спадар / спадарыня}, зможаш. Ты срэбра закапаць глыбока-далёка-аб-аб, і верны слузе сказаць, хай выкопваць, калі ты ў палон дагаджаць.
dlga_ransom_broker_info_talk:ransom_broker_pretalk|Гэта ўсё, што мне трэба было ведаць. Дзякуй.
dlga_start:ransom_broker_talk|{Спадар добры / спадарыня добрая}, ёсць палонны трошкі?
dlga_ransom_broker_pretalk:ransom_broker_talk|{Спадар / спадарыня}, у цябе ёсць, хто прадаць-я прыемна купіць, ведаеш!
dlga_ransom_broker_talk:ransom_broker_sell_prisoners|Тады даставай кашэль-ёсць у мяне сёй-той.
dlga_ransom_broker_talk:ransom_broker_intro_2|Раскажы пра сваё рамястве.
dlga_ransom_broker_talk:oim_dmitriy_ransom_brok_dlg|Ці не чуў ты пра рускую глог, нядаўна ўзятай у поўны?
dlga_ransom_broker_talk:close_window|Не цяпер. Да пабачэння.
dlga_ransom_broker_sell_prisoners:ransom_broker_sell_prisoners_2|Паглядзець, паглядзець...
dlga_ransom_broker_sell_prisoners_2:close_window|Я тут некалькі дні, добры спадар. Прадаваць мне палонны-я плаціць ой як добра-аб-о.
dlga_start:tavern_traveler_talk|Мне чамусьці здаецца, {пане / васпані}, што я магу быць табе карысны... Я шмат падарожнічаю, шмат бачу... Магу расказаць табе некаторыя сакрэты... За годную плату, зразумела.
dlga_start:tavern_traveler_lost_companion_thanks|Добры дзень, {playername}. Пару дзён таму мне давялося пабываць у {s11}. Зазірнуў я ў карчму,і хто, ты думаеш, там быў? Твае разлюбезные {s10}! Дакладна людзі кажуць, што свет цесны.
dlga_tavern_traveler_lost_companion_thanks:tavern_traveler_pretalk|Дзякуй. Я пашукаю {reg3?яе: яго} там.
dlga_tavern_traveler_lost_companion_thanks:tavern_traveler_pretalk.1|Дзякуй, але мне ўсё роўна.
dlga_start:tavern_traveler_talk.1|Добры дзень, {playername}.
dlga_tavern_traveler_pretalk:tavern_traveler_talk|Так?
dlga_tavern_traveler_talk:tavern_traveler_tell_kingdoms|Раскажы мне пра гэтыя месцы.
dlga_tavern_traveler_tell_kingdoms:tavern_traveler_tell_kingdoms_2|Войны тут амаль не спыняюцца... Зрэшты, для адчайнага чалавека накшталт цябе тут самае месца. Пры належным шанцаванні і уменнях ты зможаш дамагчыся славы, багацця і ўлады.
dlga_tavern_traveler_tell_kingdoms_2:tavern_traveler_tell_kingdoms_3|Цікава... Раскажы пра гэта падрабязней.
dlga_tavern_traveler_tell_kingdoms_2:close_window|Я ўсё зразумеў. А цяпер мне пара...
dlga_tavern_traveler_tell_kingdoms_3:tavern_traveler_tell_kingdoms_4|Ды ты, напэўна, і сам наперад ведаеш усё, што я магу расказаць...
dlga_tavern_traveler_tell_kingdoms_3:tavern_traveler_tell_kingdoms_4.1|Ваюючыя бакі плацяць добрыя грошы наймітам. Калі ўмееш змагацца, пагавары з адным з кіраўнікоў, і табе напэўна прапануюць службу. Па-сапраўднаму вялікія грошы можна атрымаць, толькі стаўшы вернападданым кіраўніка. Тады ў цябе будуць свае вёскі, крэпасці і гарады, Ты будзеш збіраць падаткі і даходы з уладанняў. Раней-то землямі валодалі толькі дваране, але цяпер цяжкія часы, і кіраўнік можа зрабіць сваім набліжаным любога, хто вызначыцца на поле бою.
dlga_tavern_traveler_tell_kingdoms_4:tavern_traveler_tell_kingdoms_5|Цяперашнім кіраўнікам неспакойна жывецца! Супернікаў у іх дастаткова: пастаянна з'яўляюцца новыя прэтэндэнты на трон - з шляхетных сем'яў ці проста ўмелыя людзі. І вось калі такі чалавек знойдзе сабе дастаткова паслядоўнікаў, то цалкам зможа развязаць вайну за пасад і нават зрынуць кіруючага гаспадара.
dlga_tavern_traveler_tell_kingdoms_5:tavern_traveler_tell_kingdoms_6|Цікава. І Дзе ж знайсці такога чалавека?
dlga_tavern_traveler_tell_kingdoms_5:close_window|Думаю, з мяне дастаткова. Дзякуй.
dlga_tavern_traveler_tell_kingdoms_6:tavern_traveler_pretalk|Жыццё прэтэндэнтаў на трон небяспечная. Таму яны і ездзяць па розных гарадах сваіх дзяржаў, збіраючы прыхільнікаў. Да мяне даходзяць сякія-такія забаўныя чуткі, так што магу расказаць, хто дзе цяпер знаходзіцца. Не бязвыплатна, вядома.
dlga_tavern_traveler_talk:tavern_traveler_pretender_location|Я хачу ведаць, дзе цяпер прэтэндэнт на трон.
dlga_tavern_traveler_pretender_location:tavern_traveler_pretender_location_ask|Каго менавіта ты шукаеш?
dlga_tavern_traveler_pretender_location_ask:tavern_traveler_pretender_location_ask_2|{s11}
dlga_tavern_traveler_pretender_location_ask:tavern_traveler_pretalk|Назад
dlga_tavern_traveler_pretender_location_ask_2:tavern_traveler_pretender_location_ask_money|За гэтыя звесткі я папрашу няшмат... Скажам, 30 талераў.
dlga_tavern_traveler_pretender_location_ask_money:tavern_traveler_pretender_location_tell|Добра. Вось табе 30 талераў.
dlga_tavern_traveler_pretender_location_ask_money:tavern_traveler_pretalk|Не, дзякуй.
dlga_tavern_traveler_pretender_location_tell:tavern_traveler_pretalk|{s15} зараз у {s11}.
dlga_tavern_traveler_talk:tavern_traveler_companion_location|Я шукаю аднаго чалавека.
dlga_tavern_traveler_companion_location:tavern_traveler_companion_location_ask|Не ўпэўнены, што змагу табе дапамагчы. Хто менавіта цябе цікавіць?
dlga_tavern_traveler_companion_location_ask:tavern_traveler_companion_location_ask_2|{s11}
dlga_tavern_traveler_companion_location_ask:tavern_traveler_pretalk|Не звяртай увагі.
dlga_tavern_traveler_companion_location_ask_2:tavern_traveler_companion_location_ask_money|Здаецца, я ведаю, дзе {s15}. Скажу за 30 талераў.
dlga_tavern_traveler_companion_location_ask_money:tavern_traveler_companion_location_tell|Добра. Вось 30 талераў.
dlga_tavern_traveler_companion_location_ask_money:tavern_traveler_pretalk|Не, дзякуй.
dlga_tavern_traveler_companion_location_tell:tavern_traveler_pretalk|{s15} зараз у {s11}.
dlga_tavern_traveler_talk:mon_tavern_traveler_companion_location|Я шукаю аднаго француза... 
dlga_mon_tavern_traveler_companion_location:mon_tavern_traveler_companion_location_ask|Не ўпэўнены, што змагу табе дапамагчы. Хто менавіта цябе цікавіць?
dlga_mon_tavern_traveler_companion_location_ask:mon_tavern_traveler_companion_location_ask_2|{s11}
dlga_mon_tavern_traveler_companion_location_ask:tavern_traveler_pretalk|Не звяртай увагі.
dlga_mon_tavern_traveler_companion_location_ask_2:mon_tavern_traveler_companion_location_ask_money|Здаецца, я ведаю, дзе {s15}. Скажу за 30 талераў.
dlga_mon_tavern_traveler_companion_location_ask_money:mon_tavern_traveler_companion_location_tell|Добра. Вось 30 талераў.
dlga_mon_tavern_traveler_companion_location_ask_money:tavern_traveler_pretalk|Не, дзякуй.
dlga_mon_tavern_traveler_companion_location_tell:tavern_traveler_pretalk|{s15} зараз у {s11}.
dlga_tavern_traveler_talk:close_window|Мне трэба ісці...
dlga_start:tavern_traveler_answer|Кажуць, у апошні час цябе цікавіць {s17}. Я там нярэдка бываю, а за маленькае ўзнагароджанне нават змагу расказаць, што я там бачыў. Усяго за 100 талераў.
dlga_tavern_traveler_answer:tavern_traveler_continue|Вось 100 талераў, расказвай.
dlga_tavern_traveler_answer:close_window|Не, дзякуй, мяне гэта не цікавіць.
dlga_tavern_traveler_continue:close_window|Што ж, гэта ўсё. Да пабачэння.
dlga_start:bookseller_talk|Добры дзень, {спадар / спадарыня}. Цікавішся кнігамі?
dlga_bookseller_talk:bookseller_buy|Так. Пакажы, што ў цябе ёсць.
dlga_bookseller_talk:oim_getman_buy_book_trader|Я б хацеў купіць у цябе асаблівую кнігу...
dlga_bookseller_buy:book_trade_completed|Вядома, {спадар / спадарыня}.
dlga_book_trade_completed:bookseller_talk|Што-небудзь яшчэ?
dlga_bookseller_talk:close_window|Не, дзякуй.
dlga_start:close_window.18|Заданне: Добры дзень. Я Менестрэль. (Яшчэ не гатова).
dlga_start:farmer_from_bandit_village_1|{Спадар / Мілэдзі}! Ты, гляджу, чалавек служывы! Дапамог бы нам, га?  Дапаможаш?
dlga_farmer_from_bandit_village_1:farmer_from_bandit_village_2|Што такое?
dlga_farmer_from_bandit_village_1:farmer_from_bandit_village_2.1|Чаго ты там бубнишь? Гавары хутчэй!
dlga_farmer_from_bandit_village_2:farmer_from_bandit_village_3|Ды вось бандыты, шып ім у папругу, заселі ў нас у вёсцы. Ежу пазабіралі і дабро, баб нашых палохаюць, Каты! Терпежу ўжо з імі няма! Я вось збег - цяпер дапамогу шукаю.
dlga_farmer_from_bandit_village_3:farmer_from_bandit_village_4|Чаму б вам не звярнуцца да свайго гаспадара? Ён павінен клапаціцца пра вас.
dlga_farmer_from_bandit_village_4:farmer_from_bandit_village_5|Так хадзіў я, {спадар / спадарыня}, ды толькі мяне да яго і на парог не пусцілі. Кажуць, занятыя яны, загадаюць самім разбірацца. А ты з выгляду {высакародны такі / высакародная такая}, і ваяваць вось, зноў жа, можаш! Ужо калі хто нам і дапаможа, дык толькі ты!
dlga_farmer_from_bandit_village_5:farmer_from_bandit_village_accepted|Добра, я дапамагу. Дзе твая вёска?
dlga_farmer_from_bandit_village_5:farmer_from_bandit_village_denied|У мяне цяпер іншыя клопаты.
dlga_farmer_from_bandit_village_5:farmer_from_bandit_village_barter|А з чаго б мне з імі біцца? Што гэта мне дасць?
dlga_farmer_from_bandit_village_accepted:close_window|Захоўвай цябе бог, {спадар / спадарыня}! Вёска наша завецца {s7}. Яна вунь побач зусім.
dlga_farmer_from_bandit_village_denied:close_window|Эх, ну што ж, {спадар / спадарыня}... Выбачай тады.
dlga_farmer_from_bandit_village_barter:farmer_from_bandit_village_5|Мы народ небагаты, {спадар / спадарыня}, і бандыты-крывапіўцы праклятыя ўсё амаль паадбіралі. Але што ёсць - усім падзелімся, не сумевайся!
dlga_start:close_window.19|Дзякуй, што пагадзіўся дапамагчы, {спадар / спадарыня}. Каб не было чаго хаваць!
dlga_start:mercenary_tavern_talk|Патрэбныя найміты, {спадар / спадарыня}? {reg3?Я і {reg4?{reg3} маіх таварышаў:мой таварыш} шукаем сабе: я шукаю сабе} слаўнага камандзіра. У выплату мы папросім толькі {reg5} талераў.
dlga_start:mercenary_after_recruited|Загады, {спадар / спадарыня}?
dlga_mercenary_after_recruited:mercenary_after_recruited_2|Рыхтавацца. Выходзім на світанні.
dlga_mercenary_after_recruited:mercenary_after_recruited_2.1|Можна не спяшацца. Пакуль мы з горада нікуды не пойдзем.
dlga_mercenary_after_recruited_2:close_window|Слухаюся, {спадар / спадарыня}. Як толькі скажаш, мы будзем гатовыя.
dlga_mercenary_tavern_talk:mercenary_tavern_talk_hire|Добра. На бравых рубак {reg5} талераў не шкада.
dlga_mercenary_tavern_talk:mercenary_tavern_talk_hire.1|Добра. Але я магу наняць толькі {reg6} з вас. Вось {reg5} талераў.
dlga_mercenary_tavern_talk_hire:close_window|{s17}
dlga_mercenary_tavern_talk:tavern_mercenary_cant_lead|На жаль, я не магу дазволіць сабе цяпер наймаць людзей.
dlga_tavern_mercenary_cant_lead:close_window|Крыўдна, нічога не скажаш. Ну што, {reg3?мы будзем: я буду} паблізу некаторы час, калі раптам надумаеш каго-небудзь наняць.
dlga_mercenary_tavern_talk:tavern_mercenary_cant_lead.1|Гучыць нядрэнна. Але я пакуль не магу дазволіць сабе наймаць новых людзей.
dlga_mercenary_tavern_talk:close_window|Мне цяпер не патрэбныя новыя людзі.
dlga_start:trainer_intro_1|Прывітанне табе, {хлопец / девчушка}. Прыгод шукаеш? Лёс за хвост цягнеш? Эх, павер мне на слова, ты тут доўга не пражывеш, калі не будзеш ведаць, як выбрацца з цяжкай сітуацыі.
dlga_trainer_intro_1:trainer_intro_2|Дзякуй за параду. Гэта месца падобна на трэніровачную пляцоўку. Я магу што-небудзь даведацца тут аб баях?
dlga_trainer_intro_2:trainer_intro_3|Вядома, можаш. Я стары салдат. Усё маё жыццё прайшло ў баях ды ў бітвах. А тут я нацягваю пачаткоўцаў. Магу і табе падабраць кагосьці для трэніроўкі, калі хочаш. А калі ў цябе пытанні аб ваеннай навуцы, так не саромейся, пытайся.
dlga_trainer_intro_3:trainer_intro_4a|Так, у мяне ёсць некалькі пытанняў.
dlga_trainer_intro_3:trainer_intro_4b|Думаю, я магу перайсці да практыкі.
dlga_trainer_intro_4a:trainer_talk_combat|Ну, пытайся, што хочаш.
dlga_trainer_intro_4b:trainer_practice_1|Добра. Прыемна бачыць тваё імкненне да перамогі. Давай-ка паглядзім, што ты можаш.
dlga_start:trainer_practice_1|Гэта быў добры бой.
dlga_start:trainer_practice_1.1|Ха! Што гэта ты накульгваеш? Не перажывай, паразы гэтак жа каштоўныя, як і перамогі. Перавядзі дух і вяртайся. Іншых спосабаў перамагчы не існуе.
dlga_start:trainer_talk|Прывітанне. Хочаш патрэніравацца?
dlga_trainer_pretalk:trainer_talk|Эй, як наконт трэніроўкі?
dlga_trainer_talk:trainer_practice_1|Трохі практыкі мне б не перашкодзіла.
dlga_trainer_talk:trainer_combat_begin|Для пачатку Раскажы мне што-небудзь аб баях...
dlga_trainer_talk:close_window|Мне пара ісці. Бывай.
dlga_trainer_combat_begin:trainer_talk_combat|Што ты хочаш даведацца?
dlga_trainer_combat_pretalk:trainer_talk_combat|Што яшчэ ты хочаш даведацца?
dlga_trainer_talk_combat:trainer_explain_defense|Раскажы мне, як абараняцца.
dlga_trainer_talk_combat:trainer_explain_attack|Раскажы мне пра напад са зброяй.
dlga_trainer_talk_combat:trainer_explain_horseback|Раскажы мне пра кавалерыйскіх нападах.
dlga_trainer_talk_combat:trainer_pretalk|Думаю, усю тэорыю я ўжо ведаю. Давайце пагаворым пра нешта іншае.
dlga_trainer_explain_defense:trainer_explain_defense_2|Добры пытанне. Першае, чаму трэба навучыцца, гэта правільная абарона. Не атрымліваць траўмаў самому-першае правіла бою. Гэта значна важней, чым нанесці шкоду іншым. На авось махаць мячом любы можа, але толькі тыя байцы, што па-майстэрску абараняюцца, выжываюць, каб пра гэта расказаць.
dlga_trainer_explain_defense_2:trainer_explain_defense_3|Ну вось. Абараняцца прасцей за ўсё, калі ў цябе ёсць шчыт. Проста стаў блок шчытом. [Утрымлівайце правую кнопку мышы, каб паставіць блок шчытом.] У такой сітуацыі ты зможаш адлюстраваць усе атакі, якія ідуць спераду. Аднак твае флангі і твой тыл па-ранейшаму непрыхаваныя.
dlga_trainer_explain_defense_3:trainer_explain_defense_4|Што рабіць, калі ў мяне няма шчыта?
dlga_trainer_explain_defense_4:trainer_combat_pretalk|Тады блакуе зброю суперніка уласным зброяй. Гэта крыху больш складана, чым абараняцца са шчытом. Зброяй ты можаш паставіць блок толькі ад адной атакі. Гэта значыць, ты ставіш верхні блок, бакавыя блокі, альбо блакуеш выпад. А таму трэба больш уважліва сачыць за супернікам: пачынай блакаваць ўдар толькі пасля таго, як твой праціўнік пачне атаку. Так ты паставіш патрэбны для такой атакі блок. Калі ж ты пачнеш да таго, як пачне рух твой праціўнік, ён паспее змяніць кірунак удару, і твой блок не дапаможа.
dlga_trainer_explain_attack:trainer_explain_attack_2|Добры пытанне. Кажуць, напад-лепшая абарона. Многія байцы аддаюць перавагу ўстаць у атакавалую стойку і прыгатаваць зброю да ўдару. Тады застаецца дачакацца падыходнага моманту і завяршыць ўдар. [Каб прыгатаваць зброю да нападу, націсніце і ўтрымлівайце левую кнопку мышы.]
dlga_trainer_explain_attack_2:trainer_explain_attack_3|Думаю, мне гэта спатрэбіцца.
dlga_trainer_explain_attack_3:trainer_explain_attack_4|Гэта добрая тактыка, але памятай, твой праціўнік можа ўбачыць гэта і загадзя паставіць блок супраць твайго ўдару. Калі гэта адбудзецца, трэба перарываць атаку і хутка атакаваць з іншага кірунку. [Каб адмяніць бягучую атаку, пстрыкніце правай кнопкай мышы].
dlga_trainer_explain_attack_4:trainer_explain_attack_5|Калі мой праціўнік ставіць абарону ў тым кірунку, у якім я атакую, я перарываю ўдар і б'ю па-іншаму.
dlga_trainer_explain_attack_5:trainer_combat_pretalk|Так, выбраць, куды біць-гэта найважнейшая ўменне. Асноўных напрамкаў чатыры: удар справа, удар злева, удар зверху і выпад. [Па змаўчанні, каб кантраляваць кірунак удару, перасуньце мыш у кірунку, з якога трэба пачаць ўдар, утрымліваючы левую кнопку мышы].
dlga_trainer_explain_horseback:trainer_combat_pretalk|Выдатны пытанне. Конь можа стаць самым магутным зброяй воіна падчас бітвы. Ён дае хуткасць, вышыню, сілу і ініцыятыву. Розныя віды зброі становяцца яшчэ больш смяротнымі ў руках верхавога. Аднак асаблівую ўвагу трэба надаць коннікам з дзідамі наперавес: яны могуць разбіць любога суперніка адным ударам. [Каб выкарыстоўваць дзіду наперавес, вазьміце ў руку дзіду ці іншае аналагічнае зброю і падніміце каня ў галоп, не націскаючы клавіш атакі і абароны. Калі вы дасягнеце неабходнай хуткасці, дзіда апусціцца. Цяпер паспрабуйце нацэліцца на сваіх ворагаў, кіруючы толькі канём.]
dlga_trainer_practice_1:trainer_practice_1|Я навучаю пачаткоўцаў на чатырох узроўнях, кожны складаней папярэдняга. Каб завяршыць адзін узровень і прасунуцца на наступны, табе трэба будзе выйграць тры бою запар.
dlga_trainer_practice_1:novicemaster_are_you_ready|У Цябе за плячыма ўсе ступені навучання. Але калі хочаш, можаш папрактыкавацца яшчэ. Паспрабуеш?
dlga_trainer_practice_1:trainer_practice_1.1|Добра, {хлопец / дзяўчынка}. Дзякуючы гэтай перамозе ты праходзіш на наступны ўзровень трэніровак. З гэтага часу твае праціўнікі-ўмелыя байцы, а не голодранцы, так што трымайся.
dlga_trainer_practice_1:trainer_practice_1.2|Выдатна, {хлопец / дзяўчынка}. Сардэчна запрашаем на трэці ўзровень трэніровак. Цяпер тваімі супернікамі будуць байцы-ветэраны-прафесійныя салдаты, арэнныя байцы і таму падобныя. Гэтыя хлопцы ведаюць мноства выкрутаў і хітрасцяў, так што Абараняйся як след.
dlga_trainer_practice_1:trainer_practice_1.3|У цябе сэрца пераможцы, {хлопец / девчушка}, і моцная рука. Цяпер тваімі супернікамі будуць іншыя пераможцы. Гэта вяршкі-самыя лепшыя воіны, якіх я трэніраваў. Калі зможаш перамагчы трох запар, станеш {адным / адной} з іх.
dlga_trainer_practice_1:novicemaster_finish_training|Сэрца маё ўзрадавалася пры выглядзе тваіх талентаў. Усе этапы навучання прайшлі. Цяпер ты можаш адкрыта казаць, што майстар трэніровачнай пляцоўкі навучыў цябе ўсяму, што мог, і застаўся табою задаволены.
dlga_novicemaster_finish_training:novicemaster_finish_training_2|Дзякую за навуку, майстар.
dlga_novicemaster_finish_training_2:close_window|Жадаю ўдачы ў спаборніцтвах. І не забудзься, калі захочаш папрактыкавацца ў фехтаванні, прыйдзі і скажы.
dlga_trainer_practice_1:novicemaster_are_you_ready.1|Твой наступны супернік - {s9}. Чаго лоб моршчыш? Гадаеш, колькі баёў да наступнага раўнда? Усяго {reg8}. Ну што, пачынаем?
dlga_novicemaster_are_you_ready:novicemaster_ready_to_fight|Так.
dlga_novicemaster_ready_to_fight:close_window|Тады наперад. Поспехаў!
dlga_novicemaster_are_you_ready:novicemaster_not_ready|Пачакай хвілінку. Мне трэба падрыхтавацца.
dlga_novicemaster_not_ready:close_window|Гэй, без трэніровак атрымаць поспех у фехтаванні немагчыма.
dlga_start:mayor_begin|Добры дзень, спадар.
dlga_start:mayor_talk|Сардэчна запрашаем у {s9}. Я гарадскі кіраўнік.
dlga_start:mayor_begin.1|Добры дзень, {playername}.
dlga_mayor_begin:lord_persuade_lords_to_make_peace_completed|Здавалася, што {s14} і {s15} - непрымірымыя ворагі, але табе, {playername}, удалося дамагчыся міру паміж імі. Ты выратаваў наш горад. Бяды і нягоды пакінулі на час наш край. Што ж да нашых абавязацельстваў, ведай, што людзі {s19} верныя свайму слову. Ты атрымаеш {reg12} талераў.
dlga_lord_persuade_lords_to_make_peace_completed:lord_persuade_lords_to_make_peace_pay|Дзякуй.
dlga_lord_persuade_lords_to_make_peace_completed:lord_persuade_lords_to_make_peace_no_pay|Не трэба грошай-кожны на маім месцы паступіў бы гэтак жа.
dlga_lord_persuade_lords_to_make_peace_pay:close_window|Мы ўжо падрыхтавалі грошы. Вось, калі ласка! Хоць {reg12} талераў будзе недастаткова, каб выказаць нашу падзяку. І я, і іншыя гараджане не забудзем тваю дапамогу.
dlga_lord_persuade_lords_to_make_peace_no_pay:close_window|Ты на самай справе, дзіўны чалавек, {спадар / спадарыня}! Знаёмства з табой для мяне вялікі гонар. Ты не толькі паклаў канец гэтай жудаснай вайне, але і ад узнагароды адмаўляецеся. Вядома, я не буду настойваць, але хачу, каб ты ведаў: Мы заўсёды будзем памінаць цябе ў нашых малітвах.
dlga_mayor_begin:lord_deal_with_night_bandits_completed|Выдатная праца, {playername}, хутка ты разабраўся з гэтымі мярзотнікамі. Дзякую за дапамогу. Прымі, калі ласка, 150 талераў ва ўзнагароду.
dlga_lord_deal_with_night_bandits_completed:close_window|Мне было прыемна дапамагаць табе, {s65}.
dlga_mayor_begin:mayor_looters_quest_response|А, {playername}. Як дамагчыся поспеху?
dlga_mayor_looters_quest_response:mayor_looters_quest_destroyed|Мне ўдалося забіць некалькі рабаўнікоў.
dlga_mayor_looters_quest_response:mayor_looters_quest_goods|У мяне ёсць для цябе нейкія тавары.
dlga_mayor_looters_quest_response:close_window|Яшчэ няма. Бывай.
dlga_mayor_looters_quest_destroyed:mayor_looters_quest_destroyed_2|Так, мае соглядатаи мне ўсё распавялі. Яны кажуць, цяпер гэтыя пачвары двойчы падумаюць, перш чым чыніць беззаконні ў нашых краях! Я абяцаў па 40 талераў за кожную шайку. Быць таму! {reg1} талераў мне дзеля такой справы не шкада.
dlga_mayor_looters_quest_destroyed_2:close_window|І гэта не адзіная добрая навіна! Дзякуючы Табе разбойнікі нам больш не пагражаюць! Ужо даволі доўга іх ніхто не бачыў: калі хто з іх і застаўся, то яны ці збеглі, ці пахаваліся. Гэта вельмі добра для гандлю, а што добра для гандлю, добра і для ўсяго горада. Думаю, на гэтым наша пагадненне выканана, {playername}. Калі ласка, прымі гэта срэбра ў падзяку. Дзякую і бывай.
dlga_mayor_looters_quest_destroyed_2:mayor_looters_quest_response|Табе што-небудзь яшчэ трэба?
dlga_mayor_looters_quest_goods:mayor_looters_quest_goods_response|Ха, я ведаў, што магу на цябе разлічваць! Проста скажы мне, што трэба забраць з тваёй паклажы, і я пашлю сваіх людзей. Мне ўсё яшчэ патрэбныя тавары не танней {reg1} талераў.
dlga_mayor_looters_quest_goods_response:mayor_looters_quest_goods_2|{s5}.
dlga_mayor_looters_quest_goods_response:mayor_looters_quest_goods_3|Пакуль што нічога, {пане / васпані}.
dlga_mayor_looters_quest_goods_3:mayor_looters_quest_response|Што-небудзь яшчэ трэба?
dlga_mayor_looters_quest_goods_2:mayor_looters_quest_goods_response|Добра, вось грошы за тавар. {s6} - гэта выдатна. У цябе ёсць яшчэ тавары, на якія {reg1} талераў будзе дастаткова?
dlga_mayor_looters_quest_goods_2:close_window|Добрая праца, {playername}. Больш мне нічога не трэба. Вось грошы за {s6} - і яшчэ трохі за дапамогу. Баюся, я больш не змагу плаціць за тавары і выплачваць узнагароду за рабаўнікоў, але ты можаш працягваць паляваць на іх - калі яны раптам сустрэнуцца. Дзякуй за дапамогу, я гэтага не забуду.
dlga_mayor_begin:close_window|Прыемна зноў бачыць цябе, {playername}. Я чуў, ты паспяхова даставіў быдла. Я раскажу купцам, што на цябе можна разлічваць. А вось і плата: {reg8} талераў, мяркую, будзе дастаткова.
dlga_mayor_begin:move_cattle_herd_failed|Я чуў, ты страціў быдла па дарозе ў {s9}. Мне будзе вельмі складана растлумачыць тваю няўдачу гаспадару таго статка, {спадар / спадарыня}. Што скажаш?
dlga_move_cattle_herd_failed:move_cattle_herd_failed_2|Мне вельмі шкада. Але на мяне напалі па дарозе.
dlga_move_cattle_herd_failed:move_cattle_herd_failed_2.1|Мне шкада. Гэтыя бязмозглыя жывёлы разбрыліся ноччу.
dlga_move_cattle_herd_failed_2:merchant_ask_for_debts|Што ж, ты быў абавязаны перагнаць статак у што б там ні стала. Табе, павінна быць, вядома, што ўладальнік статка запатрабаваў пакрыць страты, і мне давялося заплаціць яму 1000 талераў. Так што цяпер ты павінен мне гэтыя грошы.
dlga_mayor_begin:close_window.1|{Дарагі / дарагая} {playername}. Ты вярнуў майму сябру дачку, і я ў неаплатным абавязку. Каб аддзячыць цябе, {reg8} талераў будзе, вядома, недастаткова, але гэта ўсё, што ёсць. Мой сябар хацеў бы заплаціць больш, але яму давялося заплаціць выкуп, і гэта падкасіла яго.
dlga_mayor_begin:mayor_friendly_pretalk|Я чуў пра твае дзеянні. Ты пакараў гэтых разбойнікаў па заслугах. Праўду кажуць-ты майстар сваёй справы. Каб аддзячыць цябе, {reg5} талераў будзе, вядома, недастаткова, але гэта ўсё, што ёсць. Я заплаціў бы больш, але гэтыя бандыты ледзь не спустошылі мяне.
dlga_mayor_begin:merchant_ask_for_debts|Паводле маіх запісаў, ты завінаваціўся гільдыі гандляроў {reg1} талераў. Я б хацеў атрымаць гэтыя грошы цяпер.
dlga_merchant_ask_for_debts:merchant_debts_paid|Добра. Я заплачу свой доўг.
dlga_merchant_debts_paid:mayor_pretalk|Выдатна! Я дам ведаць сваім субратам па гільдыі, што ты расплаціўся з абавязкамі.
dlga_merchant_ask_for_debts:merchant_debts_not_paid|Баюся, што не магу выплаціць гэтую суму цяпер.
dlga_merchant_debts_not_paid:close_window|Тады, баюся, я не змагу мець з табой больш спраў. Па правілах гільдыі... Без {reg1} талераў можаш і не вяртацца. І ведай, на твой доўг будуць налічаны працэнты. Так што чым хутчэй заплаціш, тым лепш.
dlga_mayor_begin:mayor_talk|Што я магу для цябе зрабіць?
dlga_mayor_friendly_pretalk:mayor_talk|Цяпер... што я яшчэ магу для цябе зрабіць?
dlga_mayor_pretalk:mayor_talk|Так?
dlga_mayor_talk:mayor_info_begin|Раскажы мне пра сваю працу.
dlga_mayor_talk:oim_lendliz_giving_goods|Дзень добры. Я за харчамі для Навума Васільева. Вось пісьменка...
dlga_prison_guard_talk:oim_dmitriy_eleonora_mayor_talk|Я ад ваяводы, вось грамата...
dlga_mayor_talk:ms_talk_to_elder_to_construct|Я хачу пагаварыць пра развіццё горада.
dlga_mayor_talk:oim_guild_master_talk|Я б хацеў пагаварыць пра гандаль...
dlga_mayor_talk:oim_getman_kiev_burgomistr|У мяне да цябе даручэнне ад Радзівіла.
dlga_mayor_talk:oim_getman_kiev_burgomistr_gold_given|Вось лекі ад дрэннай памяці...
dlga_mayor_talk:oim_getman_riga_burgomistr_dlg_init|Я пра архівы...
dlga_mayor_talk:merchant_quest_requested|У цябе гадзінай няма для мяне ніякай працы?
dlga_mayor_talk:merchant_quest_last_offered_job|Датычна той працы, што ты мне прапанаваў...
dlga_mayor_talk:merchant_quest_about_job|Што тычыцца працы, якую ты мне даў...
dlga_mayor_talk:close_window|Выйсці...
dlga_mayor_info_begin:mayor_info_talk|Я гарадскі кіраўнік. Можна сказаць, кірую ўсім сумленным народам {s9}. Магу дапамагчы з работенкой, калі ты шукаеш законны заробак.
dlga_mayor_info_talk:mayor_info_lord|Хто кіруе гэтым горадам?
dlga_mayor_info_lord:mayor_info_talk|Наш горад знаходзіцца пад абаронай {s10}. Ад яго імя мы збіраем падаткі і вядзем суд. Аднак большую частку пытанняў мы вырашаем самастойна. У мяне як у гарадскога кіраўніка дастаткова для гэтага паўнамоцтваў. 
dlga_mayor_info_talk:mayor_pretalk|Гэта ўсё, што мне трэба было даведацца. Дзякуй.
dlga_merchant_quest_about_job:merchant_quest_about_job_2|А што такое?
dlga_merchant_quest_about_job_2:merchant_quest_what_if_fail|А што калі я не змагу скончыць гэтую справу?
dlga_merchant_quest_about_job_2:merchant_quest_about_job_working|Ну, я ўсё яшчэ над гэтым працую.
dlga_merchant_quest_about_job_working:mayor_pretalk|Добра. Я ўпэўнены, ты справішся.
dlga_merchant_quest_last_offered_job:merchant_quest_brief|А, ты хочаш перагледзець рашэнне. Добра...
dlga_merchant_quest_what_if_fail:mayor_pretalk|Я спадзяюся, ты не праваліш справу. Інакш мне прыйдзецца запатрабаваць з цябе цану ўсяго грузу.
dlga_merchant_quest_what_if_fail:mayor_pretalk.1|Добра, зрабі ўсё, што ў тваіх сілах, каб завяршыць гэтую справу.
dlga_merchant_quest_taken:mayor_pretalk|Выдатна, я разлічваю на цябе. Поспехаў!
dlga_merchant_quest_stall:mayor_pretalk|Добра, людзі для гэтага задання мне будуць патрэбныя яшчэ некалькі дзён, я думаю. Дай мне ведаць, калі вырашышся.
dlga_merchant_quest_requested:merchant_quest_brief|Ну, ты здаешся досыць ўмелым чалавекам. Думаю, у мяне знайшлося б для цябе справа.
dlga_merchant_quest_brief:merchant_quest_looters_choice|У {s5} нядаўна было здзейснена рабаванне. Непадалёк праходзіла бітва, потым, зразумелая справа, пачалася звычайная мітусня, паніка, так што сякія-такія ня надта сумленныя мясцовыя пайшлі рабаваць крамы і хутары. Шмат дарагіх тавараў раскралі. Мне патрэбен хтосьці, хто даў бы ўрок гэтым нягоднікам. Падыходзіць такая праца?
dlga_merchant_quest_looters_choice:merchant_quest_looters_brief|Так, я вазьмуся за гэта.
dlga_merchant_quest_looters_choice:merchant_quest_stall|Баюся, што не магу ўзяцца за працу цяпер.
dlga_merchant_quest_looters_brief:close_window|Выдатна! Гэтыя рабаўнікі ўсё яшчэ шнараць непадалёк ад горада - магчыма, яны ўвайшлі ў смак і спрабуюць знайсці новыя ахвяры. Заб'еш ты іх ці захопіш, мне ўсё роўна. Але ведай, я буду плаціць па 40 талераў за кожную шайку марадзёраў, пакуль з усімі не разбярэмся.
dlga_merchant_quest_requested:merchant_quest_brief.1|Ты шукаеш працу? Мне патрэбен чалавек, каб даставіць {s4}. Можа быць, ты ўзяўся б за гэта...
dlga_merchant_quest_brief:merchant_quest_brief_deliver_wine|Мне трэба даставіць {s6} у кабак {s4}. За дастаўку {reg5} адзінак за 7 дзён плачу ня менш {reg8} талераў. Што скажаш?
dlga_merchant_quest_brief_deliver_wine:merchant_quest_taken|Добра. Я займуся дастаўкай.
dlga_merchant_quest_brief_deliver_wine:merchant_quest_stall|Баюся, што не магу цяпер узяць увесь гэты груз.
dlga_merchant_quest_requested:merchant_quest_brief.2|Шукаеш працу? Мне патрэбен чалавек для суправаджэння гандлёвага абозу. Цікава такое заданне?
dlga_merchant_quest_brief:escort_merchant_caravan_quest_brief|Я збіраюся паслаць у {s8} гандлёвы абоз. Аднак на дарогах поўна разбойнікаў і дэзерціраў, і я не хачу адпраўляць абоз без абароны. Калі прывядзеш абоз на месца за 15 дзён, то заробіш не менш {reg8} талераў. Толькі ўлічы, у тваім атрадзе павінна быць не менш {reg4} чалавек, каб ахова была хоць трохі надзейнай.
dlga_escort_merchant_caravan_quest_brief:merchant_quest_taken|Добра. Я вазьмуся за гэтую справу.
dlga_escort_merchant_caravan_quest_brief:merchant_quest_stall|Я баюся, што ў мяне ў атрадзе не знойдзецца столькі байцоў.
dlga_escort_merchant_caravan_quest_brief:merchant_quest_stall.1|Прашу прабачэння, я не магу заняцца гэтым цяпер.
dlga_start:close_window.20|Астатні шлях мы зможам прарабіць самі, дзякуй.
dlga_start:close_window.21|Што ж, {s21} ужо зусім блізка, мы амаль у мэты. Рэшту шляху мы і самі даедзем. Вось {reg14} талераў. І дзякуй табе за ахову, добры чалавек.
dlga_start:merchant_caravan_intro_1|Ты, павінна быць, той, хто падрадзіўся нас абараняць?
dlga_merchant_caravan_intro_1:merchant_caravan_intro_2|Так. Мяне клічуць {playername}. Я буду суправаджаць вас да {s1}.
dlga_merchant_caravan_intro_2:escort_merchant_caravan_talk|Што ж, я рады, што мы адправімся не адны. Якія будуць ўказанні?
dlga_start:escort_merchant_caravan_talk|Хм. Да гэтага часу мы і самі спраўляліся... Чаго ты хочаш ад нас?
dlga_escort_merchant_caravan_talk:merchant_caravan_follow_lead|Вы паедзеце за мной. Я павяду вас бяспечным шляхам.
dlga_merchant_caravan_follow_lead:close_window|Добра. Мы рушым услед прама за табой.
dlga_escort_merchant_caravan_talk:merchant_caravan_stay_here|Чакайце тут. Я паеду наперад і разведаю дарогу.
dlga_merchant_caravan_stay_here:close_window|Добра. Мы будзем чакаць.
dlga_merchant_quest_requested:merchant_quest_brief.3|Насамрэч, мне якраз патрэбны чалавек накшталт цябе. Ёсць тут адна шайка асабліва подлых разбойнікаў. Яны пазапаўнялі наваколлі горада і нападаюць на мае гандлёвыя абозы. Да гэтага часу яны выслізгвалі і ад салдат, і ад апалчэння, але калі хто-небудзь не спыніць іх у бліжэйшы час, я буду спустошаны...
dlga_merchant_quest_brief:troublesome_bandits_quest_brief|Думаю, {reg8} талераў за злоў гэтых мярзотнікаў павінна хапіць. Гэта небяспечная справа, але я ўпэўнены, што ты з ім справішся. Што скажаш?
dlga_troublesome_bandits_quest_brief:merchant_quest_taken_bandits|Добра. Я злаўлю гэтых разбойнікаў.
dlga_merchant_quest_taken_bandits:close_window|Праўда? Прыемна чуць! Што ж, ўдачы!
dlga_troublesome_bandits_quest_brief:merchant_quest_stall|Прашу прабачэння. У мяне няма цяпер на гэта часу.
dlga_merchant_quest_requested:merchant_quest_brief.4|Шчыра кажучы, мне вельмі патрэбны надзейны і ўмелы памочнік. Банда разбойнікаў выкрала Дачка майго сябра і цяпер патрабуе выкупу. Мой сябар гатовы ім заплаціць, але нам патрэбен хтосьці, каб перадаць грошы гэтым мярзотнікам і вярнуць дзяўчыну.
dlga_merchant_quest_brief:kidnapped_girl_quest_brief|Разбойнікі патрабуюць выкуп у памеры {reg12} талераў. Я дам табе гэтыя грошы, калі ты возьмешся за заданне. У цябе будзе 15 дзён, каб перадаць грошы разбойнікам, месца сустрэчы-вёска {s4}. Гэтыя ўблюдкі сказалі, што заб'юць дзяўчыну, калі не атрымаюць грошай у тэрмін. Калі вернеш дзяўчыну ў цэласці і захаванасці, атрымаеш {reg8} талераў срэбрам.
dlga_kidnapped_girl_quest_brief:kidnapped_girl_quest_taken|Добра. Я адвязу выкуп бандытам і вярну дзяўчыну.
dlga_kidnapped_girl_quest_taken:close_window|Добра. Я ведаў, што ў гэтай справе магу табе давяраць. Вось выкуп, {reg12} талераў. Пералічыць. І, калі ласка, пастарайся не рабіць неабдуманых учынкаў. Памятай, што дабрабыт дзяўчыны важней за ўсё...
dlga_kidnapped_girl_quest_brief:merchant_quest_stall|Шкадую, у мяне няма цяпер на гэта часу.
dlga_start:close_window.22|Дзякую за выратаванне, {пане / васпані}! Я столькі нацярпелася.
dlga_kidnapped_girl_liberated_map:kidnapped_girl_liberated_map_2a|Так. Пойдзем са мной. Мы вяртаемся дадому.
dlga_kidnapped_girl_liberated_map_2a:close_window|Але ж у цябе ў атрадзе няма месца для мяне.
dlga_kidnapped_girl_liberated_map_2a:close_window.1|Праўда? Дзякуй, пане!
dlga_kidnapped_girl_liberated_map:kidnapped_girl_liberated_map_2b|Пачакай тут няшмат. Я вярнуся за табой.
dlga_kidnapped_girl_liberated_map_2b:close_window|Калі ласка, {пане / спадарыня}, не кідай мяне тут адну-одинешеньку!
dlga_start:kidnapped_girl_liberated_map|{Пане / спадарыня}, дзякуй, што выратаваў мяне. Ты адвязеш дадому?
dlga_kidnapped_girl_liberated_battle:kidnapped_girl_liberated_battle_2a|Так. Пойдзем са мной. Мы вяртаемся дадому.
dlga_kidnapped_girl_liberated_battle_2a:kidnapped_girl_liberated_battle_2b|Але ж у цябе ў атрадзе няма месца для мяне.
dlga_kidnapped_girl_liberated_battle_2a:close_window|Праўда? Дзякуй, пане!
dlga_kidnapped_girl_liberated_battle:kidnapped_girl_liberated_battle_2b|Пачакай тут няшмат. Я вярнуся за табой.
dlga_kidnapped_girl_liberated_battle_2b:close_window|Калі ласка, {пане / спадарыня}, не кідай мяне тут адну-одинешеньку!
dlga_start:kidnapped_girl_liberated_map.1|Можна мне цяпер пайсці з табой?
dlga_start:bandits_awaiting_ransom_intro_1|Гэта ты ці што за дзеўкай? Грошы Гані.
dlga_start:bandits_awaiting_ransom_intro_1.1|А, зноў ты? Грошы Гані, сказалі.
dlga_bandits_awaiting_ransom_intro_1:bandits_awaiting_ransom_pay|Вось грошы, бярыце. Цяпер адпусціце дзяўчыну.
dlga_bandits_awaiting_ransom_pay:close_window|Хех, а што, і праўда грошы, не жалеза... Забірай сваю дзеўку. Усё б так хутка цямілі, як ты.
dlga_bandits_awaiting_ransom_intro_1:bandits_awaiting_ransom_b|Не! Спачатку адпусціце дзяўчыну!
dlga_bandits_awaiting_ransom_b:bandits_awaiting_ransom_b2|Добры гуляцца, грошы давай!
dlga_bandits_awaiting_ransom_b2:bandits_awaiting_ransom_pay|Добра. Вось вашы грошы. Адпусціце дзяўчыну.
dlga_bandits_awaiting_ransom_b2:bandits_awaiting_ransom_no_money|Грошы ў надзейным месцы. Я пайду прынясу іх.
dlga_bandits_awaiting_ransom_no_money:close_window|Лепш не зли нас! А ну жыва Валі за грашыма!
dlga_bandits_awaiting_ransom_b2:bandits_awaiting_ransom_fight|Я не збіраюся вам плаціць. Я патрабую, каб вы неадкладна адпусцілі дзяўчыну!
dlga_bandits_awaiting_ransom_fight:close_window|Ты гэта, ведаеш, а мёртвыя наогул нічога не патрабуюць...
dlga_start:bandits_awaiting_remeet|Чаго табе? Грошы ў нас, справа зроблена, правальвай.
dlga_bandits_awaiting_remeet:close_window|Прабач за турботы. Я пайду.
dlga_bandits_awaiting_remeet:bandits_awaiting_remeet_2|Яшчэ адна справа ёсць. Давайце грошы назад.
dlga_bandits_awaiting_remeet_2:close_window|Аб, вось ужо справа так справа! Ну давай абмяркуем!
dlga_start:kidnapped_girl_encounter_1|{Пане / спадарыня}, дзякуй, што выратаваў мяне. Ты адвязеш мяне дадому?
dlga_kidnapped_girl_encounter_1:kidnapped_girl_join|Так. Пойдзем са мной. Мы вяртаемся дадому.
dlga_kidnapped_girl_join:close_window|Але ж у цябе ў атрадзе няма месца для мяне.
dlga_kidnapped_girl_join:close_window.1|Аб, вялікі дзякуй!
dlga_kidnapped_girl_encounter_1:kidnapped_girl_wait|Пачакай тут няшмат. Я вярнуся за табой.
dlga_kidnapped_girl_wait:close_window|Калі ласка, {пане / спадарыня}, не кідай мяне тут адну-одинешеньку!
dlga_merchant_quest_about_job_2:lost_kidnapped_girl|На жаль, па дарозе сюды дзяўчына збегла...
dlga_lost_kidnapped_girl:lost_kidnapped_girl_2|Аб, не! Як я скажу пра гэта свайму сябру?
dlga_lost_kidnapped_girl_2:lost_kidnapped_girl_3|Мне шкада. Я нічога не мог зрабіць.
dlga_lost_kidnapped_girl_3:lost_kidnapped_girl_4|Ты мяне расчараваў, {playername}. Я давяраў табе. Цяпер людзі даведаюцца, што ты не справіўся з гэтай справай. Акрамя таго я чакаю {reg8} талераў, якія я даваў для выкупу.
dlga_lost_kidnapped_girl_4:merchant_quest_about_job_5a|Безумоўна. Вось грошы...
dlga_merchant_quest_about_job_5a:close_window|Прынамсі, у цябе хапіла прыстойнасці вярнуць грошы.
dlga_lost_kidnapped_girl_4:merchant_quest_about_job_5b|Прашу прабачэння, у мяне няма з сабой такой сумы.
dlga_merchant_quest_about_job_5b:close_window|І ты думаеш, я табе паверу? Ты вернеш мне выкуп!
dlga_merchant_quest_requested:merchant_quest_persuade_peace_1|{s15} і {s14} вядуць паміж сабой страшную вайну, з-за яе наш горад ужо на мяжы гібелі. Нашы гандлёвыя абозы рабуюць і бязлітасна знішчаюць, ледзь яны выйдуць за вароты. Нашы гандляры баяцца пакідаць гарадскія сцены. І да ўсіх нашых бед, падаткі на вайну з'ядаюць апошнія зберажэнні. Калі неўзабаве не наступіць мір, мы доўга не пратрымаемся.
dlga_merchant_quest_persuade_peace_1:merchant_quest_brief|Ці ведаеце вы, як спыніць гэтае вар'яцтва?
dlga_merchant_quest_persuade_peace_1:merchant_quest_persuade_peace_reject|Твой абавязак-дапамагаць дваранам у вайне. Не прыстала табе скардзіцца.
dlga_merchant_quest_persuade_peace_reject:close_window|Ха. Ведаць вядзе вайны з прагнасці і смагі славы. А ўсе бяды трывае сумленны люд накшталт нас. Але ты, верагодна, аддаеш перавагу пра гэта не задумвацца.
dlga_merchant_quest_brief:merchant_quest_persuade_peace_3|Мы спрабавалі неяк прымірыць ваюючыя бакі і дасягнуць пагаднення. Але камусьці выгадна працягваць вайну. З-за іх усе астатнія не могуць прыслухацца да голасу розуму і вымушаныя змагацца. Пакуль гэтыя знатныя Пеўні не страцяць свайго ўплыву, пра свет казаць бескарысна.
dlga_merchant_quest_persuade_peace_3:merchant_quest_persuade_peace_4|Хто распальвае вайну і перашкаджае мірным перамовам?
dlga_merchant_quest_persuade_peace_3:merchant_quest_persuade_peace_4.1|Пра якія такія спадары ты кажаш?
dlga_merchant_quest_persuade_peace_4:merchant_quest_persuade_peace_5|Гэта {s12} з {s15} і {s13} з {s14}. Пакуль яны не зменяць меркаванне ці не страцяць уплыву, свету ў нас не будзе.
dlga_merchant_quest_persuade_peace_5:merchant_quest_persuade_peace_6|Што можна з гэтым зрабіць?
dlga_merchant_quest_persuade_peace_5:merchant_quest_persuade_peace_6.1|Падобна на тое, з гэтым нічога не зробіш.
dlga_merchant_quest_persuade_peace_6:merchant_quest_persuade_peace_7|Ёсць адзін спосаб... Рашучы чалавек, верагодна, зможа пераканаць аднаго або нават абодвух пагадзіцца на свет. А калі ўжо і гэта не атрымаецца, застаецца толькі разбіць іх у баі і ўзяць у палон. У палоне яны страцяць свой уплыў і не змогуць перашкодзіць мірным перамовам... Што скажаш?
dlga_merchant_quest_persuade_peace_7:merchant_quest_persuade_peace_8|Цяжка, цяжка... Але я паспрабую.
dlga_merchant_quest_persuade_peace_7:merchant_quest_persuade_peace_8.1|Што ж, калі кошт будзе прыдатнай, можна паспрабаваць.
dlga_merchant_quest_persuade_peace_7:merchant_quest_persuade_peace_8.2|Мяне гэта не тычыцца.
dlga_merchant_quest_persuade_peace_8:merchant_quest_persuade_peace_9|Большасць гандляроў у горадзе з радасцю раскашэляцца на падтрымку такога плану. Я думаю, мы зможам сабраць ніяк не менш {reg12} талераў. Мы з радасцю ўзнагародзім цябе, калі ты справішся. {s12} і {s13} павінны пагадзіцца на мір, а калі хто-небудзь з іх апынецца занадта ўпартым, вазьмі яго ў палон і трымай датуль, пакуль не будзе падпісаны мір.
dlga_merchant_quest_persuade_peace_9:merchant_quest_persuade_peace_10|Добра. Я зраблю ўсё, што ў маіх сілах.
dlga_merchant_quest_persuade_peace_9:merchant_quest_persuade_peace_no|Шкадую, але я не магу гэтага зрабіць.
dlga_merchant_quest_persuade_peace_10:close_window|Выдатна. Мы будзем маліцца за цябе і чакаць добрых вестак.
dlga_merchant_quest_persuade_peace_no:close_window|Не адмаўляй нам так адразу. Падумай добранька. Калі хто і можа з гэтым справіцца, то толькі ты.
dlga_merchant_quest_requested:merchant_quest_deal_with_night_bandits|Шайка разбойнікаў гаспадарыць у горадзе, а я розуму не прыкладу, як з ёй справіцца. Яны нападаюць на жыхароў і рабуюць іх пад прыкрыццём ночы, а варта здацца варце, як яны імгненнем знікаюць. Мы ніводнага не змаглі злавіць. Яны нападаюць на адзінокіх мінакоў, а калі людзей шмат, яны нават не паказваюцца. Трэба, каб хто - небудзь сустрэўся з гэтымі мярзотнікамі ў адзіночку-і перамог іх. Падобна на тое, гэта адзіны спосаб аддаць іх правасуддзя. Возьмешся за гэта?
dlga_merchant_quest_brief:merchant_quest_deal_with_night_bandits|Вядома ж, ёсць! Шайка разбойнікаў гаспадарыць у горадзе, а я розуму не прыкладу, як з ёй справіцца. Яны нападаюць на жыхароў і рабуюць іх пад прыкрыццём ночы, а варта здацца варце, яны імгненнем знікаюць. Мы ніводнага не змаглі злавіць. Яны нападаюць на адзінокіх мінакоў, а калі людзей шмат, яны нават не паказваюцца. Трэба, каб хто - небудзь сустрэўся з гэтымі мярзотнікамі ў адзіночку-і перамог іх. Падобна на тое, гэта адзіны спосаб аддаць іх правасуддзя. Ты возьмешся за гэта?
dlga_merchant_quest_deal_with_night_bandits:deal_with_night_bandits_quest_taken|Перабіць разбойнікаў? Ды вядома!
dlga_merchant_quest_deal_with_night_bandits:merchant_quest_stall|Мяне гэта не цікавіць.
dlga_deal_with_night_bandits_quest_taken:mayor_pretalk|У мяне камень з душы ўпаў, {playername}. Калі ўсё пройдзе добра, цябе чакае шчодрая ўзнагарода. Але галоўнае - каб ты сам ацалеў, зразумела?
dlga_merchant_quest_requested:merchant_quest_brief.5|Адзін гандляр шукае паганятых, каб перагнаць жывёлу на базар у {s13}.
dlga_merchant_quest_brief:move_cattle_herd_quest_brief|Быдла павінна апынуцца ў {s13} на працягу 30 дзён. Калі паспееш раней-дык яшчэ лепш. Але ўлічы, што за 30 дзён трэба ўправіцца абавязкова. Калі ты возьмешся за гэта, я заплачу ня менш {reg8} талераў за працы. Ну што, згодны ты на такую справу?
dlga_move_cattle_herd_quest_brief:move_cattle_herd_quest_taken|Так, я магу перагнаць быдла.
dlga_move_cattle_herd_quest_brief:merchant_quest_stall|Шкадую, але мой адказ-не.
dlga_move_cattle_herd_quest_taken:mayor_pretalk|Вось і ладненько. Статак знаходзіцца прама за горадам. Калі адвядзеш жывёл, вяртайся да мяне за платай.
dlga_merchant_quest_requested:mayor_pretalk|Баюся, што не магу прапанаваць табе зараз ніякай працы.
dlga_start:village_elder_deliver_cattle_thank|Дзякуй за дапамогу, {добры спадар / добрая спадарыня}! {reg5} галоў жывёлы нам дастаткова, каб выгадаваць уласны статак.
dlga_village_elder_deliver_cattle_thank:village_elder_talk|Ці не патрабуецца табе дапамога, {добры спадар / добрая спадарыня}?
dlga_start:oim_hunt_down_thieves_succeeded|Дзень добры, {спадар / спадарыня}. Мы чулі, быццам злодзеі злоўлены. Мы табе надта ўдзячныя. Сяляне хочуць аддзячыць цябе пладамі сваіх прац.
dlga_oim_hunt_down_thieves_succeeded:village_elder_pretalk|Ды Няма за што. Мне не ў цяжар. Дзякуй за ўзнагароду.
dlga_start:village_elder_talk|Добрага дзянечка, {спадар / спадарыня}! Вітаю ў вёсцы {s9}. Я тутэйшы стараста.
dlga_start:village_elder_talk.1|Сардэчна запрашаем у вёску {S9}, {спадар / мілэдзі}. Мы як даведаліся, што ты цяпер {наш новы валадар / наша новая спадарыня}, так усё ўзрадаваліся! Я тутэйшы стараста, пошту за гонар паслужыць, чым змагу.
dlga_start:village_elder_talk.2|{Спадар / Мілэдзі}, твой прыезд для нас-вялікая радасць.
dlga_start:village_elder_talk.3|Добры дзень, {спадар / спадарыня}.
dlga_village_elder_pretalk:village_elder_talk|Ці магу я чымсьці яшчэ дапамагчы?
dlga_village_elder_talk:village_elder_ask_fugitive|Я шукаю {s4}. Мне сказалі, што ён хаваецца тут.
dlga_village_elder_talk:ms_talk_to_elder_to_construct|Я хачу пагаварыць пра развіццё вёскі.
dlga_village_elder_ask_fugitive:village_elder_pretalk|Тут шмат усякага народу ходзіць, {пане / спадарыня}. Толькі вось у такі час ты наўрад ці каго знойдзеш... Трэба было б да утречка пачакаць...
dlga_village_elder_ask_fugitive:close_window|Чужаземцы прыходзяць і сыходзяць, {спадар / спадарыня}, а сяляне застаюцца. Хочаш шукаць-воля Твая.
dlga_village_elder_talk:village_elder_active_mission_1|Што тычыцца таго задання, што ты мне даў...
dlga_village_elder_talk:village_elder_request_mission_ask|Можа быць, дапамога патрэбна?
dlga_village_elder_talk:village_elder_trade_begin|Мне нешта трэба... Плачу срэбрам.
dlga_village_elder_talk:oim_intro_zamoshie_elder|Будзь здаровы, Ойча. Раскажы мне, якія тут у вас справы дзеюцца?
dlga_village_elder_talk:oim_zamoshie_killed_bandits|Я пра разбойнікаў...
dlga_village_elder_talk:oim_zamoshie_lower_taxes_done|Я з нагоды падаткаў...
dlga_village_elder_talk:oim_check_bring_goods|Я пра тавары...
dlga_village_elder_talk:oim_choose_quests|Можа, яшчэ чым дапамагчы?
dlga_village_elder_talk:oim_start_quest_trakay_icon|Кажуць, тут жыве Герасім Евангелік. Дзе б яго знайсці?
dlga_village_elder_talk:oim_tracai_icon_done|Я пра ікону...
dlga_village_elder_talk:oim_tracai_icon_failed|Я пра ікону...
dlga_village_elder_talk:oim_get_money_invest_dlg|Я пра грошы...
dlga_village_elder_talk:oim_sem_samuraev_defend_village|Старчэ, чуў я, быццам вас трэба абараніць ад разбойнікаў.
dlga_village_elder_talk:oim_getman_nesviz_elder_village_name|Мяне вось пытанне адзін займае, Ойча... З-за чаго ў вашага паселішча такую назву?
dlga_village_elder_talk:oim_getman_nesviz_elder_dlg|Ойча, чуў я, быццам некалькі гадоў таму сюды прывезлі нейкія каменныя труны...
dlga_village_elder_trade_begin:village_elder_trade_talk|Як будзе заўгодна, {спадар / спадарыня}. Тавары патрэбныя або быдла?
dlga_village_elder_trade_talk:village_elder_trade|Я хачу купіць ежу і харчы.
dlga_village_elder_trade:village_elder_pretalk|Нешта ёсць, ага... Пойдзем - ка ў свіран, глянем...
dlga_village_elder_trade_talk:village_elder_buy_cattle|Я хачу купіць жывёлу.
dlga_village_elder_trade_talk:village_elder_pretalk|Я пакуль не буду нічога купляць.
dlga_village_elder_talk:village_elder_ask_enemies|Ці не турбуюць вас ворагі?
dlga_village_elder_ask_enemies:village_elder_pretalk|Не, {спадар / спадарыня}, ворагаў ахрысціць ужо даўно не відаць.
dlga_village_elder_ask_enemies:village_elder_tell_enemies|Хм-м... Дайце-ка падумаць...
dlga_village_elder_talk:oim_change_ruler_village|Я думаю, варта змяніць кіраўніка.
dlga_oim_change_ruler_village:oim_change_ruler_village_goon|Ці сапраўды гэта, {васпан / гаспадарыня}?
dlga_oim_change_ruler_village_goon:village_elder_pretalk|Так, такая мая воля. 
dlga_oim_change_ruler_village_goon:village_elder_pretalk.1|Не звяртай увагі.
dlga_mayor_talk:oim_change_ruler_town|Я думаю, варта змяніць кіраўніка.
dlga_oim_change_ruler_town:oim_change_ruler_town_goon|Ці сапраўды гэта, {васпан / гаспадарыня}?
dlga_oim_change_ruler_town_goon:mayor_pretalk|Так, такая мая воля. 
dlga_oim_change_ruler_town_goon:mayor_pretalk.1|Не звяртай увагі.
dlga_village_elder_tell_enemies:village_elder_tell_enemies|{s1} {s2}
dlga_village_elder_tell_enemies:village_elder_pretalk|Не, {спадар / спадарыня}. Ніводнага ўзброенага атрада ў тутэйшых месцах ужо даўнютка не відаць.
dlga_village_elder_tell_enemies:village_elder_pretalk.1|Ну, я думаю, гэта ўсё.
dlga_village_elder_talk:village_elder_recruit_start|Ёсць тут у вёсцы хлопцы, якія б рызыкнулі пашукаць поспехі на вайне?
dlga_village_elder_talk:oim_hunt_down_thieves_failed|Я хачу пагаварыць пра злодзеяў, якіх мне трэба адшукаць.
dlga_oim_hunt_down_thieves_failed:oim_hunt_down_thieves_failed_2|Я гляджу, цябе паранілі. Што здарылася?
dlga_oim_hunt_down_thieves_failed_2:oim_hunt_down_thieves_failed_3|Злодзеі былі выяўленыя мной у вёсцы апоўначы, і мне захацелася іх спыніць. Нажаль, яны апынуліся мне не па зубах. Мне вельмі шкада.
dlga_oim_hunt_down_thieves_failed_3:village_elder_pretalk|Гэта вельмі благія весткі. Мы так спадзяваліся на тваю дапамогу. Ну што ж, спроба не катаванне.
dlga_village_elder_talk:oim_get_feast_supplies_finish|Вось тавары, якія вам патрэбныя. Можаце пачынаць свята.
dlga_oim_get_feast_supplies_finish:oim_get_feast_supplies_succeeded|Выдатна! Бачу, у цябе ёсць усё, што неабходна для свята. Цяпер нашы людзі змогуць адпачыць і забыцца на час пра свае нягодах і нягодах. Вось, вазьмі гэта ў якасці ўзнагароды за свае працы.
dlga_oim_get_feast_supplies_finish:village_elder_pretalk|На жаль, у цябе недастаткова {s1}. Таму мы не зможам пачаць свята.
dlga_oim_get_feast_supplies_succeeded:village_elder_pretalk|Дзякуй за ўзнагароду. Добра, што мне ўдалося дапамагчы вам.
dlga_village_elder_talk:close_window|Выйсці...
dlga_village_elder_buy_cattle:village_elder_buy_cattle_2|Больш {reg5} галоў жывёлы я табе не прадам. Адна галава абыйдзецца ў {reg6} талераў. Колькі будзеш купляць?
dlga_village_elder_buy_cattle:village_elder_buy_cattle_2.1|Баюся, што жывёлы ў нас у вёсцы няма, {пане/васпані}.
dlga_village_elder_buy_cattle_2:village_elder_buy_cattle_complete|1
dlga_village_elder_buy_cattle_2:village_elder_buy_cattle_complete.1|2
dlga_village_elder_buy_cattle_2:village_elder_buy_cattle_complete.2|3
dlga_village_elder_buy_cattle_2:village_elder_buy_cattle_complete.3|4
dlga_village_elder_buy_cattle_2:village_elder_buy_cattle_complete.4|5
dlga_village_elder_buy_cattle_2:village_elder_pretalk|Мабыць, быдла мне ўсё ж такі не патрэбны...
dlga_village_elder_buy_cattle_complete:village_elder_pretalk|Я загадаю пастухам сагнаць быдла, {спадар / спадарыня}. Будзь спакойны, выдатная выйдзе здзелка.
dlga_village_elder_recruit_start:village_elder_talk|Наўрад ці гэта кагосьці зацікавіць, {спадар / спадарыня}. Можа, яшчэ чым дапамагчы?
dlga_village_elder_recruit_start:village_elder_recruit_decision|Ёсць у нас {reg5} чалавек. Калі б ты пагадзіўся заплаціць 10 талераў {reg7?кожнаму за рыштунак: за яго рыштунак}... Па руках?
dlga_village_elder_recruit_decision:village_elder_pretalk|Так і быць.
dlga_village_elder_recruit_decision:village_elder_pretalk.1|Перадай {reg7?ім: яму, што я згодны.
dlga_village_elder_recruit_decision:village_elder_pretalk.2|Лепш потым.
dlga_village_elder_active_mission_1:village_elder_active_mission_2|Ну як, {спадар / спадарыня}, атрымалася што-небудзь?
dlga_village_elder_active_mission_2:village_elder_deliver_grain_thank|Безумоўна. Вось {reg5} мяшкоў пшаніцы.
dlga_village_elder_deliver_grain_thank:village_elder_deliver_grain_thank_2|{Спадар / Мілэдзі}, ты выратаваў нас ад голаду і роспачы. Мы не можам як след аддзячыць цябе, але будзем маліць за Цябе бога. {s13} не забудзе Тваёй міласьці.
dlga_village_elder_deliver_grain_thank_2:village_elder_talk|Чым я магу дапамагчы, {спадар / спадарыня}?
dlga_village_elder_active_mission_2:village_elder_active_mission_3|Справа пакуль не зроблена.
dlga_village_elder_active_mission_2:village_elder_mission_failed|Баюся, што не змагу скончыць гэтую справу.
dlga_village_elder_active_mission_3:village_elder_pretalk|Дзякую, {спадар / спадарыня}. Мы кожны дзень молімся за цябе!
dlga_village_elder_mission_failed:village_elder_pretalk|Шкада, шкада... Ну нічога, глядзіш, яшчэ што-небудзь прыдумаю.
dlga_village_elder_request_mission_ask:village_elder_pretalk|Ты і так ужо нам дапамагаеш, не прыстала прасіць аб большым.
dlga_village_elder_request_mission_ask:village_elder_pretalk.1|Не, {спадар / спадарыня}, іншых просьбаў пакуль няма.
dlga_village_elder_request_mission_ask:village_elder_tell_mission|Заданне?
dlga_village_elder_tell_mission:village_elder_tell_deliver_grain_mission|{Спадар / спадарыня}, наша вёска апошнім часам столькі вытрывала... Быў неўраджай, а нядаўна яшчэ і разбойнікі забралі збожжа для пасяўной. Калі пшаніцу ў бліжэйшы час не знайсці, нам будзе няма чаго сеяць і ў вёсцы пачнецца голад. Калі б ты нам дапамог...
dlga_village_elder_tell_deliver_grain_mission:village_elder_tell_deliver_grain_mission_2|Хм... колькі пшаніцы вам трэба?
dlga_village_elder_tell_deliver_grain_mission:village_elder_deliver_grain_mission_reject|У мяне няма на гэта часу.
dlga_village_elder_tell_deliver_grain_mission_2:village_elder_tell_deliver_grain_mission_3|Я думаю, {reg5} мяшкоў пшаніцы для пасеву нам бы хапіла. А астатнім ужо добрыя людзі з намі падзеляцца...
dlga_village_elder_tell_deliver_grain_mission_3:village_elder_deliver_grain_mission_accept|Добра, я знайду вам пшаніцу.
dlga_village_elder_tell_deliver_grain_mission_3:village_elder_deliver_grain_mission_reject|Мне няма калі займацца гэтым.
dlga_village_elder_deliver_grain_mission_accept:close_window|Дзякую, {спадар / спадарыня}. Мы будзем маліцца за цябе дзень і ноч.
dlga_village_elder_deliver_grain_mission_reject:close_window|Так, {спадар / спадарыня}, вядома. Прашу прабачэння, што патрывожыў.
dlga_village_elder_tell_mission:village_elder_tell_train_peasants_against_bandits_mission|Банда разбойнікаў дакучае нам... Яны адбіраюць нашу ежу і жывёлу, а тых, хто не падпарадкоўваецца ім, забіваюць на месцы. Мы не можам самі абараніць сябе... Што з нас узяць - мы людзі простыя! Вось калі б нам хто дапамог, то, можа, нешта І выйшла б... Нам бы байца дасведчанага, які растлумачыў бы, што да чаго.
dlga_village_elder_tell_train_peasants_against_bandits_mission:village_elder_train_peasants_against_bandits_mission_accept|Я навучу вас абараняцца.
dlga_village_elder_tell_train_peasants_against_bandits_mission:village_elder_train_peasants_against_bandits_mission_reject|Няма чаго сялянам брацца за зброю. Адкупіцеся ад разбойнікаў, і ўсе справы.
dlga_village_elder_train_peasants_against_bandits_mission_accept:close_window|Праўда? Вось радасць-то! Ужо мы такой дабрыні не забудзем, не сумнявайцеся! Я пайду паклічу народ, загадаю ўсім прыйсці сюды. Калі навучыш нас абараняцца, мы і ўзнагародзім цябе, чым зможам.
dlga_village_elder_train_peasants_against_bandits_mission_reject:close_window|Так, вядома, {спадар / спадарыня}.
dlga_village_elder_tell_mission:village_elder_tell_deliver_cattle_mission|Разбойнікі скралі нашу жывёлу. Нашы пашы пустыя. Будзь у нас хоць некалькі галоў жывёлы, мы маглі б зноў вырасціць статак.
dlga_village_elder_tell_deliver_cattle_mission:village_elder_tell_deliver_cattle_mission_2|Колькі вам трэба?
dlga_village_elder_tell_deliver_cattle_mission:village_elder_deliver_cattle_mission_reject|У мяне няма на гэта часу.
dlga_village_elder_tell_deliver_cattle_mission_2:village_elder_tell_deliver_cattle_mission_3|Я думаю, {reg5} галоў будзе дастаткова для невялікага статка.
dlga_village_elder_tell_deliver_cattle_mission_3:village_elder_deliver_cattle_mission_accept|Я прывяду вам жывёлу.
dlga_village_elder_tell_deliver_cattle_mission_3:village_elder_deliver_cattle_mission_reject|Мне няма калі займацца гэтым.
dlga_village_elder_deliver_cattle_mission_accept:close_window|Дзякую Табе, {спадар / спадарыня}. Мы будзем маліцца за цябе дзень і ноч.
dlga_village_elder_deliver_cattle_mission_reject:close_window|Так, {спадар / спадарыня}, вядома. Прашу прабачэння, што патрывожыў нашымі праблемамі.
dlga_village_elder_tell_mission:village_elder_oim_hunt_down_thieves_mission|У акрузе бясчынствуе група злодзеяў. Яны прыходзяць ноччу і адводзяць усё быдла, якое знаходзяць. Калі ты можаш спыніць іх, Прыходзь у вёску сёння апоўначы. Але памятай, светам гэтую справу не вырашыць.
dlga_village_elder_oim_hunt_down_thieves_mission:village_elder_oim_hunt_down_thieves_mission_accept|Добра, калі настане ноч, я прыйду.
dlga_village_elder_oim_hunt_down_thieves_mission:village_elder_oim_hunt_down_thieves_mission_reject|Нажаль, у мяне няма на гэта часу.
dlga_village_elder_oim_hunt_down_thieves_mission_accept:close_window|Дзякую Табе, {спадар / спадарыня}. Спадзяюся, ты зможаш злавіць і пакараць гэтых злодзеяў.
dlga_village_elder_oim_hunt_down_thieves_mission_reject:close_window|Вядома, {спадар / спадарыня}. Прашу прабачэння, што патрывожыў нашымі праблемамі.
dlga_village_elder_tell_mission:village_elder_oim_get_feast_supplies_mission|Наша вёска, як і многія іншыя ў гэтым краі, кожнае лета праводзіць свята ў гонар ураджаю. І ў гэтым годзе мы не збіраемся ад яго адмаўляцца. Трэба ж неяк мясцоваму люду падняць свой дух у гэтыя суровыя часы. Калі ты дастанеш 5 бочак піва, 5 гронак вінаграду, бочку віна, бочку гарэлкі ды цюцюна, то мы зможам правесці свята. Ці не збярэш гэта ўсё ў навакольных вёсках ды гарадах? Вядома, мы будзем рады бачыць і цябе на свяце.
dlga_village_elder_oim_get_feast_supplies_mission:village_elder_oim_get_feast_supplies_mission_accept|Я збяру ўсё, што вам трэба, і вярнуся.
dlga_village_elder_oim_get_feast_supplies_mission:village_elder_oim_get_feast_supplies_mission_reject|У мяне няма на гэта часу.
dlga_village_elder_oim_get_feast_supplies_mission_accept:close_window|Дзякую Табе, {спадар / спадарыня}. Прашу, паспяшайся-нашы людзі чакаюць не дачакаюцца свята.
dlga_village_elder_oim_get_feast_supplies_mission_reject:close_window|Так, {спадар / спадарыня}, вядома. Прашу прабачэння, што патрывожыў нашымі праблемамі.
dlga_village_elder_tell_mission:village_elder_pretalk|Дзякуй, спадар / спадарыня}, цяпер мы ні ў чым не маем патрэбы. Бог міласэрны.
dlga_start:goods_merchant_talk|{Спадар / мая спадарыня}, дзякую, што ўшанаваў маю сціплую краму сваёй прысутнасцю.
dlga_start:goods_merchant_talk.1|Сардэчна запрашаем, {спадар / спадарыня}. Чым магу служыць?
dlga_goods_merchant_pretalk:goods_merchant_talk|Што-небудзь яшчэ?
dlga_goods_merchant_talk:goods_trade_requested|Хацелася б нешта прадаць... і, магчыма, сёе-тое купіць.
dlga_goods_trade_requested:goods_trade_completed|Вядома-вядома... вось, зірні на мае тавары...
dlga_goods_trade_completed:goods_merchant_talk|Што-небудзь яшчэ?
dlga_goods_merchant_talk:trade_info_request|Якія тавары мне варта купіць тут для гандлю з іншымі гарадамі?
dlga_goods_merchant_talk:close_window|Нічога. Дзякуй.
dlga_trade_info_request:trade_info_request_2|Гэта лепш за ўсё спытаць у бадзяжных гандляроў. Калі хочаш, я магу накіраваць цябе ў квартал, дзе спыняюцца чужаземныя гандляры. Калі ты правядзеш там нейкі час і паслухаеш размовы, ты можаш многае даведацца - што купляць, дзе прадаваць.
dlga_trade_info_request_2:close_window|Тады я пайду, пакручуся сярод гандляроў.
dlga_trade_info_request_2:goods_merchant_pretalk|У мяне няма на гэта часу.
dlga_start:galeas_talk|Калі ў цябе ёсць палонныя, {юнак / дзяўчына}, я з задавальненнем іх куплю.
dlga_galeas_talk:galeas_sell_prisoners|Даставай кашэль. У мяне ёсць палонныя на продаж.
dlga_galeas_talk:close_window|У іншы раз. Да пабачэння.
dlga_galeas_sell_prisoners:galeas_sell_prisoners_2|Паглядзім, што тут у цябе...
dlga_galeas_sell_prisoners_2:close_window|Захопіш яшчэ палонных-прыводзь да мяне. Я добра заплачу.
dlga_oim_char_generation_1:oim_ends_talk_to_monfore|Ну, добры дзень. Маё імя-Жак дэ Клермон. Бачу, чалавек ты не хвацкі. Рассядай каня і адпачні ля вогнішча. Хутка вячэру будзе гатовы... Як зваць цябе?
dlga_oim_ends_talk_to_monfore:oim_first_talk_to_monfore_1|Маё імя {playername}.^ ^ Як цябе занесла ў гэтыя месцы, пане? Куды шлях трымаеш?
dlga_oim_first_talk_to_monfore_1:oim_first_talk_to_monfore_4|Я з лангедокскіх Клермонаў. Мы вядзем радавод з часоў знакамітага графа-крыжака, Сымона дэ Клермона. Але ў мяне, у адрозненне ад бліскучага продка, няма ні шырокіх уладанняў, ні гучных тытулаў. Я служыў у гвардыі кардынала Мазарыні і быў на добрым рахунку, але аднойчы здуру выклікаў на дуэль нейкага Д'артаньяна, лейтэнанта каралеўскіх мушкецёраў. Ведаючы пра тое, як я валодаю шпагай і пісталетам, падступны гасконец вырашыў не рызыкаваць і пераканаў каралеву-маці ў тым, што я рыхтую замах на юнага Людовіка. Так што ў ноч перад паядынкам мне давялося бегчы з Парыжа. Цяпер я бадзяюся па Еўропе.
dlga_oim_first_talk_to_monfore_4:oim_first_talk_to_monfore_3|Раскажы мне, пане, як ідуць справы ў гэтых землях?
dlga_oim_first_talk_to_monfore_3:oim_first_talk_to_monfore_4|Тутэйшае паветра прасякнуты парахавым дымам і гарам пажарышчаў. Усходняя Еўропа на парозе вялікай вайны. Запарожскія казакі шмат гадоў змагаліся з польскай шляхтай за свае вольнасці, але былі амаль разбітыя, і гетман Багдан Хмяльніцкі вымушаны быў звярнуцца па дапамогу да рускага цара. Зусім нядаўна ў Пераяслава прайшла Рада казацкіх старшын, дзе гетман прынёс прысягу Аляксею Міхайлавічу. Цяпер Маскоўскае царства і Войска Запарожскага рыхтуюцца разам напасці на Рэч Паспалітую, а Каралеўства Швецыя і Крымскае ханства чакаюць, чым скончыцца наспявае вайна. Вось і ўсё, што мне вядома пра тутэйшыя справы. Калі сустрэнеш па дарозе ваенных людзей, распытай іх... Думаю, яны распавядуць табе куды больш за мяне.
dlga_oim_first_talk_to_monfore_4:oim_talk_to_monfor_intro_19|Раскажы мне пра...
dlga_oim_talk_to_monfor_intro_19:oim_talk_to_monfor_intro_20|Пра што ж?
dlga_oim_talk_to_monfor_intro_20:oim_talk_to_monfor_intro_21|Можаш расказаць мне пра войска Запарожскім?
dlga_oim_talk_to_monfor_intro_21:oim_talk_to_monfor_intro_19|Казакі змагаюцца за вольнасці і мараць стварыць уласную дзяржаву на манер Рэчы Паспалітай. Толькі шляхтай там будуць не каталікі-палякі (ляхі, як яны кажуць), а праваслаўная казацкая вярхушка. Некалькі гадоў таму Войска Запарожскага ў кровапралітных баях дамаглося частковай незалежнасці ад польскай кароны, але цяпер часы змяніліся. Сягоння ўкраінскі гетман пайшоў пад руку маскоўскага цара і ваюе на яго баку.
dlga_oim_talk_to_monfor_intro_20:oim_talk_to_monfor_intro_22|Можаш расказаць мне пра Рэчы Паспалітай?
dlga_oim_talk_to_monfor_intro_22:oim_talk_to_monfor_intro_19|"Гэта самае дзіўнае дзяржава з усіх, што я бачыў - ""феадальная Рэспубліка"". Яе складаюць тры вялікіх народа: палякі, літвіны і русічы-украінцы, амаль уся ведаць - польскага паходжання. Караля яны абіраюць на сойме, там жа прымаюцца і ўсе важныя рашэнні. Але вальналюбная польская шляхта знаходзіцца ў пастаянных разладах, якія прыводзяць да ваенных няўдач. Калі яны не адумаюцца і не выступяць адзінай сілай, то ў бліжэйшы час суседзі, дзе на тронах сядзяць адзінаўладныя кіраўнікі, змогуць іх заваяваць."
dlga_oim_talk_to_monfor_intro_20:oim_talk_to_monfor_intro_23|Можаш расказаць мне аб маскоўскім царстве?
dlga_oim_talk_to_monfor_intro_23:oim_talk_to_monfor_intro_19|Смутныя часы на Русі даўно скончыліся. Цяпер новая царская дынастыя Раманавых імкнецца вярнуць землі, адрынутыя ў свой час Польшчай, і прырасціць дзяржаву на Захадзе за кошт зямель з праваслаўным насельніцтвам. Аляксей Міхайлавіч вырашыў сабраць усе рускія землі, якія цяпер належаць Рэчы Паспалітай у адзінай дзяржаве. У цара велізарная армія, і ён з дня на дзень выступіць у паход.
dlga_oim_talk_to_monfor_intro_20:oim_talk_to_monfor_intro_24|Можаш расказаць мне пра Каралеўства Швецыя?
dlga_oim_talk_to_monfor_intro_24:oim_talk_to_monfor_intro_19|Каралеўства Швецыя пакуль трымае нейтралітэт і з Рэччу Паспалітай, і з Маскоўскім царствам, але мае віды на іх Паўночныя ўладанні. Таму без ваганняў ўчапіцца ў горла таму, хто пацерпіць паразу ў вайне. У шведаў першакласная армія, іх баіцца ўся Паўночная Еўропа.
dlga_oim_talk_to_monfor_intro_20:oim_talk_to_monfor_intro_25|Можаш расказаць мне пра Крымскім ханстве?
dlga_oim_talk_to_monfor_intro_25:oim_talk_to_monfor_intro_19|Іслам-Гірэй аказваў дапамогу Багдану Хмяльніцкаму, разлічваючы, што незалежнае Войска Запарожскага стане для Крымскага ханства надзейным шчытом ад Рэчы Паспалітай і Маскоўскага царства. Іслам-Гірэй славіцца шчодрым кіраўніком. Да гэтага часу ён выступаў на баку казакоў, але цяпер, пасля Саюза Расіі і Украіны, ходзяць чуткі, што татары вырашылі аддаць казакоў і падтрымаць Рэч Паспалітую.
dlga_oim_talk_to_monfor_intro_20:oim_first_talk_to_monfore_pretalk|Назад
dlga_oim_first_talk_to_monfore_4:oim_first_talk_to_monfore_what_find|Раскажы, як тут усё ўладкавана?
dlga_oim_first_talk_to_monfore_what_find:oim_first_talk_to_monfore_4|За тутэйшыя землі змагаюцца шведы, палякі, рускія і казакі. Ды і крымчакі не супраць адхапіць свой кавалак. Раю табе па гарадах паездзіць, там можаш купіць зброю і харчы, даведацца апошнія навіны... Кіраўнікі, валадары, гарадскія кіраўніка ды нават старасты ў паселішчах могуць даць табе ўсялякія даручэнні. Мая табе парада: не бярыся за тое, што табе не па сілах. І яшчэ, не зразумей мяне зменліва, але па карчмах таксама хадзіць карысна. Там можаш сустрэць карысных людзей сабе ў спадарожнікі, ўмелых воінаў набраць у атрад і нават сілай памерацца на грошы.
dlga_oim_first_talk_to_monfore_4:oim_first_talk_to_monfore_what_to_do|Чым параіш заняцца ў першую чаргу?
dlga_oim_first_talk_to_monfore_what_to_do:oim_first_talk_to_monfore_4|Часы цяпер неспакойныя, таму найміты, асабліва з тых, што пораху панюхалі, тут на вагу золата. Пачаць раю з дробных даручэнняў, заадно асвоішся, зразумееш, як тут справы робяцца. Вынішчай разбойнікаў, выконвай наёмную працу - абозы суправаджаць або абараняць каго... А там ужо можаш завербавацца да аднаго з кіраўнікоў, будзеш дараванне атрымліваць, а то і валоданне якое адхопіш - будзеш з яго даход мець. Калі збярэш вакол сябе атрад верных байцоў ды рэпутацыю сабе заслужыш, тады зможаш абложваць крэпасці, падтрымліваць прэтэндэнтаў на пасад і нават паўстання падымаць.
dlga_oim_first_talk_to_monfore_4:oim_talk_to_monfor_practise_fight|Можаш даць мне ўрок блізкага бою?
dlga_oim_talk_to_monfor_practise_fight:oim_talk_to_monfor_practise_fight_1|Калі ты гатовы, то прыступім.
dlga_oim_talk_to_monfor_practise_fight_1:close_window|Гатовы.
dlga_oim_talk_to_monfor_fight_result_2:oim_talk_to_monfor_fight_result_2_1|Выдатна трымаеш шпагу!
dlga_oim_talk_to_monfor_fight_result_2_1:oim_first_talk_to_monfore_4|Нядрэнна змагаешся, але рэгулярныя трэніроўкі табе ўсё ж не пашкодзяць.
dlga_oim_talk_to_monfor_fight_result_3:oim_first_talk_to_monfore_4|Нядрэнна, але шпагу трэба трымаць больш упэўнена.
dlga_oim_first_talk_to_monfore_4:oim_talk_to_monfor_intro_19_1|Кажуць, гвардзейцы-вялікія майстры ў стральбе. Не мог бы ты навучыць і мяне?
dlga_oim_talk_to_monfor_intro_19_1:oim_talk_to_monfor_intro_11_6|Хачу навучыцца стральбе з мушкета. Ты дапаможаш мне, пане?
dlga_oim_talk_to_monfor_intro_11_6:close_window|Пра што размова. Пачакай, зараз мішэні выстаўлю...
dlga_oim_first_talk_to_monfore_4:oim_first_talk_to_monfore_4_end|Ну што ж, рады быў пазнаёміцца. А цяпер я працягну шлях...
dlga_oim_first_talk_to_monfore_4_end:close_window|Раю табе зазірнуць у Замошша і высветліць, як там ідуць справы. А адтуль і да Смаленска рукой падаць.
dlga_oim_first_talk_to_monfore_pretalk:oim_first_talk_to_monfore_4|{playername}?
dlga_oim_intro_zamoshie_elder:oim_intro_zamoshie_elder_1|Чаму ж, раскажу... Мяне Міхаем зваць. Мы русіны, але жывем пад польскай шляхтай. Мовы кажуць, быццам рускі цар хоча нашы землі прыняць пад сваю руку і сабраўся ваяваць з польскім крулем. Цяпер ён ідзе з войскам на Смаленск. Чуў я яшчэ, што непадалёк стаіць казачы палкоўнік Залатарэнка са сваім войскам ды набірае вольных людзей у запарожскае войска.
dlga_oim_intro_zamoshie_elder_1:oim_intro_zamoshie_elder_4|А ці няма ў цябе для мяне якой справы? Каб і шабляй памахаць, і славу здабыць. Ды і кашэль напоўніць не перашкодзіла б...
dlga_oim_intro_zamoshie_elder_4:oim_intro_zamoshie_elder_5|А што ж, для адважнага чалавека завсегда справа знойдзецца. Верыш, ці няма, шляхецкія паны ў чаканні маскавітаў сядзяць у сваіх гарадах і крэпасцях ды нос баяцца высунуць за вароты. Па дарогах блукаюць разбойнікі, падарожнікам не даюць праходу... Мы з-за іх да базару даехаць не можам. Ды яшчэ і ваявода Смаленскі падаткі з нас дзярэ такія, што нам плаціць іх няма чым, хутка галадаць пачнем...
dlga_oim_intro_zamoshie_elder_5:oim_intro_kill_bandits_start|Знайсці і знішчыць разбойнікаў
dlga_oim_intro_zamoshie_elder_5:oim_intro_taxes_lower|Пераканаць Смаленскага ваяводу знізіць падаткі
dlga_oim_intro_zamoshie_elder_5:oim_bring_goods_in_zamoshie_intro|Прывезці тавары
dlga_oim_intro_zamoshie_elder_5:close_window|Выйсці...
dlga_oim_intro_kill_bandits_start:oim_intro_kill_bandits_dialog|У суседнім лесе заселі разбойнікі ды рабуюць нас ледзь не кожны дзень. Народу ў іх няшмат, ды што з таго? Мы-то, сяляне, ваяваць не навучаны...
dlga_oim_intro_kill_bandits_dialog:oim_intro_kill_bandits_dialog_start_quest|Пагадзіцца
dlga_oim_intro_kill_bandits_dialog_start_quest:oim_intro_kill_bandits_dialog_start_quest_1|Разбойнікі? Дзялка па мне. Раскажы, як іх знайсці.
dlga_oim_intro_kill_bandits_dialog_start_quest_1:close_window|Знойдзеш іх у лесе, адразу за паселішчам. Ты ўжо адолеўшы праклятых... Мы ў даўгу не застанемся. {s3}
dlga_oim_intro_kill_bandits_dialog:oim_intro_kill_bandits_dialog_refuge|Адмовіцца
dlga_oim_intro_kill_bandits_dialog_refuge:oim_intro_kill_bandits_dialog_refuge_1|У мяне тэрміновыя справы ў іншым месцы. Дапамагчы не змагу.
dlga_oim_intro_kill_bandits_dialog_refuge_1:oim_intro_zamoshie_elder_5|Ну што ж... Знойдзем сабе іншага абаронцы, куды дзявацца.
dlga_zamoshien_badits_dialog_prebattle_1:zamoshien_badits_dialog_prebattle_2|Гэта што яшчэ за навіна? Даўнютка сюды важных персон не забредало. Чым абавязаны, Ваша светласць?
dlga_zamoshien_badits_dialog_prebattle_2:zamoshien_badits_dialog_prebattle_3|Кажаш ты балюча складна... Дерешься так жа добра? Я шукаю разбойнікаў мясцовых. Гэта не вы?
dlga_zamoshien_badits_dialog_prebattle_3:zamoshien_badits_dialog_prebattle_4|Мы не разбойнікі, мы сумленныя Лясныя браты. Змагаемся з патрэбай, як можам: у багатых адбіраем, бедным раздаем, сабе пакідаем крыху за працы Ратныя.
dlga_zamoshien_badits_dialog_prebattle_4:zamoshien_badits_dialog_prebattle_5|Цудоўны... А мне сяляне казалі, быццам вы ў іх апошнія грошы адбіраеце. Не вельмі высакародна, па-мойму... Папрасілі яны мяне спыніць гэтыя агіднасці.
dlga_zamoshien_badits_dialog_prebattle_5:close_window|Цікавыя справы робяцца. Нейкі нікому не кіраваны мінак узяўся на нас поклеп ўзводзіць. Ну што, хлопцы, даўно мы ножыкамі не махалі. Айда праверым, якога колеру кроў у высакародных спадароў. Бі яго!
dlga_oim_zamoshie_killed_bandits:oim_zamoshie_killed_bandits_1|З разбойнікамі скончана, Ойча. Больш яны вам дакучаць не будуць. Не забыўся ты сваё абяцанне?
dlga_oim_zamoshie_killed_bandits_1:oim_zamoshie_killed_bandits_2|Не забыўся. Як можна? Вось, вазьмі харчы гэтыя, яны спатрэбяцца табе ў дарозе. І дзякуй табе за дапамогу неацэнную.
dlga_oim_zamoshie_killed_bandits_2:oim_choose_quests|Чым яшчэ магу дапамагчы?
dlga_oim_choose_quests:oim_choose_quests_answer|Ну... 
dlga_oim_choose_quests_answer:oim_intro_kill_bandits_start|Знайсці і знішчыць разбойнікаў
dlga_oim_choose_quests_answer:oim_intro_taxes_lower|Пераканаць Смаленскага ваяводу знізіць падаткі
dlga_oim_choose_quests_answer:oim_bring_goods_in_zamoshie_intro|Прывезці тавары
dlga_oim_choose_quests_answer:village_elder_pretalk|Назад
dlga_oim_help_to_find_icon:village_elder_pretalk|Дзякуй, добры чалавек. Нічога нам больш не патрабуецца.
dlga_oim_intro_taxes_lower:oim_intro_taxes_lower_1|Ёсць дзялка яшчэ адно... Смаленскі ваявода ўсталяваў падаткі высокія-мы не ў сілах іх плаціць, хоць у труну кладзіся! Хацелі да яго чалабітчыкаў адправіць, ды боязна... Ужо балюча на дарогах неспакойна. Дапамажы нам, {Паважаны / паважаная}. Пагавары з ваяводам, папрасі яго падаткі панізіць.
dlga_oim_intro_taxes_lower_1:oim_intro_taxes_lower_agree|Пагадзіцца
dlga_oim_intro_taxes_lower_agree:close_window|Пагаварыць, вядома, можна... Ды толькі я ў тутэйшых месцах нядаўна. Нікога не ведаю, і мяне ніхто не ведае. Няпроста мне будзе ваяводу пераканаць...
dlga_oim_intro_taxes_lower_1:oim_choose_quests_disagree|Адмовіцца
dlga_oim_choose_quests_disagree:oim_choose_quests_disagree_1|Я ў гэтых мясцінах праездам, Ойча... Не мая гэта справа, у пана за яго ж халопаў прасіць. Знайдзі сабе іншага челобитчика.
dlga_oim_choose_quests_disagree_1:close_window|Ну, няма так няма. Але ведай, адной шабляй не пражывеш... Трэба і размовы ўмець весці. Інакш грош табе цана.
dlga_lord_talk:oim_fedor_obuhovich_lower_taxes_2_a|Жыхары Замошша просяць вызваліць іх ад падаткаў.
dlga_oim_fedor_obuhovich_lower_taxes_2_a:oim_fedor_obuhovich_lower_taxes_2_b|Справа ў мяне да цябе, ваявода... Ты з Замошша дерешь падаткі такія, што хутка ўсё тамтэйшыя сяляне альбо з голаду памруць, альбо разбягуцца. Ты б аслабіў ярмо няшмат.
dlga_oim_fedor_obuhovich_lower_taxes_2_b:oim_convince_options|А табе-то што за справа, {пане/васпані}? Вайна зараз ідзе, ведаешь бо. Вось прыйдуць заўтра Стральцы ды верных слуг польскага караля са Смаленска і вытураць. Трэба сродкаў сабраць пабольш ды хутчэй... на ўмацаванне гарадскіх сцен.
dlga_oim_convince_options:oim_convince_bribe|Заплаціць нядоімку за сялян ({reg8} талераў)
dlga_oim_convince_options:oim_convince_persuade_begin|Паспрабаваць пераканаць ваяводу
dlga_oim_convince_options:lord_pretalk|Выйсці...
dlga_oim_convince_bribe:oim_convince_bribe_verify|Што ж... у мірны час я б адмовіўся... Ды сягоння не выбіраюць. Давай грошы і скажы сялянам, што ўсе нядоімкі за мінулы год я ім дараваў.
dlga_oim_convince_bribe_verify:oim_convince_bribe_cant_afford|Баюся, што я не магу заплаціць такую суму.
dlga_oim_convince_bribe_verify:oim_convince_bribe_goon|Добра, вось табе твае грошы.
dlga_oim_convince_bribe_verify:lord_pretalk|Можа, я ўсё ж змагу цябе пераканаць?
dlga_oim_convince_bribe_cant_afford:oim_convince_options|Ну ў такім выпадку нічым дапамагчы не магу.
dlga_oim_convince_bribe_goon:oim_convince_accept|Добра, гэтай сумы дастаткова.
dlga_oim_convince_persuade_begin:oim_convince_persuade_begin_2|Я цябе слухаю.
dlga_oim_convince_persuade_begin_2:oim_convince_persuade|Паспрабаваць угаварыць
dlga_oim_convince_persuade_begin_2:oim_convince_options|Пастой, можа, я змагу пераканаць цябе?
dlga_oim_convince_persuade_begin:lord_pretalk|Дзеля ўсіх святых, адчапіся. Галава ўжо баліць ад тваіх пустых прамоваў. 
dlga_oim_convince_persuade:oim_convince_accept|Добра, пераканаў. 
dlga_oim_convince_persuade:oim_convince_options|Кажаш даволі складна, толькі вось не пераканаў ты мяне, {playername}. 
dlga_oim_convince_persuade:oim_convince_options.1|Хопіць, сказана ўжо дастаткова, і я не змяню свайго рашэння. 
dlga_oim_convince_persuade:oim_convince_options.2|Неяк не пераканаўча гучаць твае довады. 
dlga_oim_convince_accept:close_window|Ну што ж, твае довады гучалі пераканаўча, і я дарую нядоімкі сялянам. 
dlga_oim_zamoshie_lower_taxes_done:oim_zamoshie_lower_taxes_done_1|Перагаварыў я з ваяводам, Ойча. Дараваў ён вам нядоімкі, так што радуйся.
dlga_oim_zamoshie_lower_taxes_done_1:oim_zamoshie_lower_taxes_done_2|Нізкі табе паклон, добры чалавек. Выратаваў ты нас ад галоднай смерці. Вось плата табе за дапамогу.
dlga_oim_zamoshie_lower_taxes_done_2:oim_choose_quests|Калі яшчэ чым магу дапамагчы-звяртайцеся.
dlga_oim_bring_goods_in_zamoshie_intro:oim_bring_goods_in_zamoshie_intro_answer|Ты ведаеш бо, спадар, вайна цяпер... Дык вось гандляры зусім перасталі ездзіць па паселішчах з таварамі. Таму цяпер нам даводзіцца закупляцца на гарадскім рынку. Але людзі баяцца ехаць у горад-у ваколіцах занадта ўжо неспакойна. Вось калі б ты даставіў нам які-якія тавары, мы б табе добра заплацілі.
dlga_oim_bring_goods_in_zamoshie_intro_answer:oim_bring_goods_in_zamoshie_intro_answer_ok|Пагадзіцца
dlga_oim_bring_goods_in_zamoshie_intro_answer_ok:village_elder_talk|Добра, Ойча, дастаўлю вам тавары. Заадно разбяруся, як у вашых месцах гандлёвыя справы робяцца.
dlga_oim_bring_goods_in_zamoshie_intro_answer:oim_bring_goods_in_zamoshie_intro_answer_net|Адмовіцца
dlga_oim_bring_goods_in_zamoshie_intro_answer_net:oim_bring_goods_in_zamoshie_intro_answer_net_1|Я збіраюся прысвяціць сябе вайсковай справе. Няма калі мне туды-сюды з завірухамі цягацца.
dlga_oim_bring_goods_in_zamoshie_intro_answer_net_1:oim_choose_quests|Дарэмна адмаўляешся, {пане / васпані}. Добраму воіну не сорамна быць трохі купцом. А любы гандляр у нашых месцах нядоўга працягне, калі не ўмее трымаць у руцэ меч.
dlga_oim_check_bring_goods:village_elder_talk|Добра. Вось твае грошы.
dlga_oim_check_bring_goods:close_window|Але тут жа не ўсё, пане. Дастаў усе тавары, тады і разлічымся з табой спаўна.
dlga_oim_trakai_icon_radzivil_talk:oim_trakai_icon_radzivil_talk_1|Ваша міласць, не падкажаш, дзе мне Віленскага ксяндза знайсці?
dlga_oim_trakai_icon_radzivil_talk_1:oim_trakai_icon_radzivil_talk_2|А навошта ён табе спатрэбіўся, {пане / васпані}?
dlga_oim_trakai_icon_radzivil_talk_2:oim_trakai_icon_radzivil_talk_3|Хачу спавядацца і прыняць Святую Камунію.
dlga_oim_trakai_icon_radzivil_talk_3:close_window|Ха-ха, ну пацешыў... У нашага ксяндза ты хутчэй кадзілам у лоб схлопочешь, ужо балюча апантаны ды срэбралюбны. Дзе ён цяпер, я, прызнацца, не ведаю: ці то ў горадзе застаўся, ці то з абозам у Рыгу збег. Папытаць гараджан, можа, бачылі.
dlga_town_dweller_talk:oim_trakai_icon_town_dweller_talk|Не ведаеш, дзе ксёндз мясцовы?
dlga_oim_trakai_icon_town_dweller_talk:close_window|Не, спадар, не ведаю...
dlga_oim_trakai_icon_town_dweller_talk:close_window.1|Ксёндз? Учора тут быў... Службу ў касцёле праводзіў. А дзе цяпер ён, не ведаю.
dlga_oim_trakai_icon_town_dweller_talk:close_window.2|Я не каталіцкай рэлігіі, спадар. Пра ксяндза нічога не ведаю.
dlga_oim_trakai_icon_town_dweller_talk:close_window.3|Ксёндз? Дык ён жа яшчэ ўчора з абозам у Рыгу збег. Сядзеў на возе, а да грудзей нейкую ікону прыціскаў.
dlga_oim_trakai_icon_town_dweller_talk:close_window.4|Так ты мяне толькі што пытаўся пра манаха. 
dlga_town_dweller_talk:oim_getman_tampliers_archives_dweller_dlg|Дзе тут архівы, не падкажаш?
dlga_lord_talk:oim_trakai_icon_delagardi_talk|Я пра ксяндза.
dlga_oim_trakai_icon_delagardi_talk:oim_trakai_icon_delagardi_talk_1|Не падкажаш, дзе знайсці Віленскага ксяндза, пане?
dlga_oim_trakai_icon_delagardi_talk_1:oim_trakai_icon_delagardi_talk_2|Ты пра таго ксяндза, што з абозам прыбыў?
dlga_oim_trakai_icon_delagardi_talk_2:oim_trakai_icon_delagardi_talk_3|Пра таго самага.
dlga_oim_trakai_icon_delagardi_talk_3:oim_trakai_icon_delagardi_talk_4|Учора мне на яго скардзіўся настаяцель мясцовага храма. Маўляў, не паспеў прыехаць, як задумаў бойку са служкамі, а потым пайшоў у карчму. Я-то сам пратэстант, у каталіцкія справы стараюся не ўмешвацца. Хацеў было даць яму розаг, але злітаваўся ды адпусціў.
dlga_oim_trakai_icon_delagardi_talk_4:oim_trakai_icon_delagardi_talk_5|Дык дзе ён цяпер можа быць?
dlga_oim_trakai_icon_delagardi_talk_5:close_window|Пагавары з мясцовымі, можа, падкажуць.
dlga_town_dweller_talk:oim_trakai_icon_town_dweller_riga_talk|Не ведаеш, дзе Віленскі ксёндз?
dlga_oim_trakai_icon_town_dweller_riga_talk:close_window|Я ў кірху хаджу, пра ксяндза нічога не ведаю. Каталікоў распытай лепш, спадар.
dlga_oim_trakai_icon_town_dweller_riga_talk:close_window.1|Не ведаю, пане.
dlga_oim_trakai_icon_town_dweller_riga_talk:close_window.2|Ксёндз? Учора ён быў на допыце ў генэрал-губэрнатара. А цяпер ён дзе, хто ж яго ведае.
dlga_oim_trakai_icon_town_dweller_riga_talk:close_window.3|Віленскі ксёндз? Гэта які царкоўных служкаў ўчора збіў? Так ён у карчме, нябось.
dlga_oim_trakai_icon_town_dweller_riga_talk:close_window.4|А мне пачым ведаць, дзе ксёндз?
dlga_oim_trakai_icon_town_dweller_riga_talk:close_window.5|Вось заладзіў. Пытаўся Ты мяне ўжо. 
dlga_oim_trakai_icon_town_dweller_riga_talk_1:oim_trakai_icon_town_dweller_riga_talk_2|Ці не ты ксёндз Віленскі?
dlga_oim_trakai_icon_town_dweller_riga_talk_2:oim_trakai_icon_town_dweller_riga_talk_3|Ну я, дапусцім. А што табе заўгодна, сын мой? Ці не пачастуеш для пачатку сціплага служыцеля царквы парай кубкаў Рыжскага піўка? Кажуць, яго сакрэт прывезлі сюды яшчэ ерэтыкі-тампліеры...
dlga_oim_trakai_icon_town_dweller_riga_talk_3:oim_trakai_icon_town_dweller_riga_talk_4|Пачакай ты са сваім піўком, Ойча. Перш скажы мне, дзе цудатворны абраз, якую ты з Тракая выкраў?
dlga_oim_trakai_icon_town_dweller_riga_talk_4:oim_trakai_icon_town_dweller_riga_talk_5|Якая яшчэ абраз? Ведаць не ведаю. Так, калі я з абозам з Вільні з'ехаў, то забраў з сабой усе каштоўнасці. Але толькі дзеля іх выратавання. Бо на горад рухаюцца схізматыкі-маскавіты. А ні пра якую абраз я слыхам ня чуў.
dlga_oim_trakai_icon_town_dweller_riga_talk_5:oim_trakai_icon_town_dweller_riga_talk_6|А што гэта ў цябе, сьвяты Ойча, за аклад з катомкі выглядае?
dlga_oim_trakai_icon_town_dweller_riga_talk_6:oim_trakai_icon_town_dweller_riga_talk_7|Вось жа напасці на маю галаву, матка боска! Так, ікона цяпер у мяне. Але я табе яе не аддам. А паспрабуеш сілай адабраць, наракай на сябе.
dlga_oim_trakai_icon_town_dweller_riga_talk_7:oim_trakai_icon_town_dweller_riga_talk_deneg|Прапанаваць ксяндзу грошай.
dlga_oim_trakai_icon_town_dweller_riga_talk_deneg:oim_trakai_icon_town_dweller_riga_talk_deneg_1|А што калі я ўнясу некаторую суму на патрэбы твайго касцёла. Да прыкладу...
dlga_oim_trakai_icon_town_dweller_riga_talk_deneg_1:oim_trakai_icon_town_dweller_riga_talk_deneg_negative|Ды гэтых грошаў нават на воск для свечак не хопіць! А цудатворны абраз прыцягне багатыя ахвяраванні. Гэтым ты мяне не падкупіш, сыне мой.
dlga_oim_trakai_icon_town_dweller_riga_talk_deneg_negative:oim_trakai_icon_town_dweller_riga_talk_2_loop_back|Прагны ты не ў меру, ксёндз! Гарэць табе ў пекле!
dlga_oim_trakai_icon_town_dweller_riga_talk_deneg_1:oim_trakai_icon_town_dweller_riga_talk_deneg_positive|Сапраўды, сыне мой, твая пабожнасьць не саступае тваёй шчодрасьці. Тваё ахвяраванне пасарамаціла мяне. Добра, забірай абраз ды вязі яе схізматыкам. Хай моляцца ды добрага ксяндза Спасакукоцкага не забываюць.
dlga_oim_trakai_icon_town_dweller_riga_talk_deneg_positive:close_window|Цябе, мабыць, забудзеш. Добра, давай абраз.
dlga_oim_trakai_icon_town_dweller_riga_talk_7:oim_trakai_icon_town_dweller_riga_talk_ugovor|Паспрабаваць угаварыць ксяндза.
dlga_oim_trakai_icon_town_dweller_riga_talk_ugovor:oim_trakai_icon_town_dweller_riga_talk_ugovor_pos|Падумай добранька, Ойча. Хіба імя Маё табе не знаёма? Ты яго ні разу не чуў ні на вуліцах, ні ў карчме?
dlga_oim_trakai_icon_town_dweller_riga_talk_ugovor_pos:oim_trakai_icon_town_dweller_riga_talk_ugovor_pos_1|Я не пачуў, як цябе завуць? Ах, {playername}? Езус-Марыя, дык гэта ж зусім іншая справа! Наслышан пра цябе, наслышан... Да чаго ж не хочацца з абразом расставацца. Ну ды Што рабіць, з табой спрачацца-сабе даражэй. Забіраць.
dlga_oim_trakai_icon_town_dweller_riga_talk_ugovor_pos_1:close_window|Вось так-то лепш, Ойча. Сапраўды праўду кажуць: добрае імя і добрае слова куды дзейсней, чым проста добрае слова.
dlga_oim_trakai_icon_town_dweller_riga_talk_ugovor:oim_trakai_icon_town_dweller_riga_talk_ugovor_neg|З павагі да мяне, аддай абраз. 
dlga_oim_trakai_icon_town_dweller_riga_talk_ugovor_neg:oim_trakai_icon_town_dweller_riga_talk_ugovor_neg_1|Калі ты не пачуў, маё імя {playername}.
dlga_oim_trakai_icon_town_dweller_riga_talk_ugovor_neg_1:oim_trakai_icon_town_dweller_riga_talk_ugovor_neg_2|Я ксёндз Спасакукоцкі. Мяне асабіста ведае сам тутэйшы генерал-губернатар, а вось пра цябе я чую ўпершыню. Так што ідзі з Богам, нічога я табе не аддам!
dlga_oim_trakai_icon_town_dweller_riga_talk_ugovor_neg_2:oim_trakai_icon_town_dweller_riga_talk_2_loop_back|Ну добра...
dlga_oim_trakai_icon_town_dweller_riga_talk_7:oim_trakai_icon_town_dweller_riga_talk_siloy|Забраць абраз сілай.
dlga_oim_trakai_icon_town_dweller_riga_talk_siloy:oim_trakai_icon_town_dweller_riga_talk_siloy_1|А ну-ка аддавай абраз, чернорясник! Інакш зараз схлопочешь.
dlga_oim_trakai_icon_town_dweller_riga_talk_siloy_1:close_window|Варта! Рабуюць! У святара Рымскай Царквы абраз адбіраюць! Добрыя Каталікі, на дапамогу!
dlga_oim_trakai_icon_town_dweller_riga_talk_7:close_window|Пакінуць ксяндза ў спакоі. [Правал заданні]
dlga_oim_trakai_icon_town_dweller_riga_talk_2_loop_back:oim_trakai_icon_town_dweller_riga_talk_7|Ну, што яшчэ?
dlga_oim_trakai_icon_tavern_talk:oim_trakai_icon_tavern_talk_1|Манаха не бачыў?
dlga_oim_trakai_icon_tavern_talk_1:close_window|А ты вочы разуй-ўбачыш...
dlga_oim_tracai_icon_failed:oim_tracai_icon_failed_1|Не змог я знайсці іконы, знік ксёндз...
dlga_oim_tracai_icon_failed_1:close_window|Вось гора-то... Добра, ідзі з вачэй маіх. А той, хто табе патрэбен, з'ехаў у {s4}.
dlga_oim_zolotarenko_bring_tataring_start:oim_zolotarenko_bring_tataring_start_1|Здаровы будзьце, браты-казакі. Куды шлях трымаеце?
dlga_oim_zolotarenko_bring_tataring_start_1:oim_zolotarenko_bring_tataring_start_2|І табе не хварэць, падарожнік. Я палкоўнік Васіль Залатарэнка. Вяду казакоў па загадзе гетмана ў дапамогу маскоўскаму цару.
dlga_oim_zolotarenko_bring_tataring_start_2:oim_zolotarenko_bring_tataring_start_3|Значыць, праўду кажуць, быццам казакі і маскавіты аб'ядналіся супраць польскага караля?
dlga_oim_zolotarenko_bring_tataring_start_3:oim_zolotarenko_bring_tataring_start_4|Праўда... Гэта ж як той казаў: гуртом і бацька біць легше. Таму наш славуты гетман, Багдан Хмяльніцкі, і ўдарыў па руках з маскальскім царом. Будзем агульным кошам праклятых Ляхаў біць. Па загадзе гетмана мой полк разам са стралецкімі ваяводамі павінен браць Полацк. Ды толькі акрамя Ляхаў, тры рыса ім у печань, у нас цяпер новы ворог аб'явіўся - крымскі хан.
dlga_oim_zolotarenko_bring_tataring_start_4:oim_zolotarenko_bring_tataring_start_5|А крымскі хан тут пры чым? Дзе Крым, а дзе Смаленск...
dlga_oim_zolotarenko_bring_tataring_start_5:oim_zolotarenko_bring_tataring_start_6|Ды я пагляджу, ты ў тутэйшых справах не разумееш... Хану не патрэбныя моцныя суседзі-Украіна і Масковія, вось ён і падсылае ў Літву сваіх лазутчыкаў, каб даведацца, хто верх возьме і да каго потым перакінуцца.
dlga_oim_zolotarenko_bring_tataring_start_6:oim_zolotarenko_bring_tataring_start_7|А вы што, бачылі тут татарскіх лазутчыкаў?
dlga_oim_zolotarenko_bring_tataring_start_7:oim_zolotarenko_bring_tataring_start_8|Бачылі, а як жа. Злавілі аднаго. Шмат важнага распавёў, басурманін.
dlga_oim_zolotarenko_bring_tataring_start_8:oim_zolotarenko_bring_tataring_start_9|Патрэбен нам цяпер верны чалавек. Трэба на Сеч даставіць басурманіна і граматку пра тое, што лазутчык гэты распавёў. Ці не возьмешся, дружа?
dlga_oim_zolotarenko_bring_tataring_start_9:oim_zolotarenko_bring_tataring_start_agreed|Пагадзіцца
dlga_oim_zolotarenko_bring_tataring_start_agreed:oim_zolotarenko_bring_tataring_start_agreed_1|А і можна б. Ды баюся, у адзіночку не асілю.
dlga_oim_zolotarenko_bring_tataring_start_agreed_1:oim_zolotarenko_bring_tataring_start_agreed_2|Што дакладна тое дакладна. Справа небяспечная, дарога далёкая. Але калі вырашыш ехаць, то дам Я табе грошай у дарогу ды пару добрых казакоў.
dlga_oim_zolotarenko_bring_tataring_start_agreed_2:oim_zolotarenko_bring_tataring_start_agreed_3|Што ж, палкоўнік, тады адпраўляюся на Сеч. Дзе басурманін твой?
dlga_oim_zolotarenko_bring_tataring_start_agreed_3:close_window|Зараз прывядуць. Не падвядзі, {playername}. А сечевики ўжо цябе ўзнагародзяць па-казацку. І яшчэ, не ўздумай па дарозе з басурманінам гаварыць. Падступны, як чорт. Каго хочаш заблытае ды з толку саб'е.
dlga_oim_zolotarenko_bring_tataring_start_9:oim_zolotarenko_bring_tataring_start_negative|Адмовіцца
dlga_oim_zolotarenko_bring_tataring_start_negative:oim_zolotarenko_bring_tataring_start_negative_1|Не, палкоўнік. Канваірам быць - не па мне.
dlga_oim_zolotarenko_bring_tataring_start_negative_1:close_window|Як ведаеш. Але Запомні: мы, казакі, у дружбе шчырыя, а не ў дружбе злапомныя. Не пашкадуй потым.
dlga_oim_tatarin_first_talk:oim_tatarin_first_talk_1|{Паважаны / Паважаная}, паслухай мяне, дзеля Алаха!
dlga_oim_tatarin_first_talk_1:oim_tatarin_first_talk_2|Чаго табе?
dlga_oim_tatarin_first_talk_2:oim_tatarin_first_talk_3|Развяжы мне рукі і дай вады. Я не збягу, абяцаю.
dlga_oim_tatarin_first_talk_3:oim_tatarin_first_talk_4_1|Развязаць і напаіць.
dlga_oim_tatarin_first_talk_4_1:oim_tatarin_first_talk_4_2|Добра, развяжу. Вось пляшка з вадой.
dlga_oim_tatarin_first_talk_4_2:oim_tatarin_first_talk_6|Дзякуй, {Паважаны / паважаная}. Я ўжо думаў, памру ад смагі. У падзяку хачу расказаць табе важную рэч.
dlga_oim_tatarin_first_talk_3:oim_tatarin_first_talk_7|Не развязваць.
dlga_oim_tatarin_first_talk_7:oim_tatarin_first_talk_6_1|Сядзі моўчкі. Яшчэ адзін гук, і я не пагляджу на загад Залатарэнкі - сам табе галаву знясу.
dlga_oim_tatarin_first_talk_6_1:oim_tatarin_first_talk_6|Не сярчай, {Паважаны / паважаная}. Дай мне хоць пару слоў сказаць табе сам-насам. Гэта вельмі важна.
dlga_oim_tatarin_first_talk_6:oim_tatarin_first_talk_10|Ну што там у цябе? Распавядай ды хутчэй.
dlga_oim_tatarin_first_talk_10:oim_tatarin_first_talk_11|Я заўважыў, ты не надта разбіраешся ў тутэйшых справах. Хачу запэўніць цябе ў імя Алаха, Міласцівага і Міласэрнага, што мы, крымскія падданыя святлейшага хана, нікога не здраджвалі і ні на каго не збіраемся нападаць.
dlga_oim_tatarin_first_talk_11:oim_tatarin_first_talk_12|Яшчэ скажы, што гэта казакі вас здрадзілі.
dlga_oim_tatarin_first_talk_12:oim_tatarin_first_talk_13|Сапраўды так, спадар! Казакі пабраталіся з нашым галоўным ворагам-маскоўскім царом. Пасля таго як яны расправяцца з Рэччу Паспалітай, павернуць свае пішчалі ў бок Бахчысараю і пойдуць на нас вайной.
dlga_oim_tatarin_first_talk_13:oim_tatarin_first_talk_14|З чаго ты ўзяў?
dlga_oim_tatarin_first_talk_14:oim_tatarin_first_talk_15|Прыкінуўшыся купцом, я прывёў абоз у Бранск. Там у карчме падкупіў ганца, які вёз ліст ад Хмяльніцкага да цара. У гэтым-то лісце і было сказана, што задумалі казакі з маскавітамі.
dlga_oim_tatarin_first_talk_15:oim_tatarin_first_talk_16|Ліст у цябе з сабой?
dlga_oim_tatarin_first_talk_16:oim_tatarin_first_talk_17|Я зрабіў з яго дакладны спіс. Вось прачытай.
dlga_oim_tatarin_first_talk_17:oim_tatarin_first_talk_18|"Хм. Цікавыя рэчы тут напісаны:""...а потым, твая Вялікасць цар, збярэмся разам і пойдзем на Крым. Ты забірай сабе Бахчысарай, Кафу і Азоў, а мне аддай Акерман і Сугдею. Татараў повоюем, а потым ужо ў Стамбул, да султану турэцкаму ў госці заявімся...""Складна напісана, ды толькі веры табе асаблівай няма. Будзь гэтая грамата з пячаткай самога гетмана-іншая справа. А так, можа, ты ўсё сам злажыў."
dlga_oim_tatarin_first_talk_18:oim_tatarin_first_talk_19|Павер мне, {playername} - бі!!! Бог клянецца, што гэта праўда. Адпусці мяне на волю, а лепш дастаўлю ў Перакоп. Мурза цябе шчодра ўзнагародзіць. А казакам не вер, падмануць яны цябе.
dlga_oim_tatarin_first_talk_19:oim_tatarin_first_talk_19_neg|Не верыць басурманіну.
dlga_oim_tatarin_first_talk_19_neg:close_window|Гэй, казакі! А ну-ка дайце гэтаму нехристю батогов, звяжыце мацней ды суньте ў рот шмат сала, каб ён сваім паганым мовай чорных прамоваў не разводзіў.
dlga_oim_tatarin_first_talk_19:oim_tatarin_first_talk_19_otp|Адпушчу - ка я яго на ўсе чатыры бакі ад граху далей.
dlga_oim_tatarin_first_talk_19_otp:oim_tatarin_first_talk_19_otp1|Што ж, татарын. Сказываеш ты пераканаўча, толькі з сечевиками мне сварыцца не з рукі. Калі ў цябе дзе прыхаваныя грошы, аддай іх мне, дапамагу тады табе бегчы.
dlga_oim_tatarin_first_talk_19_otp1:oim_tatarin_first_talk_19_otp2|У мяне ў шапку зашыта трохі срэбра. Забяры яе, а мяне пакінь пад дрэвам. Праз некаторы час спахапіся, пайшлі пагоню. Ды я ўжо далёка буду.
dlga_oim_tatarin_first_talk_19_otp2:close_window|Так і зробім. Давай шапку.
dlga_oim_tatarin_first_talk_19:oim_tatarin_first_talk_19_perekop|Адвязу татарына ў Перакоп, грошы мне цяпер ой як патрэбныя.
dlga_oim_tatarin_first_talk_19_perekop:oim_tatarin_first_talk_19_perekop_1|Добра, татарын. Пераканаць. Едзем у Перакоп. Але Запомні, мурза павінен будзе добранька страсянуць сваёй мошной...
dlga_oim_tatarin_first_talk_19_perekop_1:close_window|Не толькі мурза - сам святлейшы хан аддзячыць цябе за такую справу. Дай мне шаблю і каня ды вазьмі ў атрад.
dlga_oim_tatarin_loopback:close_window|Чаго ўстаў? Дарога далёкая, так што давай у шлях. 
dlga_oim_kozaks_tell_failur:close_window|Вось як ты выконваеш даручэнне палкоўніка! Мы неадкладна едзем на Сеч і раскажам пра тваю здраду. Берагчы.
dlga_oim_bring_tataring_to_sich_sich_dlg:oim_bring_tataring_to_sich_sich_dlg_1|Падкажы, каму перадаць палоннага татарына?
dlga_oim_bring_tataring_to_sich_sich_dlg_1:close_window|Дык гэта табе да Кашавога атамана, Паўло гоману. Ён у нас ваеннымі справамі загадвае.
dlga_oim_gomon_bring_tataring_start:oim_gomon_bring_tataring_start_1|Я даставіў татарскага лазутчыка, якога Залатарэнку пад Смаленскам злавіў.
dlga_oim_gomon_bring_tataring_start_1:oim_gomon_bring_tataring_start_2|Прыбыў ты своечасова. Басурманін гэты мае вялікае значэнне.
dlga_oim_gomon_bring_tataring_start_2:oim_gomon_bring_tataring_start_3|Ён у абозе. Хай казакі твае яго забіраюць. Скажы, чым ён так важны?
dlga_oim_gomon_bring_tataring_start_3:close_window|Залатарэнкі нам яго ў якасці сігналу накіраваў. Басурманін гэты-прамы доказ таго, што крымскі хан рыхтуецца стукнуць нам у спіну. Але не бываць таму, сягоння ж выходзім! Так, атрымай вось золата за верную службу. Век табе казакі ўдзячныя будуць.
dlga_oim_tatarin_end_qst_perekop:oim_tatarin_end_qst_perekop_1|Эй, мурза, прытрым сабак. Пазнаеш мяне? Не называй майго імя, гэта загад. Нагрэў-ка неадкладна лазню, прывядзі самых прыгожых полонянок ды падрыхтуй прыстойную вопратку - халат, шаравары, пояс з грэцкага шоўку, боты з лепшай скуры. А гэтага доблеснага воіна шчодра ўзнагародзі.
dlga_oim_tatarin_end_qst_perekop_1:oim_tatarin_end_qst_perekop_2|Улічы, мне патрэбна добрая плата.
dlga_oim_tatarin_end_qst_perekop_2:oim_tatarin_end_qst_perekop_3|Атрымаць. Мы ўмеем шанаваць верную службу.
dlga_oim_tatarin_end_qst_perekop_3:oim_tatarin_end_qst_perekop_4|Значыць, не падмануў. Чаму ты хаваеш сваё імя, чорт пабяры?
dlga_oim_tatarin_end_qst_perekop_4:close_window|Сьцішана. Не памінай шайтана без патрэбы. Не надышоў яшчэ час называць маё імя. Калі хочаш яго даведацца, ідзі на службу да нашага хану. Хутка пачнецца вайна, нам спатрэбяцца людзі накшталт цябе. А цяпер бывай.
dlga_oim_start_quest_sem_samuraev:oim_start_quest_sem_samuraev_1|Справа ў мяне ёсць для Цябе, {Пане/васпані}. Пару дзён таму ў горадзе былі сяляне з вёскі Сіваш. Яны хочуць наняць невялікі атрад для абароны ад разбойнікаў.
dlga_oim_start_quest_sem_samuraev_1:oim_start_quest_sem_samuraev_2|Дык, можа, сам іх і абароніш?
dlga_oim_start_quest_sem_samuraev_2:oim_start_quest_sem_samuraev_3|Я-знатны бек. Нядобра мне за сялянскія харчы ваяваць. А вось для цябе ў самы раз задачка. Праўда, плацяць яны не грашыма, а харчамі.
dlga_oim_start_quest_sem_samuraev_3:oim_start_quest_sem_samuraev_4|Добра, я дапамагу сялянам.
dlga_oim_start_quest_sem_samuraev_4:close_window|Тады не марудзілі. Шукай сабе шасцярых байцоў ды адпраўляйся ў Сіваш. Тэрмін табе-тыдзень.
dlga_oim_start_quest_sem_samuraev_3:oim_start_quest_sem_samuraev_5|Не. Я змагаюся толькі пад каралеўскімі сцягамі.
dlga_oim_start_quest_sem_samuraev_5:close_window|Як ведаеш. Праца на дарозе не валяецца.
dlga_oim_sem_samuraev_defend_village:close_window|Слава Алаху! Разбойнікі павінны з'явіцца тут на днях. Дапамажы нам ад іх адбіцца... А мы ўжо аддзячым, чым зможам.
dlga_oim_sem_samuraev_defend_village:close_window.1|Ты спазніўся, воін. Разбойнікі ўжо пабывалі ў нас... Усе харчы адабралі.
dlga_oim_sem_samuraev_defend_village:close_window.2|Народу ў цябе ў атрадзе замала. Каб з тымі разбойнікамі справіцца, не менш {reg0} воінаў трэба. Набяры атрад і вяртайся.
dlga_oim_pre_fight_dlg_sem_samuraev:oim_pre_fight_dlg_sem_samuraev_1|Здаровенькі булы! Мы кватэр'еры войскі Запарожскага. Па загадзе гетмана нарыхтоўваем запас для воінаў ды фураж для коней. Ты ж не збіраешся нам перашкодзіць, {Паважаны / паважаная}?
dlga_oim_pre_fight_dlg_sem_samuraev_1:oim_pre_fight_dlg_sem_samuraev_2|Як ведаць. Ты нічога не пераблытаў, казак? Вёска-то татарская...
dlga_oim_pre_fight_dlg_sem_samuraev_2:oim_pre_fight_dlg_sem_samuraev_3|А це не тваё сабачае дило. Не ўбярэшся па-добраму, мы табе падмогнем.
dlga_oim_pre_fight_dlg_sem_samuraev_3:close_window|Ну што ж, паспрабуйце!
dlga_oim_pre_fight_dlg_sem_samuraev_3:close_window.1|Добра, казак. Ня гарачыся. Раз ужо ты па загадзе самога гетмана, перашкаджаць не буду.
dlga_oim_start_lendliz_dlg:oim_start_lendliz_dlg_1|Чуў ці што? Данскія казакі рыхтуюць набег на крымскіх татараў. Яны просяць цара-бацюшку дапамагчы ім харчамі. Цар наш-чалавек добры, загадаў Маскоўскаму галаве адгрузіць жалеза і інструментаў для донцов. Возьмешся за дастаўку?
dlga_oim_start_lendliz_dlg_1:oim_start_lendliz_dlg_2|Чаму ты сам не даставіш?
dlga_oim_start_lendliz_dlg_2:oim_start_lendliz_dlg_3|Калі на Дон пойдзе царскі абоз, татары ўміг даведаюцца, у чым справа. У іх усюды лазутчыкі. А на цябе ніхто не зверне ўвагі.
dlga_oim_start_lendliz_dlg_3:oim_start_lendliz_dlg_positive|Я згодны. Куды ехаць?
dlga_oim_start_lendliz_dlg_positive:close_window|Адпраўляйся ў Маскву да гарадскога галаве. Перадай яму вось гэтую вось граматку, ён выдасць табе ўсё, што трэба. Даставіш запас атаману Навуму Васільеву. Але паспяшайся, часу ў цябе няшмат.
dlga_oim_start_lendliz_dlg_3:oim_start_lendliz_dlg_neg|Вымушаны адмовіцца. У мяне шмат іншых спраў.
dlga_oim_start_lendliz_dlg_neg:close_window|Што ж, прымушаць я цябе не магу.
dlga_oim_lendliz_giving_goods:oim_lendliz_giving_goods_1|Так, паглядзім. Подпіс, друк - усё на месцы. Атрымай і распішыся вось тут. І памятай: калі татары даведаюцца пра гэта абозе, яны цябе на рамяні парэжуць.
dlga_oim_lendliz_giving_goods_1:close_window|Ну, гэта мы яшчэ паглядзім, хто каго. Адчыняй свіран!
dlga_oim_lendliz_talk_to_naum:oim_lendliz_talk_to_naum_2|Ну нарэшце-то!
dlga_oim_lendliz_talk_to_naum_2:oim_lendliz_talk_to_naum_3|Вось, глядзі.
dlga_oim_lendliz_talk_to_naum_3:oim_lendliz_talk_to_naum_4|Але гэта ж простыя харчы. Мы зброю прасілі!
dlga_oim_lendliz_talk_to_naum_4:oim_lendliz_talk_to_naum_5|Што мне даручылі, то я і прывёз. Забірай, і разыдземся па-добраму.
dlga_oim_lendliz_talk_to_naum_5:oim_lendliz_talk_to_naum_5_new|Не, так справа не пойдзе! Рабі што хошь, а пішчалі Ды шаблі нам дастаў. Тэрміну табе-тыдзень!
dlga_oim_lendliz_talk_to_naum_5_new:oim_lendliz_talk_to_naum_5_new_1|І што ж мне рабіць?
dlga_oim_lendliz_talk_to_naum_5_new_1:oim_lendliz_talk_to_naum_5_new_2|Давай паступім вось як. Верныя людзі данеслі мне, што ў Бахчысарай высунуўся абоз са зброяй. Трэба яго перахапіць. 
dlga_oim_lendliz_talk_to_naum_5_new_2:oim_lendliz_talk_to_naum_5_new_3|А калі я не спраўлюся?
dlga_oim_lendliz_talk_to_naum_5_new_3:oim_lendliz_talk_to_naum_5_new_4|Справішся, а для надзейнасці Я табе з сабой выдам двух станишников.
dlga_oim_lendliz_talk_to_naum_5_new_4:oim_lendliz_talk_to_naum_5_new_5|Ну, была не была. Паспрабую перахапіць абоз.
dlga_oim_lendliz_talk_to_naum_5_new_5:lord_pretalk|Вось і Люба. Забірай хлопцаў, і ў дарогу.
dlga_oim_don_cossaks_responce:close_window|Эх, так тваю! Ды што ж ты стварыў, халоп беспортошный. Упусціў варожыну, як ёсць выпусціў. Ну ўжо мы з суседам неадкладна адправімся да атаману, усё яму даложым...
dlga_oim_don_cossaks_responce:close_window.1|Эх, і хвалебна нашы шаблі па вражьим кунтушам пагулялі! І здабычу ўзялі немалую. Што ж, мы з суседам забіраем абоз і вяртаемся да атамана. Поспехаў вам!
dlga_oim_lendliz_talk_to_naum2:oim_lendliz_talk_to_naum_2_1|Дзякуй табе ад усяго войска Данскога за верную службу, {playername}. Ох і потреплем мы татарву, мала не падасца. Трымай ўзнагароду, заслужыў.
dlga_oim_lendliz_talk_to_naum_2_1:oim_lendliz_talk_to_naum_2_2|Дзякуй і табе, атаман. Паеду я.
dlga_oim_lendliz_talk_to_naum_2_2:oim_lendliz_talk_to_naum_2_3|Тут яшчэ такая справа. Мне далажылі, што ад нас палонны татарын бег. Ён бачыў цябе ў лагеры і данясе сваім, што ты нас зброяй забяспечыў. Беражыся татарскай помсты.
dlga_oim_lendliz_talk_to_naum_2_3:close_window|Дзякуй, што папярэдзіў. Ну, як той казаў, бог не выдасць, свіння не з'есць. Да сустрэчы!
dlga_oim_start_quest_monfor_shved:oim_start_quest_monfor_shved_1|Кажуць, у тутэйшых месцах аб'явіўся Шэвалье дэ Клермон. Ці не сустракаўся ён табе?
dlga_oim_start_quest_monfor_shved_1:oim_start_quest_monfor_shved_2|З Клермонам я знаёмы. А што?
dlga_oim_start_quest_monfor_shved_2:oim_start_quest_monfor_shved_3|Неабходна тэрмінова знайсці яго і даставіць да нашага каралю.
dlga_oim_start_quest_monfor_shved_3:oim_start_quest_monfor_shved_4|А навошта ён спатрэбіўся Карлу Густаву?
dlga_oim_start_quest_monfor_shved_4:oim_start_quest_monfor_shved_5|Жак дэ Клермон цяпер у няласкі пры французскім двары, але да яго спрыяе першы міністр Францыі, кардынал Мазарыні. Наш кароль жадае заручыцца падтрымкай кардынала. Для вядзення перамоваў яму патрэбен надзейны чалавек.
dlga_oim_start_quest_monfor_shved_5:oim_start_quest_monfor_shved_6|А чаму такая тэрміновасць? І сам ты з гэтай задачай хіба не справішся?
dlga_oim_start_quest_monfor_shved_6:oim_start_quest_monfor_shved_7|Багдан Хмяльніцкі таксама жадае дамовіцца з Мазарыні. Калі ён даведаецца, што мы ўзялі Клермона на афіцыйную службу, то перастане падтрымліваць нас у вайне з Рэччу Паспалітай. Таму нам патрэбен малавядомы пасярэднік.
dlga_oim_start_quest_monfor_shved_7:oim_start_quest_monfor_shved_8|Пагадзіцца
dlga_oim_start_quest_monfor_shved_8:oim_start_quest_monfor_shved_9|Спадзяюся, узнагародай будуць не Каралеўскія кампліменты?
dlga_oim_start_quest_monfor_shved_9:oim_start_quest_monfor_shved_11|Шведская карона шчодра плаціць сваім верным слугам. Вось, вазьмі для пачатку задатак.
dlga_oim_start_quest_monfor_shved_11:oim_start_quest_monfor_shved_12|Дзе мне яго шукаць?
dlga_oim_start_quest_monfor_shved_12:close_window|Вандруй па гарадах, заглядывай у Кабакі. Пацікаўся ў падарожных падарожнікаў, можа, падкажуць.
dlga_oim_start_quest_monfor_shved_7:oim_start_quest_monfor_shved_13|Адмовіцца
dlga_oim_start_quest_monfor_shved_13:oim_start_quest_monfor_shved_14|Мне б лепш шабляй памахаць. А палацавыя інтрыжкі - гэта не пра мяне...
dlga_oim_start_quest_monfor_shved_14:close_window|Як ведаеш. Але ўлічы-Каралеўскае ўпадабаньне заслужыць цяжка, страціць - лёгка.
dlga_oim_monfor_talk_shved_start:oim_monfor_talk_shved_start_1|У мяне для цябе запрашэнне ад шведскага караля. Далучайся да майго атраду, і адправімся разам да Карла Густаву.
dlga_oim_monfor_talk_shved_start_1:close_window|Рады бачыць цябе ў добрым здароўі. Нядаўна тут пабываў пасланнік ад Багдана Хмяльніцкага. У яго ў атрадзе пяць падрыхтаваных байцоў, адразу відаць-чалавек сур'ёзны. Вось будзе ў цябе пад рукой хоць бы дзясятак малайцоў, тады і пагаворым. Ды паспяшайся, не тое адпраўлюся да казакоў.
dlga_oim_monfor_talk_shved_soldiers:oim_monfor_talk_shved_soldiers_1|Пра маю прапанову.
dlga_oim_monfor_talk_shved_soldiers_1:oim_monfor_talk_shved_soldiers_2|Ужо набраў атрад?
dlga_oim_monfor_talk_shved_soldiers_2:oim_monfor_talk_shved_soldiers_2_pos|Так, са мной тут вопытныя байцы.
dlga_oim_monfor_talk_shved_soldiers_2_pos:close_window|Ну вось, зусім іншая справа. У такой кампаніі падарожнічаць не сорамна. Паехалі да караля. А ўжо з казакамі ты сам разбірайся...
dlga_oim_monfor_talk_shved_soldiers_2:oim_monfor_talk_shved_soldiers_3|На жаль, пакуль не ўвесь.
dlga_oim_monfor_talk_shved_soldiers_3:close_window|Ну дык пасьпяшайся, казакі да мяне ледзь не кожны дзень заходзяць...
dlga_oim_monfor_talk_shved_king:oim_monfor_talk_shved_king_1|Чаго трэба, {пане / васпані}?
dlga_oim_monfor_talk_shved_king_1:oim_monfor_talk_shved_king_1_pos|Са мной шевалье дэ Клермон, васпан. Кажуць, ты хацеў яго бачыць.
dlga_oim_monfor_talk_shved_king_1_pos:close_window|Так, так. Кліч яго хутчэй сюды. Цябе ўзнагародзяць за службу.
dlga_oim_monfor_talk_shved_king_1:oim_monfor_talk_shved_king_1_neg|Я прыбыў, каб засведчыць табе сваю пашану.
dlga_oim_monfor_talk_shved_king_1_neg:close_window|Добра. А цяпер ідзі, у мяне шмат спраў.
dlga_oim_start_quest_mest_i_zakon_dlg:oim_start_quest_mest_i_zakon_dlg_1|Ёсць у мяне для цябе адно прасценькае даручэнне, {пан/пані}. Трэба паехаць у казацкае сяло Маслаў Брод і спустошыць яго. Каб і ўнукі цяперашніх халопаў трэсліся ад страху, успамінаючы гэты дзень.
dlga_oim_start_quest_mest_i_zakon_dlg_1:oim_start_quest_mest_i_zakon_dlg_2|Чым жа гэта сяло правінілася перад Польскай Каронай?
dlga_oim_start_quest_mest_i_zakon_dlg_2:oim_start_quest_mest_i_zakon_dlg_3|Ды няма там адзінага двара, з якога мужык бы не пайшоў да клятым Запарожскім паўстанцам. Але гэта яшчэ паўсправы. Трэба падаць украінскім халопам ўрок дзяржаўнасці. Каб астатнія баяліся падтрымліваць Хмяльніцкага.
dlga_oim_start_quest_mest_i_zakon_dlg_3:oim_start_quest_mest_i_zakon_dlg_4|А што, доблесныя жолнеры яго каралеўскай вялікасці самі не справяцца?
dlga_oim_start_quest_mest_i_zakon_dlg_4:oim_start_quest_mest_i_zakon_dlg_5|Паслаць туды кароннае войска-справа няхітрая. Нам патрэбны нікому не вядомы воін. Хай смутныя ведаюць, што Рэч Паспалітую падтрымліваюць усе конныя і збройныя.
dlga_oim_start_quest_mest_i_zakon_dlg_5:oim_start_quest_mest_i_zakon_dlg_pos|Пагадзіцца
dlga_oim_start_quest_mest_i_zakon_dlg_pos:oim_start_quest_mest_i_zakon_dlg_pos1|Ну што ж, калі гэта трэба Ўладару-я згодны.
dlga_oim_start_quest_mest_i_zakon_dlg_pos1:close_window|Ну, вось і выдатна. Паспяшайся ў Маслаў Брод і задай смердам добрую чос. Усё нарабаванае пакінь сабе. Вось табе невялікі задатак для пачатку.
dlga_oim_start_quest_mest_i_zakon_dlg_5:oim_start_quest_mest_i_zakon_dlg_neg|Адмовіцца
dlga_oim_start_quest_mest_i_zakon_dlg_neg:oim_start_quest_mest_i_zakon_dlg_neg1|Не падабаецца мне гэтая задума. Пашукай каго-небудзь іншага.
dlga_oim_start_quest_mest_i_zakon_dlg_neg1:close_window|Вырашаць, вядома, табе. Але ведай, шляхта Рэчы Паспалітай-народ злапомны.
dlga_oim_elder_talk_maslovbrod:oim_elder_talk_maslovbrod_1|Што гэта ты сабраўся рабіць, {Паважаны / паважаная}?
dlga_oim_elder_talk_maslovbrod_1:oim_elder_talk_maslovbrod_2|Ды нічога... Так, трохі спустошыць, разрабаваць...
dlga_oim_elder_talk_maslovbrod_2:oim_elder_talk_maslovbrod_3|Няйначай як клятыя ляхі цябе падаслалі. Хрыстом-Богам просім, пакінь нас у спакоі. Маслаў Брод-сяло няпростае. Вялікі гетман Багдан Хмяльніцкі перад кожным вялікім паходам збірае тут, на беразе Росавы, усю казацкую старшыну.
dlga_oim_elder_talk_maslovbrod_3:oim_elder_talk_maslovbrod_4|Ну і што з таго?
dlga_oim_elder_talk_maslovbrod_4:oim_elder_talk_maslovbrod_5|А тое, што наш Хмель такога разбою не пацерпіць. Калі не хочаш гетмана сабе ў лютыя ворагі, то ідзі сваёй дарогай.
dlga_oim_elder_talk_maslovbrod_5:oim_elder_talk_maslovbrod_6|Вось яно значыць як... Пра гэта мне ніхто не казаў. Ну а калі я не стану вас руйнаваць?
dlga_oim_elder_talk_maslovbrod_6:oim_elder_talk_maslovbrod_7|Калі пойдзеш з мірам, мы раскажам пра тое гетману. А Хмель, ты ўжо павер, умее быць удзячным.
dlga_oim_elder_talk_maslovbrod_7:oim_elder_talk_maslovbrod_loot|Працягнуць спусташэнне
dlga_oim_elder_talk_maslovbrod_loot:close_window|Выбачайце, вядома, але я ўжо ўзяў задатак.
dlga_oim_elder_talk_maslovbrod_7:oim_elder_talk_maslovbrod_neg|Адмовіцца ад спусташэння
dlga_oim_elder_talk_maslovbrod_neg:oim_elder_talk_maslovbrod_neg1|Ты мяне пераканаў. Не буду вас чапаць.
dlga_oim_elder_talk_maslovbrod_neg1:close_window|Век табе будзем удзячныя, пан! Сёння ж пашлю парубка да самога Хмелю, каб распавёў аб тваім высакародным учынку.
dlga_qst_mest_i_zakon3_talk:close_window|Дык ты і ёсць той ляшскі лізаблюд, што за прыгаршчу срэбра згадзіўся спаліць і разрабаваць Маслаў Брод? Ты пашкадуеш пра гэта.
dlga_qst_mest_i_zakon2_talk:lord_pretalk|Чуў я, што ты адмовіўся руйнаваць Маслаў Брод. Гэта сяло для мяне вельмі дорага, так што прымі Гетманскім падзяку і тугі кашэль.
dlga_qst_mest_i_zakon_talk_end:qst_mest_i_zakon_talk_end_1|Выдатная праца, {playername}! Цяпер гэтыя смерды ведаюць, што гаворка Посполита не даруе крыўд!
dlga_qst_mest_i_zakon_talk_end_1:lord_pretalk|Гэта, вядома, добра. Толькі хто цяпер абароніць мяне ад гетмана?
dlga_qst_mest_i_zakon_talk_end_2:lord_pretalk|Даручэнне не выканана, кароль цяпер на мяне гневаецца. Няма Табе прабачэння!
dlga_oim_qst_kidalovo_z_konyem_dlg:oim_qst_kidalovo_z_konyem_dlg_1|Не пагодзішся ты мне дапамагчы, {пане / васпані}? Справа вось якая. Мы тут вырашылі падарыць нашаму кіраўніку пародзістага жарабца. Ды мне няма калі гэтым займацца-я адпраўляюся на вайну. Ці не даставіш ты яго?
dlga_oim_qst_kidalovo_z_konyem_dlg_1:oim_qst_kidalovo_z_konyem_dlg_pos|Пагадзіцца
dlga_oim_qst_kidalovo_z_konyem_dlg_pos:oim_qst_kidalovo_z_konyem_dlg_pos2|Ну што ж, я не супраць узяцца за гэтую справу.
dlga_oim_qst_kidalovo_z_konyem_dlg_pos2:close_window|Вось конь і грошы на яго ўтрыманне. Але калі страціш каня ці не паспееш у тэрмін - наракай на сябе.
dlga_oim_qst_kidalovo_z_konyem_dlg_1:oim_qst_kidalovo_z_konyem_dlg_neg|Адмовіцца
dlga_oim_qst_kidalovo_z_konyem_dlg_neg:oim_qst_kidalovo_z_konyem_dlg_neg_1|Прыемна чуць, што ты гатовы даверыць мне такое важнае даручэнне... Але цяпер мне няма калі з канём няньчыцца.
dlga_oim_qst_kidalovo_z_konyem_dlg_neg_1:close_window|Як ведаеш. Пашукаю сабе іншага памочніка.
dlga_oim_horse_ambush_dlg:oim_horse_ambush_dlg_1|Ну, добры дзень, падарожнік! Куды спяшаешся? Што вязеш?
dlga_oim_horse_ambush_dlg_1:oim_horse_ambush_dlg_2|А ты хто такі, каб пытацца?
dlga_oim_horse_ambush_dlg_2:oim_horse_ambush_dlg_3|Хто я такі? Змагар за свабоду і незалежнасць, да тваіх паслуг. А па сумяшчальніцтве яшчэ і наглядчык гэтай дарогі.
dlga_oim_horse_ambush_dlg_3:oim_horse_ambush_dlg_4|І што з таго?
dlga_oim_horse_ambush_dlg_4:oim_horse_ambush_dlg_5|А ты не дзерзі, падарожнік. Лепш пакажы нам, што ў цябе ў абозе.
dlga_oim_horse_ambush_dlg_5:oim_horse_ambush_dlg_6|У абозе ў мяне зброя. І карыстацца я ім ўмею, павер...
dlga_oim_horse_ambush_dlg_6:close_window|Вось зараз і праверым.
dlga_oim_horse_ambush_dlg2:close_window|Вачам не веру. Сапраўды, конь у цябе царскі, {пане / васпані}! Каб такім скарбам валодаць, трэба ўмець шаблю ў руках трымаць. Мы яго забіраем.
dlga_oim_horse_delivered_dlg:oim_horse_delivered_dlg_1|{Васпан / Гаспадарыня}, я прывёз табе сціплы дар ад мясцовай шляхты.
dlga_oim_horse_delivered_dlg_1:close_window|Ну і жарабец, любата! Значыць, любяць мяне падданыя, раз такія дары падносяць. Дзякуй табе за клопаты. Падарожнічаць з такім канём па тутэйшых дарогах-вялікая рызыка. Вось табе за працы.
dlga_oim_start_quest_invest_dlg:oim_start_quest_invest_dlg_1|Ёсць у мяне даручэнне для Цябе, {Пане/васпані}. Напэўна, казна Запарожскага войска пустая... Але ёсць у нас таемны схрон на чорны дзень у Дунаевцах. Дык вось, трэба ўзяць грошы ў тамтэйшага старасты і даставіць іх гетману Хмяльніцкаму.
dlga_oim_start_quest_invest_dlg_1:oim_start_quest_invest_dlg_2|Справа накшталт няхітрая. А сам чаму не возьмешся?
dlga_oim_start_quest_invest_dlg_2:oim_start_quest_invest_dlg_answ|Ніхто не павінен пра гэта ведаць. Таму казацкая старшына вырашыла даручыць заданне непрыкметнаму чалавеку. Даведаўшыся пра тое татары або, не прывядзі Гасподзь, ляхі, накінуцца усімі сіламі і грошы адбяруць.
dlga_oim_start_quest_invest_dlg_answ:oim_start_quest_invest_dlg_pos1|Пагадзіцца
dlga_oim_start_quest_invest_dlg_pos1:oim_start_quest_invest_dlg_pos2|Адпраўляйся ў дарогу, не марудзь. Гетман цябе аддзячыць, як належыць.
dlga_oim_start_quest_invest_dlg_pos2:oim_start_quest_invest_dlg_pos3|А як стараста мяне прызнае?
dlga_oim_start_quest_invest_dlg_pos3:close_window|Пароль-баявы кліч паволжскіх казакоў-паўстанцаў. А цяпер бывай.
dlga_oim_start_quest_invest_dlg_answ:oim_start_quest_invest_dlg_neg|Адмовіцца
dlga_oim_start_quest_invest_dlg_neg:oim_start_quest_invest_dlg_neg1|Баюся, такое даручэнне не па мне.
dlga_oim_start_quest_invest_dlg_neg1:close_window|Ну што ж, воля Твая.
dlga_lord_talk:oim_invest_get_pass_lord|Падкажы, які баявы кліч быў у паволжскіх казакоў-паўстанцаў?
dlga_oim_invest_get_pass_lord:close_window|Агнём і мячом! Гэта ж усім вядома. 
dlga_oim_invest_get_pass_lord:close_window.1|Па-мойму, 'сарынь на кичку!'
dlga_oim_invest_get_pass_lord:close_window.2|Казакі вечна выкрыкваюць адно толькі слова: 'будьмо!'
dlga_oim_invest_get_pass_lord:close_window.3|Казакі вечна выкрыкваюць адно толькі слова: 'будьмо!'
dlga_oim_invest_get_pass_lord:close_window.4|Агнём і мячом!
dlga_oim_invest_get_pass_lord:lord_pretalk|Знайшоў што спытаць...
dlga_oim_get_money_invest_dlg:oim_get_money_invest_dlg_1|Ойча, я з даручэннем ад казацкай старшыны. Загадана мне грошы забраць ды адвесці іх Багдану Хмяльніцкаму.
dlga_oim_get_money_invest_dlg_1:oim_get_money_invest_dlg_2|Пра што ты, {Паважаны / паважаная}? Ведаць нічога не ведаю, ведаць не ведаю.
dlga_oim_get_money_invest_dlg_2:oim_get_money_invest_dlg_answ|Загадана мне таксама пароль табе сказаць...
dlga_oim_get_money_invest_dlg_answ:oim_get_money_invest_dlg_answ_rgth|Сарынь на кичку!
dlga_oim_get_money_invest_dlg_answ:oim_get_money_invest_dlg_answ_neg|Слова і справа!
dlga_oim_get_money_invest_dlg_answ:oim_get_money_invest_dlg_answ_neg.1|Будзьма!
dlga_oim_get_money_invest_dlg_answ:oim_get_money_invest_dlg_answ_neg.2|Запрагайце, хлопцы, коней!
dlga_oim_get_money_invest_dlg_answ:oim_get_money_invest_dlg_answ_neg.3|Агнём і мячом!
dlga_oim_get_money_invest_dlg_answ_neg:close_window|Ты што гэта, з галавой не сябруеш, {Паважаны/паважаная}? Не гарадзі лухта, мова пашкадуй. Ідзі ты сваёй дарогай... Не ведаем мы ніякіх старшын ды пароляў. А будзеш ўпарціцца - сыноў клікну. Жыва табе рэбры палічаць.
dlga_oim_get_money_invest_dlg_answ_rgth:oim_get_money_invest_dlg_answ_rgth_1|Ну, дзякуй богу, свой чалавек. А я ўжо было спалохаўся, што варогі аб таемным схроне даведаліся. Забірай усё, ды Скачы хутчэй. Чакаюць казакі.
dlga_oim_get_money_invest_dlg_answ_rgth_1:close_window|Нічога сабе даручэнне! Ды за гэтыя грошы ўсю вашу вёску можна купіць...
dlga_qst_oim_invest_finish:qst_oim_invest_finish_1|Прывёз я табе сёе-тое, гетман.
dlga_qst_oim_invest_finish_1:qst_oim_invest_finish_2|Даўно цябе чакаю, дружа.
dlga_qst_oim_invest_finish_2:qst_oim_invest_finish_3|Вось усё, што стараста мне выдаў...
dlga_qst_oim_invest_finish_3:close_window|Сардэчна! Закупім пораху, зброі, харчоў... Пакажам ляхам, дзе чорт начаваў! Заслужыў ты падзяку ўсяго Войска Запарожскага ды тугі кашэль ва ўзнагароду.
dlga_qst_oim_invest_finish_3:qst_oim_invest_finish_3_fail|Тут не ўсё! Куды астатняе падзеў?
dlga_qst_oim_invest_finish_3_fail:qst_oim_invest_finish_3_fail_1|Не сярчай, гетман. Дарога доўгая-выдаткі ўсякія былі...
dlga_qst_oim_invest_finish_3_fail_1:close_window|Казакі, Кіньце-ка ў клець падлюга! Будзе ведаць надалей, як на казацкія грошы куціць.
dlga_qst_oim_invest_finish_3_fail_1:close_window.1|Каб гэта было ў апошні раз! Я дазволю табе сысці, паколькі ты выдаткаваў не шмат нашых грошай. Але мы будзем сачыць за табой. Прынясі мне 15000 талераў, не тое развітвайся з жыццём.
dlga_oim_rekomendaciya_k_trubeckomu:oim_rekomendaciya_k_trubeckomu_1|Ну добры дзень, {playername}. Шчыра кажучы, не разлічваў сустрэць цябе жывым і здаровым. 
dlga_oim_rekomendaciya_k_trubeckomu_1:oim_rekomendaciya_k_trubeckomu_2|І я рады цябе бачыць. Дзякуй за дапамогу ў самым пачатку. Цяпер я набраўся вопыту і падумваю пра тое, што рабіць далей. 
dlga_oim_rekomendaciya_k_trubeckomu_2:oim_rekomendaciya_k_trubeckomu_3|Адзіночкам даводзіцца туга. Без моцных заступнікаў цяжка здабыць багацце, славу і ўладу. - Вы не думалі, што вы будзеце змагацца з адным з бакоў?
dlga_oim_rekomendaciya_k_trubeckomu_3:oim_rekomendaciya_k_trubeckomu_4|Так, думаў ужо пра гэта. Але як мне заслужыць добразычлівасць моцных гэтага свету?
dlga_oim_rekomendaciya_k_trubeckomu_4:oim_rekomendaciya_k_trubeckomu_5|Выберы свой бок і змагайся за яе ў бітвах. Тады хутка высветліцца, хто твой сябар, а хто вораг. Але для таго каб табе сталі прапаноўваць заступніцтва каралі, магнаты і палкаводцы, табе трэба мець добрую рэпутацыю... вышэй, чым цяперашняя.
dlga_oim_rekomendaciya_k_trubeckomu_5:oim_rekomendaciya_k_trubeckomu_6|Як жа мне зарабіць сабе рэпутацыю? 
dlga_oim_rekomendaciya_k_trubeckomu_6:oim_rekomendaciya_k_trubeckomu_7|Для гэтага трэба брацца за розныя даручэнні. Вось я, напрыклад, зараз скачу ў Францыю з таемным заданнем ад маскоўскага цара...
dlga_oim_rekomendaciya_k_trubeckomu_7:oim_rekomendaciya_k_trubeckomu_8|Параі, да каго лепш звярнуцца, каб атрымаць заданне?
dlga_oim_rekomendaciya_k_trubeckomu_8:oim_rekomendaciya_k_trubeckomu_9|Што ж, табе пашанцавала. У мяне як раз ёсць патэнт ад князя Трубяцкога. Ён ваюе ў Літве і набірае адважных людзей. Калі хочаш, я магу напісаць да яго рэкамендацыйны ліст для цябе.
dlga_oim_rekomendaciya_k_trubeckomu_9:oim_rekomendaciya_k_trubeckomu_10|Гэта сур'ёзны крок. Дай мне крыху падумаць.
dlga_oim_rekomendaciya_k_trubeckomu_10:oim_rekomendaciya_k_trubeckomu_11|Так Не марудзь і адпраўляйся ў шлях!
dlga_oim_rekomendaciya_k_trubeckomu_11:oim_rekomendaciya_k_trubeckomu_pos1|Пагадзіцца
dlga_oim_rekomendaciya_k_trubeckomu_pos1:oim_rekomendaciya_k_trubeckomu_pos2|Добра, напішы мне ліст і раскажы, дзе знайсці князя.
dlga_oim_rekomendaciya_k_trubeckomu_pos2:oim_rekomendaciya_k_trubeckomu_pos3|Маскоўскія войскі ўварваліся ў Літву і рыхтуюцца да аблогі Вільні. Аляксей Трубяцкой ўзначальвае самы грозны полк, які ўжо атрымаў перамогу ў некалькіх бітвах са шляхтай. Адпраўляйся да Вільні, там яго і знойдзеш, а калі не - распытай маскоўскіх ваяводаў, якіх сустрэнеш па шляху. Яны падкажуць. 
dlga_oim_rekomendaciya_k_trubeckomu_pos3:close_window|Дзякуй і да сустрэчы.
dlga_oim_rekomendaciya_k_trubeckomu_11:oim_rekomendaciya_k_trubeckomu_neg|Адмовіцца
dlga_oim_rekomendaciya_k_trubeckomu_neg:oim_rekomendaciya_k_trubeckomu_neg_1|Напэўна, я ўсё ж не паеду да маскоўскага князя, а звярнуся да каго-небудзь іншага.
dlga_oim_rekomendaciya_k_trubeckomu_neg_1:close_window|Як ведаеш. Служыць можна і запарожцам, і шведам, і палякам - у гэтым няма нічога ганебнага. У цяперашняй вайне ў кожнага кіраўніка свая праўда. Але ўсё ж раю табе не марудзіць з выбарам.
dlga_lord_talk:oim_trubeckoy_rekomendation_dlg|Я ад Клермона.
dlga_oim_trubeckoy_rekomendation_dlg:oim_trubeckoy_rekomendation_dlg_1|У мяне з сабой рэкамендацыйны ліст ад шевалье дэ Клермона, князь.
dlga_oim_trubeckoy_rekomendation_dlg_1:oim_trubeckoy_rekomendation_dlg_2|Давай - ка яго сюды... Што ж, Клермон піша, што табе можна давяраць. Гэта добра. Зараз мы разам з братамі-казакамі вяртаем зямлі, якія адабралі ў Русі палякі ў смутныя часы. 
dlga_oim_trubeckoy_rekomendation_dlg_2:oim_trubeckoy_rekomendation_dlg_3|Аблога гарадоў-справа няпростая. І тым даўжэй яна доўжыцца, чым больш харчоў нарыхтавана ў гараджан. Нельга дапусціць, каб сяляне забяспечвалі іх харчаваннем і ўсім неабходным. Ты павінен спустошыць не менш трох паселішчаў Рэчы Паспалітай - такое тваё першае даручэнне. Не забывай, што сяляне таксама могуць даць адпор.
dlga_oim_trubeckoy_rekomendation_dlg_3:oim_trubeckoy_rekomendation_dlg_4|Я бяруся за гэтае заданне.
dlga_oim_trubeckoy_rekomendation_dlg_4:oim_trubeckoy_rekomendation_dlg_5|Гэта справа як раз па мне, князь! Я чуў, ангельскія манархі падчас войнаў з Іспаніяй выдавалі патэнты, якія даюць права нападаць на варожыя паселішчы. Я не разбойнік, а сухапутны Карсар.
dlga_oim_trubeckoy_rekomendation_dlg_5:close_window|Тады ўжо, хутчэй, царскі флібусцьер. Адпраўляйся на паляванне, ўдачы табе!
dlga_oim_trubeckoy_rekomendation_dlg_3:oim_trubeckoy_rekomendation_dlg_neg|Мабыць, не. Ваяваць з сялянамі - не па мне.
dlga_oim_trubeckoy_rekomendation_dlg_neg:oim_trubeckoy_rekomendation_dlg_neg_1|А ці не знойдзецца ў цябе, князь, іншага даручэння? 
dlga_oim_trubeckoy_rekomendation_dlg_neg_1:close_window|Той, хто хоча заслужыць давер маскоўскага цара, павінен выконваць беспярэчна любы загад. У нас моцная дзяржава, а не шляхецкая вольніца. Так што ідзі, пакуль я не загадаў цябе пасадзіць у астрог!
dlga_lord_talk:oim_trubeckoy_korsar_dlg_1|Я з нагоды твайго даручэння... 
dlga_oim_trubeckoy_korsar_dlg_1:oim_trubeckoy_korsar_dlg_2|Я выканаў заданне, князь! Вёскі спустошаныя, і цяпер ніхто не рызыкуе дастаўляць тавары ў польскія гарады. Можаш смела пачынаць аблогу.
dlga_oim_trubeckoy_korsar_dlg_2:close_window|Дзякую за службу, {playername}! Бачу, Клермон меў рацыю: табе і на самай справе можна даверыць адказную справу.
dlga_lord_find_zagloba_dlg:close_window|Набірай атрад, збірай прыхільнікаў, нападай на шведскія войскі.
dlga_lord_find_zagloba_dlg:close_window.1|Раю табе пасябраваць з адным знакамітым ваяром - панам Заглобой. Ужо ён-то ведае, што рабіць.
dlga_lord_find_zagloba_dlg:close_window.2|Адпраўляйся да маскоўскага цара. Толькі ён і можа адолець шведаў.
dlga_lord_find_zagloba_dlg:close_window.3|Чуў я, што польскі кароль збіраецца заключыць саюз з татарамі. Ты можаш паспрыяць гэтаму Саюзу.
dlga_lord_find_zagloba_dlg:close_window.4|Баюся, што Рэчы Паспалітай ужо нічым не дапамагчы. Мая парада - прысягай, пакуль не позна, шведскаму каралю.
dlga_lord_find_zagloba_dlg:lord_find_zagloba_dlg_kozak|А ну што Ты сказаў?!
dlga_lord_find_zagloba_dlg:lord_pretalk|Я заняты.
dlga_lord_find_zagloba_dlg_kozak:close_window|Ды так, пажартаваў...
dlga_lord_find_zagloba_dlg_kozak:close_window.1|Ну, я хацеў палякам дапамагчы...
dlga_oim_zagloba_finded:oim_zagloba_finded_1|Ці не ты знакаміты пан Заглоба-навальніца ворагаў Рэчы Паспалітай?
dlga_oim_zagloba_finded_1:oim_zagloba_finded_2|Я, а то як жа! І ворагаў Я вынішчыў-усіх не перечтешь. Будзь у мяне столькі валасоў на галаве, колькі я адзін іх паклаў, цырульнікі багацце б нажылі на подбривке маёй чуприны. Будзь Я пракляты, калі хлушу...
dlga_oim_zagloba_finded_2:oim_zagloba_finded_3|Пан Заглоба, хачу паклікаць цябе з сабой шведаў біць.
dlga_oim_zagloba_finded_3:close_window|Шведаў біць? Хіба толькі ногі мае пусцяць карані ў зямлю, тады не пайду, ды і то папрашу выкарчаваць. Ужо вельмі мне хочацца яшчэ разок пакаштаваць шведскага мяса, усё роўна як ваўку бараніны! Ах, прахвосты! Блыхі ім ногі іх у панчошкі поискусали, вось і не сядзіцца ім дома, лезуць у чужыя землі...
dlga_oim_zagloba_help_answer:close_window|Вопыту і славы ў цябе пакуль замала. Нядрэнна б давер караля заслужыць. І вось яшчэ, трэба падтрымкай шляхты заручыцца. Калі які шляхціц дасць табе даручэнне, бярыся. Але ўлічы: не зможаш выканаць - не хадзіць табе ў героях.
dlga_oim_zagloba_auto_help:oim_zagloba_help_answer|Хачу даць табе адну параду.
dlga_oim_lord_sp_task:oim_letter_to_king_potop_start|Ёсць для цябе даручэнне важнае, {пане / васпані}. Мае жаўнеры перахапілі пасланне ад маскоўскага цара да шведскага караля. У ім гаворыцца пра планы маскавітаў. Шведы з дня на дзень нападуць на нашы гарады і крэпасці. Пра гэта трэба неадкладна паведаміць нашаму каралю.
dlga_oim_letter_to_king_potop_start:close_window|Я не супраць. Давай пасланне.
dlga_oim_letter_to_king_potop_start:close_window.1|Баюся, гэта справа мне не па плячы.
dlga_lord_king_delivered_letter_oim:lord_king_delivered_letter_oim_1|{Васпан / Гаспадарыня}, я прывёз перахопленыя пасланне маскавітаў. У ім гаворыцца, што шведы вось-вось уварваюцца ў Польшчу.
dlga_lord_king_delivered_letter_oim_1:lord_king_delivered_letter_oim_2|Спазніўся ты з пасланнем: шведы ўжо бясчынствуюць на нашых землях, а шляхцічы і магнаты адзін за адным пераходзяць на бок Карла.
dlga_lord_king_delivered_letter_oim_2:lord_king_delivered_letter_oim_3|Чаму шведы так лёгка захопліваюць твае тэрыторыі?
dlga_lord_king_delivered_letter_oim_3:lord_king_delivered_letter_oim_4|Наша велікапольская шляхта за доўгія гады мірнага жыцця развучылася ваяваць. Кароль Карл паабяцаў ім захаваць усе прывілеі і вольнасці, вось яны і ідуць пад яго руку. А рускія і літоўскія магнаты, наадварот, хочуць адкласціся ад Рэчы Паспалітай і стварыць уласныя Каралеўства.
dlga_lord_king_delivered_letter_oim_4:lord_king_delivered_letter_oim_5|І што, многія ўжо перабеглі да шведаў?
dlga_lord_king_delivered_letter_oim_5:oim_lord_sp_task|Многія. Але шляхта ўсё яшчэ вагаецца. Да таго ж у нас засталося некалькі верных палкоў.
dlga_oim_lord_sp_task:oim_potop_zahvat_shved_sold|Ці не хочаш паслужыць Рэчы Паспалітай? Я папрашу цябе захапіць у палон служылага шведа і даставіць яго сюды. Выпытаем ў яго пра стан ваенных спраў.
dlga_oim_potop_zahvat_shved_sold:oim_potop_zahvat_shved_sold_1|Даруй, пане, я пакуль не гатовы ўступаць у бой са шведскімі атрадамі.
dlga_oim_potop_zahvat_shved_sold_1:close_window|Ніякіх пярэчанняў не прымаю. Чакаю цябе з палонным.
dlga_oim_zagloba_auto_help:oim_potop_help_king_zagloba|Калі ты хочаш чагосьці дамагчыся ў гэтым жыцці і дапамагчы Рэчы Паспалітай не словам, але справай, то табе трэба спачатку заваяваць давер нашага караля. А гэта не так проста, павер!
dlga_oim_potop_help_king_zagloba:close_window|Я паспрабую.
dlga_potop_deliver_swedish_troops:potop_deliver_swedish_troops_1|Гасудар, палонны швед. Не такія ўжо гэтыя паўночнікі непераможныя.
dlga_potop_deliver_swedish_troops_1:potop_deliver_swedish_troops_positive|Добра. Ты будзеш узнагароджаны. Нажаль, шведы ўжо адабралі ў нас абедзве сталіцы-Стары Кракаў і Варшаву. Але верныя паліцы гатовыя стаяць да апошняга.
dlga_potop_deliver_swedish_troops_positive:close_window|Ды і ледзь не забыўся: узнагароду атрымаеш, пасля таго як мы дапытаем шведа, а пакуль што вольны. 
dlga_potop_deliver_swedish_troops_1:potop_deliver_swedish_troops_2|Ну, і Дзе ж швед?
dlga_potop_deliver_swedish_troops_2:lord_pretalk|Збег, гасудар. У наступны раз не сыдзе!
dlga_potop_deliver_swedish_troops_reward:potop_deliver_swedish_troops_reward_1|Моцныя ерэтычныя памылкі ў шведа. Заплечных спраў майстар ўжо два разы кашулю выкручваў, а той усё талдычит: 'forstar inte!'
dlga_potop_deliver_swedish_troops_reward_1:lord_pretalk|"Дык гэта ж, быццам бы,"" не разумею "" па-іхняму. Можа, талмача паклікалі б... "
dlga_potop_deliver_swedish_troops_reward:oim_potop_defend_church_start|Ну вось, нарэшце-то схілілі да каталіцтва ерэтыка-пратэстанта... 
dlga_oim_potop_defend_church_start:oim_potop_defend_church_start_1|У мяне да цябе новая справа. Палонны швед распавёў на допыце, што шведскі кароль адправіў моцны атрад у Чэнстахову пад выглядам разбойнікаў. У Чэнстахове знаходзіцца яснагорскі манастыр. Яны хочуць разрабаваць яго і апаганіць нашу святыню.
dlga_oim_potop_defend_church_start_1:oim_potop_defend_church_start_2|Што за святыня?
dlga_oim_potop_defend_church_start_2:oim_potop_defend_church_start_3|У яснагорскім манастыры знаходзіцца абраз Чэнстахоўскай Божай Маці-апякункі Польшчы.
dlga_oim_potop_defend_church_start_3:oim_potop_defend_church_start_4|Што будзе, калі Чэнстахову разрабуюць?
dlga_oim_potop_defend_church_start_4:oim_potop_defend_church_start_5|Шведы-лютэране. Іх больш цікавіць скарбніца манастыра... Гэты разбой можа канчаткова зламаць баявы дух польскіх каталікоў і праваслаўных.
dlga_oim_potop_defend_church_start_5:oim_potop_defend_church_start_6|Разумець. Што я павінен зрабіць?
dlga_oim_potop_defend_church_start_6:oim_potop_defend_church_start_7|Выбей разбойнікаў з Чэнстаховы і выратуй нашу святыню. Мы шчодра цябе ўзнагародзім.
dlga_oim_potop_defend_church_start_7:lord_pretalk|Выратаваць польскую святыню-справа гонару. Выступаю неадкладна.
dlga_oim_potop_defend_church:oim_potop_defend_church_1|Эй вы! Неадкладна спыніце рабаванне і прыбірайцеся подобру-павітаю.
dlga_oim_potop_defend_church_1:oim_potop_defend_church_2|А мы ест злобникь. Пайшоў сфоей дарогай, не перашкаджай. Мае Люці абрабуюць гэты чортоф манастыр, ты іх не останоффишь!
dlga_oim_potop_defend_church_2:oim_potop_defend_church_3|У тваіх лясных разбойнікаў шведскія рапіры і мушкеты. Я тут па даручэнні польскага караля. Здавайцеся або мы адкрываем агонь!
dlga_oim_potop_defend_church_3:close_window|Рэйтары! У атаку!
dlga_potop_defend_monastery_done:oim_potop_defend_church_1_1|Чэнстахова выратавана, гасудар. Мае людзі разбілі ворагаў.
dlga_oim_potop_defend_church_1_1:oim_potop_otbai_warshaw|Ты здзейсніў вялікі подзвіг! Пасля таго як шляхцічы даведаліся аб цудоўным выратаванні Яснагорскага манастыра, яны акрыялі духам і гатовыя да апошняй кроплі крыві змагацца за польскую карону.
dlga_potop_defend_monastery_done_failed:oim_potop_defend_church_1|{Васпан/Гаспадарыня}, шведаў спыніць не ўдалося. Яснагорскі манастыр зруйнаваны.
dlga_oim_potop_defend_church_1:close_window|Гэта самая дурная вестка за ўвесь час нашага кіравання. Цяпер Рэч Паспалітую не ўратуе нават цуд. Падобна на тое, нам прыйдзецца адрачыся ад кароны, каб спыніць кровапраліцце. Ідзі, {playername}. 
dlga_oim_potop_otbai_warshaw:oim_potop_otbai_warshaw_1|Пасля перамогі ў Чэнстахове нашы палкаводцы натхнёныя і рвуцца ў бой. Я дам табе патэнт на паспалітае рушэнне. Збяры пабольш нашых гетманаў, палкоўнікаў і ваяводаў і адбі ў ворага Варшаву!
dlga_oim_potop_otbai_warshaw_1:oim_potop_otbai_warshaw_2|Дзякую за аказаны давер, васпан! 
dlga_oim_potop_otbai_warshaw_2:close_window|Варшава будзе нашай!
dlga_oim_potop_follow_me:oim_potop_follow_me_1|У мяне патэнт на паспалітае рушэнне ад самога караля. Мы павінны прагнаць шведаў і вярнуць Рэчы Паспалітай былую веліч. Уставай пад мае сцягі!
dlga_oim_potop_follow_me_1:lord_pretalk|Вайна з захопнікамі-справа святая. Толькі вось спакон веку прынята, каб на чале арміі стаяў дасведчаны і славуты палкаводзец. Так што нягледзячы на твой універсал, я пакуль буду змагацца на свой страх і рызыка.
dlga_oim_potop_follow_me_1:lord_pretalk.1|Ну што ж, даўно пара Паказаць шведам, хто ў Польшчы гаспадар. Вядзі нас за сабой на пагібель ворагам!
dlga_oim_potop_follow_me_1:lord_pretalk.2|У мяне цяпер занадта шмат спраў.
dlga_oim_potop_end_quest_warshaw:oim_potop_vasal_dlg|Ты здзейсніў амаль немагчымае. Што ж, за гэта Я дарую табе Варшаўскае ваяводства. Станавіся на калені і паўтарай за мной: 'атрымліваючы валоданне, прысягаю кароне Рэчы Паспалітай і клянуся Хрыстом Богам і Дзевай Марыяй...'
dlga_oim_potop_vasal_dlg:oim_potop_vasal_dlg_1|Атрымліваючы валоданне, прысягаю кароне Рэчы Паспалітай і клянуся Хрыстом Богам і Дзевай Марыяй...
dlga_oim_potop_vasal_dlg_1:oim_potop_vasal_dlg_2|Вызнаваць каталіцкую веру, спраўна ўтрымліваць і ахоўваць крэпасці, горада, паселішчы і дарогі, захоўваць вернасць і належнае хрысціянскай веры сталасць табе, каралю польскаму, і пераемнікам тваім.
dlga_oim_potop_vasal_dlg_2:oim_potop_vasal_dlg_3|Вызнаваць каталіцкую веру, спраўна ўтрымліваць і ахоўваць крэпасці, горада, паселішчы і дарогі, захоўваць вернасць і належнае хрысціянскай веры сталасць табе, каралю польскаму, і пераемнікам тваім.
dlga_oim_potop_vasal_dlg_3:oim_potop_vasal_dlg_4|Роўным чынам, пад клятваю вернасці і пад страхам пазбаўлення сваіх маёнткаў, ніякім князям або панам, або іншым, якога б ні было саслоўя людзям, якія жадаюць супрацьстаяць землям Рэчы Паспалітай, ні саветам, ні спрыяннем, ні дапамогай не служыць і не дапамагаць.
dlga_oim_potop_vasal_dlg_4:oim_potop_vasal_dlg_5|Роўным чынам, пад клятваю вернасці і пад страхам пазбаўлення сваіх маёнткаў, ніякім князям або панам, або іншым, якога б ні было саслоўя людзям, якія жадаюць супрацьстаяць землям Рэчы Паспалітай, ні саветам, ні спрыяннем, ні дапамогай не служыць і не дапамагаць.
dlga_oim_potop_vasal_dlg_5:oim_potop_vasal_dlg_6|У чым перад тварам сведак даю ўрачыстую клятву і цэлую крыж.
dlga_oim_potop_vasal_dlg_6:oim_potop_vasal_dlg_7|У чым перад тварам сведак даю ўрачыстую клятву і цэлую крыж.
dlga_oim_potop_vasal_dlg_7:qst_oim_potop_capture_swedish_lord|Ну што ж, пан {playername}. Цяпер ты паўнапраўны шляхціц Рэчы Паспалітай з усімі правамі і абавязкамі, якія накладае дваранскі тытул.
dlga_qst_oim_potop_capture_swedish_lord:oim_potop_capture_swedish_lord_1|Ёсць у мяне яшчэ адно заданне для цябе. Ты павінен паланіць і даставіць да нас шведскага военачальніка. Хай усе бачаць, што шведы ўразлівыя.
dlga_oim_potop_capture_swedish_lord_1:oim_potop_capture_swedish_lord_2|Дзеля Рэчы Паспалітай я гатовы рызыкнуць галавой.
dlga_oim_potop_capture_swedish_lord_2:lord_pretalk|Ах, так, ледзь не забыўся. Цяпер ты можаш вербаваць падданых Рэчы Паспалітай у сваю харугву.
dlga_oim_potop_capture_lord:lord_pretalk|Выдатна! Цяпер канцлер складзе ўніверсал, і мы разашлем яго ва ўсе правінцыі. Хай усе даведаюцца, што шведы здаюцца нам цэлымі паліцамі. І ў гэтым твая заслуга.
dlga_oim_potop_capture_lord:close_window|А дзе ж швед?
dlga_oim_potop_start_qst_shtirlic_dlg:oim_potop_shtirlic_start_dlg_1|Ну што ж, цяпер ты шляхціц Рэчы Паспалітай і карыстаешся маім асаблівым даверам. Ёсць для цябе вельмі няпростае даручэнне.
dlga_oim_potop_shtirlic_start_dlg_1:oim_potop_shtirlic_start_dlg_2|Я гатовы, пане. Пра што гаворка?
dlga_oim_potop_shtirlic_start_dlg_2:oim_potop_shtirlic_start_dlg_3|Наша дзяржава акружаная ворагамі, якія рвуць яе на часткі. У такі час любы саюзнік для нас неацэнны. Нам трэба заручыцца падтрымкай Крымскага ханства.
dlga_oim_potop_shtirlic_start_dlg_3:oim_potop_shtirlic_start_dlg_4|Але ж хан-лепшы сябар Запарожскага гетмана...
dlga_oim_potop_shtirlic_start_dlg_4:oim_potop_shtirlic_start_dlg_5|У тым то ўсё і справа. Ты павінен адшукаць Мехмет-Гірэя і дапамагчы яму стаць ханам. Акажы яму ўсялякую падтрымку, каб зрушыць Іслам-Гірэя.
dlga_oim_potop_shtirlic_start_dlg_5:oim_potop_shtirlic_start_dlg_6|Але ж я шляхціц Рэчы Паспалітай, {васпан / гаспадарыня}. Калі я стану на бок татарскага прэтэндэнта, то ўсе нашы ворагі зразумеюць, хто за гэтым стаіць.
dlga_oim_potop_shtirlic_start_dlg_6:oim_potop_shtirlic_start_dlg_7|У тым і складаецца складанасць твайго задання. Ты павінен пакінуць службу і дзейнічаць на свой страх і рызыку.
dlga_oim_potop_shtirlic_start_dlg_7:oim_potop_shtirlic_start_dlg_8|І якую ўзнагароду за гэтак складанае заданне абяцаю мне мой васпан?
dlga_oim_potop_shtirlic_start_dlg_8:oim_potop_shtirlic_start_dlg_9|Журботна чуць, што нават патрыёты накшталт цябе думаюць пра карысці ў цяжкую часіну. Абяцаю годнае ўзнагароджанне і каралеўскую падтрымку на выбарах новага маршала. На жаль, і кароль не ўсемагутны.
dlga_oim_potop_shtirlic_start_dlg_9:close_window|Добра, я вазьмуся за гэтую справу.
dlga_oim_zagloba_help_answer:oim_potop_shtirlic_zagloba_help_dlg|Пан Заглоба, кароль заданне мне даў, складаней не прыдумаеш... Загадаў кінуць службу і перакінуцца да татараў. Я павінен аказаць падтрымку Мехмет-Гірэю, каб той стаў ханам.
dlga_oim_potop_shtirlic_zagloba_help_dlg:oim_potop_shtirlic_zagloba_help_dlg_1|Ох, і мудры наш вялікі кароль! Заданне, вядома, няпростае... Але не бойся: са старым Заглобай ты, што ў Хрыста за пазухай.
dlga_oim_potop_shtirlic_zagloba_help_dlg_1:oim_potop_shtirlic_zagloba_help_dlg_2|З чаго параіш пачаць?
dlga_oim_potop_shtirlic_zagloba_help_dlg_2:member_chat|З самага пачатку, як водзіцца. Ідзі да караля і аб'яўляй голасна, што пакідаеш службу.
dlga_oim_zagloba_help_answer:oim_potop_shtirlic_zagloba_find_khan|Ну вось, пан Заглоба, зноў я вольны найміт без роду, без племя. Як мне цяпер гэтага Мехмет-Гірэя знайсці?
dlga_oim_potop_shtirlic_zagloba_find_khan:member_chat|Хто, як не стары Заглоба табе ў гэтым дапаможа? Я ж шмат гадоў таму быў у татарскім палоне. Знайсці прэтэндэнта на ханскі пасад будзе няпроста. Давай паездзім па гарадах, папытаем людзей па карчмах. Глядзіш, чаго даведаемся.
dlga_oim_potop_leave_rp:close_window|Ну што ж гэта тваё права, толькі больш мне на вочы не трапляйся!
dlga_oim_potop_mahmet_girey_talk:oim_potop_mahmet_girey_talk_1|Я-старэйшы брат хана Іслам-Гірэя. Пасля смерці бацькі я атрымаў у спадчыну прастол і некалькі гадоў кіраваў Крымскім ханствам. Але Іслам-Гірэй здолеў заручыцца падтрымкай самога султана ў Стамбуле. Ён выкарыстаў паразу ў вайне з Маскоўскім царствам як падстава і адхіліў мяне ад улады.
dlga_oim_potop_mahmet_girey_talk_1:oim_potop_mahmet_girey_talk_2|Так, я чуў гэтую гісторыю. Хацеў бы ты зноў стаць ханам?
dlga_oim_potop_mahmet_girey_talk_2:oim_potop_mahmet_girey_talk_3|Тваё пытанне недарэчны, як вараннё карканне ў выдатным садзе. Я пайду на ўсё, абы аднавіць справядлівасць!
dlga_oim_potop_mahmet_girey_talk_3:oim_potop_mahmet_girey_talk_4|Ну што ж, я акажу табе падтрымку. Але вазьму з цябе абяцанне: калі станеш ханам, заключыш саюз з Рэччу Паспалітай!
dlga_oim_potop_mahmet_girey_talk_4:close_window|Зраблю ўсё, што скажаш. Клянуся Алахам.
dlga_oim_potop_shtirlic_last_dlg:oim_potop_shtirlic_last_dlg_1|Ну вось, Мехмет-Гірэй стаў ханам, я-важным мурзай. Затое ў вачах польскай шляхты я-здраднік. Што рабіць, пан Заглоба?
dlga_oim_potop_shtirlic_last_dlg_1:oim_potop_shtirlic_last_dlg_2|Не паддавайся кепскім думкам, {ясновельможный пан / ясновельможная пані}! Не забывай, што табе трэба дапамагчы Рэчы Паспалітай! Ідзі да Хана і патрабуй ад яго выканаць абяцанне-заключыць саюз з Янам Казімірам.
dlga_oim_potop_shtirlic_last_dlg_2:close_window|Так і зраблю.
dlga_oim_potop_shtirlic_last_dlg_2:oim_potop_shtirlic_last_dlg_3|Мабыць, цяпер у мяне іншыя мэты.
dlga_oim_potop_shtirlic_last_dlg_3:oim_potop_shtirlic_last_dlg_4|За ўвесь час службы я ад Яна Казіміра не атрымаў ні слова адабрэння. Затое Мехмет-Гірэй абсыпаў мяне дабрадзействамі. Шаўковы халат мурзы ў гэты няпросты час больш ганарова ірванага польскага кунтуша. Я застаюся з татарамі.
dlga_oim_potop_shtirlic_last_dlg_4:close_window|Будзь ты пракляты, здраднік! Глядзець на цябе брыдка! Хай я сабака паршывы буду, калі яшчэ хоць хвіліну прабуду ў тваім атрадзе! Пабойся бога і гневу нашага хрысціянскага караля!
dlga_oim_potop_soyuznichek:oim_potop_soyuznichek_1|Ну што ж, вось ты і стаў ханам. Прыйшла пара ўспомніць аб нашым угаворы.
dlga_oim_potop_soyuznichek_1:oim_potop_soyuznichek_2|Столькі ўсяго звалілася на маю бедную галаву... І каму я толькі чаго не наабяцаў. Нагадай-ка, што там за ўгавор яшчэ?
dlga_oim_potop_soyuznichek_2:oim_potop_soyuznichek_3|Ты паабяцаў заключыць саюз з Янам Казімірам, Найяснейшы хан...
dlga_oim_potop_soyuznichek_3:oim_potop_soyuznichek_4|Нешта не верыцца, што я мог такое паабяцаць...
dlga_oim_potop_soyuznichek_4:oim_potop_soyuznichek_5|Яшчэ як мог. Нават Алахам пакляўся.
dlga_oim_potop_soyuznichek_5:oim_potop_soyuznichek_6|Пры сведках?
dlga_oim_potop_soyuznichek_6:oim_potop_soyuznichek_7|Пры сведках.
dlga_oim_potop_soyuznichek_7:oim_potop_soyuznichek_8|Гэтыя сведкі былі прававернымі мусульманамі?
dlga_oim_potop_soyuznichek_8:oim_potop_soyuznichek_9|Э-э... Не.
dlga_oim_potop_soyuznichek_9:oim_potop_soyuznichek_10|У такім выпадку мая клятва не мае ніякай сілы, так што прабач...
dlga_oim_potop_soyuznichek_10:oim_potop_soyuznichek_11|Сведка быў адзін. І такі, што варта дзесяцёх прававерных мусульман.
dlga_oim_potop_soyuznichek_11:oim_potop_soyuznichek_12|І хто ж гэта?
dlga_oim_potop_soyuznichek_12:oim_potop_soyuznichek_13|Даволі вядомы пан Заглоба. Ты ведаеш, які ў яго востры мову і якой павагай ён карыстаецца сярод мурз і беев... Яму нічога не варта ўзбунтаваць Тваіх падданых.
dlga_oim_potop_soyuznichek_13:oim_potop_soyuznichek_14|Што ж ты адразу не сказаў, Паважаны. Памятаю такі дагавор, яшчэ б не памятаць. Лічы, што я пажартаваў. З задавальненнем гатовы выканаць усе абяцанні, аднак...
dlga_oim_potop_soyuznichek_14:oim_potop_soyuznichek_15|Што яшчэ?
dlga_oim_potop_soyuznichek_15:oim_potop_soyuznichek_16|Ты сам толькі што сказаў, што мае мурзы і беі могуць лёгка пазбавіць мяне трона. Калі я проста так вазьму і заяўляю, што парушаю дамову з казакамі і цяпер ваюю на баку Польшчы, мяне зрушаць у той жа момант.
dlga_oim_potop_soyuznichek_16:oim_potop_soyuznichek_17|І што ты прапануеш?
dlga_oim_potop_soyuznichek_17:oim_potop_soyuznichek_18|Калі хто-небудзь з маіх прыхільнікаў адправіцца з войскам у Масковію і заваюе два рускіх горада... Тады Я ўмацую свае пазіцыі і сам змагу вырашаць, з кім сябраваць, а з кім ваяваць.
dlga_oim_potop_soyuznichek_18:close_window|- Ха-ха-ха-ха-ха-ха-ха-ха-ха-ха-ха. Але ўлічы-падманеш, нажывеш моцнага ворага.
dlga_oim_potop_soyuznichek_finish:oim_potop_soyuznichek_finish_1|Я захапіў два горада, хан. Будзь ласкаў перадаць мне ліст для Яна Казіміра з прапановай міру і вечнага сяброўства.
dlga_oim_potop_soyuznichek_finish_1:close_window|Вось ліст, атрымай. Цяпер нішто не перашкаджае мне выканаць абяцанне. Тым больш што мае нукеры рвуцца ў бой з казакамі, а Порта не пярэчыць супраць змены нашай палітыкі...
dlga_oim_potop_soyuznichek_last_dlg:oim_potop_soyuznichek_last_dlg_1|Я выканаў твой загад, васпан. Мехмет-Гірэй - на троне і гатовы заключыць з табой мір.
dlga_oim_potop_soyuznichek_last_dlg_1:oim_potop_soyuznichek_last_dlg_2|Рэч Паспалітая цябе не забудзе, адважны герой! Атрымай шчодрае ўзнагароджанне.
dlga_oim_potop_soyuznichek_last_dlg_2:oim_potop_soyuznichek_last_dlg_3|І гэта ўсё?
dlga_oim_potop_soyuznichek_last_dlg_3:oim_potop_soyuznichek_last_dlg_4|А што яшчэ?
dlga_oim_potop_soyuznichek_last_dlg_4:oim_potop_soyuznichek_last_dlg_5|Мне было абяцана вярнуць шляхецкае званне і валоданне.
dlga_oim_potop_soyuznichek_last_dlg_5:oim_potop_soyuznichek_last_dlg_6|Сябар мой, у нашай краіне любы збяднелы шляхціц можа накласці вета на манархавы ўказ. Нажаль, але кароль не больш чым першы сярод роўных. Я не вольны вярнуць шляхецтва памагатаму татараў.
dlga_oim_potop_soyuznichek_last_dlg_6:oim_potop_soyuznichek_last_dlg_7|І што ж мне загадаеш рабіць?
dlga_oim_potop_soyuznichek_last_dlg_7:close_window|Калі зможаш аднавіць сваё добрае імя ў нашых палкоўнікаў, мы з радасцю падорым цябе багатым валоданнем.
dlga_oim_potop_return_zagloba_dlg:oim_potop_return_zagloba_dlg_1|Вось так-то, пан Заглоба. Усе гэтыя ханы і каралі - сапраўдныя гаспадары свайго слова. Хочуць-даюць, захочуць - назад забіраюць. І галоўнае, вечна яны не вольныя ў сваіх дзеяннях...
dlga_oim_potop_return_zagloba_dlg_1:oim_potop_return_zagloba_dlg_2|Нічога, {playername}, са старым Заглобой не прападзеш. Ведаю я прынамсі трох палкоўнікаў, якія мне павераць. Я цябе ім так зарэкамендую, што яны да чорта на кулічыкі за табой пойдуць.
dlga_oim_potop_return_zagloba_dlg_2:oim_potop_return_zagloba_dlg_3|І хто ж гэтыя палкоўнікі?
dlga_oim_potop_return_zagloba_dlg_3:oim_potop_return_zagloba_dlg_4|Пан Скшатускі, пан Валадыеўскі і пан Кміцыц.
dlga_oim_potop_return_zagloba_dlg_4:oim_potop_return_zagloba_dlg_5|Ну што ж, паехалі да тваіх палкоўнікаў.
dlga_oim_potop_return_zagloba_dlg_5:close_window|Але спачатку адпраўляйся да Хана і паведамі, што сыходзіш са службы...
dlga_oim_potop_kmitic_start_dlg:oim_potop_kmitic_start_dlg_1|Што мне зрабіць, каб ты аказаў мне падтрымку пры двары?
dlga_oim_potop_kmitic_start_dlg_1:oim_potop_kmitic_start_dlg_2|Ну, слухай. Мой асабісты вораг-князь Хаванскі-у свой час абвясціў узнагароду за маю галаву. Ды вось дапамаглі мне святыя ўгоднікі, цэлы застаўся... Цяпер я патаўкаваць з ім хачу. Дастань яго да мяне. Толькі глядзі цэлага і цэлага прывязі, а я ўжо сам вырашу, як з яго галавой быць.
dlga_oim_potop_kmitic_start_dlg_2:oim_potop_kmitic_start_dlg_3|Гэта ўсё?
dlga_oim_potop_kmitic_start_dlg_3:oim_potop_kmitic_start_dlg_4|Так. Дастаў Хаванскага. Тады я зноў стану верным слугой польскага караля, а ты атрымаеш маю падтрымку.
dlga_oim_potop_kmitic_start_dlg_4:close_window|Паспрабую выканаць тваё даручэнне.
dlga_oim_potop_kmitic_start_dlg:lord_pretalk|Дык як, ты там казаў, імя князя? Хаванскі?
dlga_oim_potop_kmitic_start_dlg:oim_potop_kmitic_start_dlg_1_1|Атрымлівай свайго князя, палкоўнік Кміціц. Цяпер, спадзяюся, ты на маім баку?
dlga_oim_potop_kmitic_start_dlg_1_1:lord_pretalk|За такую службу я твой вечны даўжнік.
dlga_oim_potop_volodievskiy_start_dlg:oim_potop_volodievskiy_start_dlg_1|Мне дапамога Твая патрэбна, пан Міхал. Ці не хочаш паслужыць сваёй шабляй радзіме ды і мне падтрымку аказаць пры двары?
dlga_oim_potop_volodievskiy_start_dlg_1:oim_potop_volodievskiy_start_dlg_2|Чуў я пра цябе. Усякае людзі кажуць: і дрэннае, і добрае. Ды мне да гэтай справы няма! Вось калі б ты мне ў бядзе дапамог...
dlga_oim_potop_volodievskiy_start_dlg_2:oim_potop_volodievskiy_start_dlg_3|Што ў цябе за бяда, пан Міхал?
dlga_oim_potop_volodievskiy_start_dlg_3:oim_potop_volodievskiy_start_dlg_4|Пакуль я сек галавы ворагам, маю нявесту, Анусю Борзобогатую, выкралі праклятыя шведы. Цяжкія раны не дазваляюць мне самому адправіцца на пошукі. Знайдзі Анусю і вярні яе мне, тады я твой сябар да труннай дошкі.
dlga_oim_potop_volodievskiy_start_dlg_4:lord_pretalk|Паспрабую ў што б там ні стала вярнуць тваю Анусю. Неадкладна адпраўляюся ў дарогу.
dlga_oim_zagloba_help_answer:oim_zagloba_help_answer_volodievskiy|Розуму не прыкладу, дзе шукаць гэтую Анусю.
dlga_oim_zagloba_help_answer_volodievskiy:oim_zagloba_help_answer_volodievskiy_1|Пан Валадыеўскі сказаў, што яна ў палоне ў шведаў. Ну так давай зловім шведскага афіцэра і распытаем яго як след...
dlga_oim_zagloba_help_answer_volodievskiy_1:member_chat|Дарэчы, як ты ўгаворыш панну паехаць з намі? Раю назапасіцца лістом ад пана Міхала.
dlga_oim_potop_volodievskiy_letter_dlg:oim_potop_volodievskiy_letter_dlg_1|Пан Міхал, черкни-ка пару радкоў сваёй нявесце. Каб яна паверыла нам, калі мы яе знойдзем.
dlga_oim_potop_volodievskiy_letter_dlg_1:lord_pretalk|Безумоўна. Вось табе запіска з маёй радавой пячаткай...
dlga_oim_potop_volodievsky_shved_dlg:oim_potop_volodievsky_shved_dlg_1|Ты чуў што - небудзь пра паланёную шляхцянку? Яе завуць Ануся Борзобогатая.
dlga_oim_potop_volodievsky_shved_dlg_1:oim_potop_volodievsky_shved_dlg_2|Гэта такі маленькі криклифы теффчонка?
dlga_oim_potop_volodievsky_shved_dlg_2:oim_potop_volodievsky_shved_dlg_3|Падобна на тое. Глядзі не паўтары гэтага пры Володыевском, ўмомант галавы пазбавішся. Такім чынам?
dlga_oim_potop_volodievsky_shved_dlg_3:oim_potop_volodievsky_shved_dlg_4|Мой полкоффник думаль, раз яна Борзобогатая, то такі яе стан вялікі. А гэта апынуўся жудасны Польскі прозвішчаў, і ў яе софсем няма тенег.
dlga_oim_potop_volodievsky_shved_dlg_4:oim_potop_volodievsky_shved_dlg_5|Што вы з ёй зрабілі?
dlga_oim_potop_volodievsky_shved_dlg_5:oim_potop_volodievsky_shved_dlg_6|Тая прадалі тругому такому ше лапуху. Яна зараз толшна біць ф {s5}.
dlga_oim_potop_volodievsky_shved_dlg_6:close_window|Усё зразумела. Ну што, пан Заглоба, збіраемся ў дарогу!
dlga_oim_potop_borzobogataya_dlg:oim_potop_borzobogataya_dlg_1|Мяне даслаў за табой Міхал Валадыеўскі, панна. 
dlga_oim_potop_borzobogataya_dlg_1:oim_potop_borzobogataya_dlg_2|Я не веру табе. Мяне выкралі, голадам змарылі, вазілі з месца на месца. Я ўся выматалася... Нікому больш не веру. 
dlga_oim_potop_borzobogataya_dlg_2:oim_potop_borzobogataya_dlg_chest_test|Пакладзіся на маё сумленнае слова.
dlga_oim_potop_borzobogataya_dlg_2:oim_potop_borzobogataya_dlg_zagloba_test|Вось ліст ад пана Валадыеўскага.
dlga_oim_potop_borzobogataya_dlg_2:oim_potop_borzobogataya_dlg_positive|Са мной пан Заглоба. Ты добра яго ведаеш.
dlga_oim_potop_borzobogataya_dlg_2:close_window|Я прыйду пазней.
dlga_oim_potop_borzobogataya_dlg_positive:close_window|Ну што ж. Была ні была, паехалі хутчэй.
dlga_oim_potop_borzobogataya_dlg_negative:oim_potop_borzobogataya_dlg_2|Не, я табе не веру і нікуды не паеду. Спачатку дакажы, што ты не чарговы выкрадальнік...
dlga_oim_potop_polish_lord_talk:oim_potop_polish_lord_talk_1|Я нешта ніяк у толк не вазьму, ты хто такі і з чаго гэта тут распараджаешся?
dlga_oim_potop_polish_lord_talk_1:oim_potop_polish_lord_talk_2|Я хачу адвезці гэтую дзяўчыну да яе жаніху...
dlga_oim_potop_polish_lord_talk_2:oim_potop_polish_lord_talk_3|Ах, да жаніха? Ды я за гэтую бабу выклаў такую суму, што ты за год не збярэш. Правальвай, не тое клікну варту...
dlga_oim_potop_polish_lord_talk_3:oim_potop_polish_lord_talk_4|Прарывацца з боем.
dlga_oim_potop_polish_lord_talk_4:close_window|Кліч сваю варту. Толькі хай спачатку яны памоляцца за выратаванне сваіх душ...
dlga_oim_potop_polish_lord_talk_3:oim_potop_polish_lord_talk_money|Прапанаваць грошы.
dlga_oim_potop_polish_lord_talk_money:oim_potop_polish_lord_talk_money_2|І пра якую суму ідзе гаворка?
dlga_oim_potop_polish_lord_talk_money_2:oim_potop_polish_lord_talk_money_3|Можаш забраць яе за {reg0} талераў. А за суму ўдвая больш я аддам табе ў прыдачу маю жонку, цешчу і швагерку. Гарэць ім у пекле...
dlga_oim_potop_polish_lord_talk_money_3:close_window|Трымай грошы.
dlga_oim_potop_polish_lord_talk_money_3:oim_potop_polish_lord_talk_money_4|У мяне няма такой сумы.
dlga_oim_potop_polish_lord_talk_money_4:close_window|Кліч сваю варту. Толькі хай спачатку яны памоляцца за выратаванне сваіх душ...
dlga_oim_potop_volodievskiy_last_dlg:oim_potop_volodievskiy_last_dlg_1|Пан Міхал, твая нявеста чакае цябе пад аховай маіх людзей. Але перш чым бегчы да яе, успомні аб нашым угаворы.
dlga_oim_potop_volodievskiy_last_dlg_1:lord_pretalk|Памяць я яшчэ не страціў, хоць і быў паранены ў галаву. Цяпер я верны слуга польскага караля і твой удзячны прыхільнік.
dlga_oim_potop_kshetuskiy_start_dlg:oim_potop_kshetuskiy_start_dlg_1|Скажы, палкоўнік, як заручыцца тваёй падтрымкай пры двары?
dlga_oim_potop_kshetuskiy_start_dlg_1:oim_potop_kshetuskiy_start_dlg_2|Падтрымка, кажаце? Што ж... Клятыя халопы звялі з маіх стайняў лепшага племяннога жарабца. Відаць, прадалі, бо цяпер {s3} яго ў стайнях трымае. Вярні мне каня, а там паглядзім...
dlga_oim_potop_kshetuskiy_start_dlg_2:lord_pretalk|Ну што ж, я паспрабую.
dlga_oim_zagloba_help_answer:oim_zagloba_help_answer_kshetuskiy|Што на гэты раз параіш, пан Заглоба? Дзе шукаць жарабца?
dlga_oim_zagloba_help_answer_kshetuskiy:oim_zagloba_help_answer_kshetuskiy_1|{s3}? Ведаю такога. У {s4} жыве.
dlga_oim_zagloba_help_answer_kshetuskiy_1:oim_zagloba_help_answer_kshetuskiy_2|Але каня, хутчэй за ўсё, добра ахоўваюць.
dlga_oim_zagloba_help_answer_kshetuskiy_2:member_talk|Адзін чорт. Дзе не працуе сіла-там хітрасць падмане. Пераапраніся ў татарына і паспрабуй пракрасціся ў сяло. А там ужо-як бог дасць...
dlga_oim_potop_kozaks_guard_not_tatarin:close_window|А ну стой! Хлопцы-да зброи! Лях тут!
dlga_oim_potop_kozaks_guard_tatarin:oim_potop_kozaks_guard_tatarin_1|Гэй, татарская морда, чаго тут блукаеш?
dlga_oim_potop_kozaks_guard_tatarin_1:oim_potop_kozaks_guard_tatarin_2|Я ёсць багаты Турэцкі купец Шалтын-Болтын. Убачыць прыгожы лошать, хацець у зубы глядзець.
dlga_oim_potop_kozaks_guard_tatarin_2:oim_potop_kozaks_guard_tatarin_3|Дывы, Мыколо, вінаў шчэ па-нашаму лапача. Не загадана, нехрысць, да каня падыходзіць. Нас бацька на рамяні парэжа.
dlga_oim_potop_kozaks_guard_tatarin_3:oim_potop_kozaks_guard_tatarin_4|Казак-вялікі джыгіт. Нікога не баяцца. Шалтын-Болтын надта любіць паглядзець прыгожы каня. Давай вазьмі таньга, а я Малая-Малая да каня падыду.
dlga_oim_potop_kozaks_guard_tatarin_4:close_window|Ты, відаць, па-ўкраінску дрэнна разумееш. Каціся, татарын, пакуль хлопцаў не клікнулі!
dlga_oim_potop_kozaks_guard_tatarin_4:close_window.1|Лясун з табой, басурманін. Гані пяцьдзесят манет і бачком-бачком падыходзь да каня. А мы прыкінемся, што не заўважылі.
dlga_oim_potop_kshetuskiy_last_dlg:oim_potop_kshetuskiy_last_dlg_1|Вось твой жарабец, палкоўнік. Не ўпэўнены, праўда, што ёсць ад яго карысць для нашай справы...
dlga_oim_potop_kshetuskiy_last_dlg_1:oim_potop_kshetuskiy_last_dlg_2|Яшчэ якая карысць, дружа! Будзь упэўнены, ён пакладзе пачатак роду лепшых баявых коней Рэчы Паспалітай.
dlga_oim_potop_kshetuskiy_last_dlg_2:lord_pretalk|Твае словы ды богу б у вушы. Для воіна добры конь-важней добрай шаблі.
dlga_oim_zagloba_help_answer:do_member_trade|{s1}
dlga_oim_potop_letter_back_to_the_rp:oim_potop_letter_back_to_the_rp_1|Слава пра твае подзвігі апярэджвае цябе. Самыя славутыя палкоўнікі Рэчы Паспалітай просяць за цябе, і я не магу ім адмовіць. Прапаную табе вярнуцца на службу і жалую паселішча.
dlga_oim_potop_letter_back_to_the_rp_1:oim_potop_letter_back_to_the_rp_2|Дзякуй, вядома, спадару. Але як жа абяцаны горад?
dlga_oim_potop_letter_back_to_the_rp_2:oim_potop_letter_back_to_the_rp_3|Гарады на дарозе не валяюцца. Аддаць табе горад-значыць, адабраць яго ў каго-небудзь з падданых. Адно магу табе абяцаць: першы ж узяты табой горад перадам менавіта табе...
dlga_oim_potop_letter_back_to_the_rp_3:lord_pretalk|Дзякуй за шчодрасць, пане. Ну што ж, паеду захопліваць сабе горад...
dlga_oim_potop_marshal_elections:oim_potop_marshal_elections_1|Гасудар, памятаеш, як ты абяцаў дапамагчы мне атрымаць маршальскі жазло?
dlga_oim_potop_marshal_elections_1:oim_potop_marshal_elections_2|Ты занадта наіўны, сябар мой. Нельга прымаць на веру ўсе абяцанні...
dlga_oim_potop_marshal_elections_2:oim_potop_marshal_elections_3|Дзіўна... У рыцарскіх раманах пішуць пра высакароднасць і гонар каралёў...
dlga_oim_potop_marshal_elections_3:oim_potop_marshal_elections_4|У жыцці ўсё не так, як напісана ў кнігах, нажаль...
dlga_oim_potop_marshal_elections_4:oim_potop_marshal_elections_5|- А ты мяне не чапай, пане?
dlga_oim_potop_marshal_elections_5:oim_potop_marshal_elections_6|Мабыць, прыйдзецца. Не хочацца сварыцца з тваімі новымі сябрамі. Яны ж і бунт падняць могуць, калі даведаюцца аб маёй адмове.
dlga_oim_potop_marshal_elections_6:oim_potop_marshal_elections_7|Дык я магу выстаўляць сваю кандыдатуру на выбарах?
dlga_oim_potop_marshal_elections_7:lord_pretalk|Так. Як толькі будзеш мець дастатковую падтрымку ў шляхты, дай ведаць. Я абвяшчу аб галасаванні.
dlga_oim_zagloba_help_answer:oim_zagloba_help_answer_marshal_1|Ці не дапаможаш мне ў адной няпростай справе, пан Заглоба?
dlga_oim_zagloba_help_answer_marshal_1:oim_zagloba_help_answer_marshal_2|Што гэта ты задумаў?
dlga_oim_zagloba_help_answer_marshal_2:oim_zagloba_help_answer_marshal_3|Я хачу стаць каронным маршалам. Але гэты пост у нас выбарны, як вядома...
dlga_oim_zagloba_help_answer_marshal_3:oim_zagloba_help_answer_marshal_4|Сам нябожчык Ерамія Вішнявецкі казаў, што ў мяне дар вялікага палітыка... Я табе дапамагу.
dlga_oim_zagloba_help_answer_marshal_4:oim_zagloba_help_answer_marshal_5|Што параіш рабіць?
dlga_oim_zagloba_help_answer_marshal_5:member_talk|Давай паспрабуем пагаварыць з шляхціцамі. Думаю, мне ўдасца прыцягнуць іх на твой бок. Ды сам глядзі не пазяхай: любымі спосабамі імкніся заваяваць іх давер...
dlga_oim_potop_lord_talk_support_elections:lord_pretalk|Бачу, у цябе ў атрадзе сам пан Заглоба. Гэта мяняе справу. Я падумаю над тваёй прапановай.
dlga_oim_potop_lord_talk_support_elections:lord_pretalk.1|Я табе не давяраю...
dlga_oim_potop_lord_talk_support_elections:close_window|Прашу мяне дараваць, але цяпер мне няма калі гаварыць з табой пра пасаду кароннага гетмана.
dlga_oim_potop_start_elections:oim_potop_lord_talk_support_elections_1|Спадар, я гатовы да выбараў.
dlga_oim_potop_lord_talk_support_elections_1:oim_potop_lord_talk_support_elections_2|Ты ўпэўнены ў перамозе? Улічы, другога шанцу не будзе...
dlga_oim_potop_lord_talk_support_elections_2:lord_pretalk|І тое праўда. Мабыць, я паспяшаўся.
dlga_oim_potop_lord_talk_support_elections_2:lord_pretalk.1|Я ўпэўнены ў перамозе. Склікаць сейм!
dlga_oim_zagloba_auto_help:member_talk|Віншую, сынку! Я не думаў, што калі-небудзь я буду дарадцам маршала. Хутка мы ўсім ворагам пяткі-то падсмажым!
dlga_oim_potop_mission_impossible_start:oim_potop_mission_impossible_start_1|Ну што ж, маршал. Пад Тваёй магутнай рукой нашы войскі ў бліжэйшы час адолеюць усіх ворагаў.
dlga_oim_potop_mission_impossible_start_1:oim_potop_mission_impossible_start_2|Я таксама спадзяюся на гэта, пане.
dlga_oim_potop_mission_impossible_start_2:oim_potop_mission_impossible_start_3|Ну раз так, то аб'яўляй паспалітае рушэнне і адпраўляйся на вайну.
dlga_oim_potop_mission_impossible_start_3:oim_potop_mission_impossible_start_4|І з кім ваяваць загадаеш?
dlga_oim_potop_mission_impossible_start_4:oim_potop_mission_impossible_start_5|Адбяры у ворагаў {s3}, {s4}, {s5} і {s6}. Такі наш каралеўскі ўказ...
dlga_oim_potop_mission_impossible_start_5:oim_potop_mission_impossible_start_6|А ці не здаецца табе, васпан, што гэта заданне невыканальнае?
dlga_oim_potop_mission_impossible_start_6:oim_potop_mission_impossible_start_7|Няма такіх задач, з якімі не справяцца польскія шляхцічы. Рэч Паспалітая як-ніяк уваходзіць у еўрапейскую Садружнасць. Ды і заморскія сябры з далёкіх калоній па той бок Атлантыкі абавязкова акажуць нам ваенную дапамогу.
dlga_oim_potop_mission_impossible_start_7:oim_potop_mission_impossible_start_8|А калі я не спраўлюся?
dlga_oim_potop_mission_impossible_start_8:lord_pretalk|Тады знойдзем такога маршала, які зможа пастаяць за ідэалы дэмакратыі! Без перамогі можаш не вяртацца...
dlga_oim_zagloba_help_answer:oim_potop_mission_impossible_zagloba|Не ўяўляю, як справіцца з гэтым даручэннем. Няйначай як Ян Казімір вырашыў ад мяне пазбавіцца. Пан Заглоба, дасі Ці мудры савет?
dlga_oim_potop_mission_impossible_zagloba:member_talk|Можа атрымацца. Але для гэтага табе спатрэбіцца самая лепшая армія. Звярніся па дапамогу да нашых старых сяброў-Скшетускому, Кмицицу і Володыевскому. Думаю, яны змогуць табе дапамагчы.
dlga_oim_potop_mission_impossible_last:oim_potop_mission_impossible_last_1|Васпан, твой народ радуецца. Рэч Паспаліта перамагла сваіх галоўных ворагаў і вярнула адрынутыя ўладанні.
dlga_oim_potop_mission_impossible_last_1:oim_potop_mission_impossible_last_2|Ты сапраўды здзейсніў немагчымае, маршал. Вымушаны прызнаць, што быў не мае рацыю. Ты варты свайго звання.
dlga_oim_potop_moscow_tsar_hunt_start_dlg:oim_potop_moscow_tsar_hunt_start_dlg_1|Са шведамі і запарожцамі ты разабраўся, малайчына. Але самы страшны вораг Рэчы Паспалітай-гэта Маскоўскае царства. Тут ужо Ці мы іх, ці яны нас, сам разумееш.
dlga_oim_potop_moscow_tsar_hunt_start_dlg_1:oim_potop_moscow_tsar_hunt_start_dlg_2|Васпан мой, ты загадваеш мне заваяваць Масковію?
dlga_oim_potop_moscow_tsar_hunt_start_dlg_2:oim_potop_moscow_tsar_hunt_start_dlg_3|Не, маршал. Як вучыць гісторыя-гэта бескарысна. Нашы продкі ўжо бралі Маскву, але супраць нас паўставала ўсё насельніцтва і нам даводзілася адступаць. Я задумаў сёе-тое выкрасці.
dlga_oim_potop_moscow_tsar_hunt_start_dlg_3:oim_potop_moscow_tsar_hunt_start_dlg_4|Я слухаю Цябе, Пане...
dlga_oim_potop_moscow_tsar_hunt_start_dlg_4:oim_potop_moscow_tsar_hunt_start_dlg_5|Трэба паланіць рускага цара. Апынуўшыся ў Варшаве, ён стане паслухмянай прыладай нашай палітыкі, а яго варварская дзяржава больш не будзе прадстаўляць пагрозы для нас.
dlga_oim_potop_moscow_tsar_hunt_start_dlg_5:lord_pretalk|Як загадаеш. Я зараз жа адпраўляюся.
dlga_oim_zagloba_help_answer:oim_potop_mission_impossible_zagloba.1|І што нам цяпер рабіць, як думаеш?
dlga_oim_potop_mission_impossible_zagloba:member_talk.1|Я думаю, мы зможам зрабіць гэта!
dlga_oim_potop_capture_tzar_dlg_captured:oim_potop_capture_tzar_dlg_captured_1|Маскоўскае царства не прапануе табе выкуп за мяне. Але калі ты мяне адпусціш, то я, так і быць, забуду ўсе мінулыя крыўды і прыму цябе на службу.
dlga_oim_potop_capture_tzar_dlg_captured_1:close_window|Дваранін Рэчы Паспалітай ніколі не пойдзе на змову з ворагамі.
dlga_oim_potop_capture_tzar_dlg_captured_1:close_window.1|А чаму б і не? Надакучыла мне змагацца пад пачаткам польскага караля.
dlga_oim_potop_capture_tzar_dlg_captured_1_1:lord_pretalk|На злову цара я мабілізаваў усе сілы!
dlga_oim_potop_capture_tzar_dlg_captured_1_1:oim_potop_capture_tzar_dlg_captured_2|Цар, рускі цар са мной. Куды загадаеш яго вызначыць?
dlga_oim_potop_capture_tzar_dlg_captured_2:oim_potop_capture_tzar_dlg_captured_3|У самую магутную крэпасць, пад ахову лепшага палка кірасіраў! Дзякую Табе, маршал. Цяпер можаш заняцца асабістымі справамі. Ты заслужыў адпачынак.
dlga_oim_potop_capture_tzar_dlg_captured_3:lord_pretalk|Я разлічваў на больш адчувальную падзяку. Думаў, пашкадуеш яшчэ адну вёсачку.
dlga_oim_zagloba_start_qst_rp_king:oim_zagloba_start_qst_rp_king_1|Я тут пахадзіў па карчмах, пагаварыў са шляхтай... Ох, і незадаволена наша панства каралём.
dlga_oim_zagloba_start_qst_rp_king_1:oim_zagloba_start_qst_rp_king_2|А ў чым справа, пан Заглоба?
dlga_oim_zagloba_start_qst_rp_king_2:oim_zagloba_start_qst_rp_king_3|Кароль насаджае на Украіне каталіцтва і рызыкуе зноў выклікаць крывавы бунт. Са шведамі гатовы заключыць перамір'е, заігрывае з крымскім ханам, які больш нарабіць, чым дапаможа. Думаецца мне, Рэчы Паспалітай патрэбны новы кароль...
dlga_oim_zagloba_start_qst_rp_king_3:oim_zagloba_start_qst_rp_king_4|І што ты прапануеш? Зладзіць палацавы пераварот? Або развязаць міжусобную вайну?
dlga_oim_zagloba_start_qst_rp_king_4:oim_zagloba_start_qst_rp_king_5|Барані бог! Кароль павінен адрачыся добраахвотна.
dlga_oim_zagloba_start_qst_rp_king_5:oim_zagloba_start_qst_rp_king_6|Добраахвотна, кажаш? Але для гэтага патрэбен будзе вельмі пераканаўчы аргумент.
dlga_oim_zagloba_start_qst_rp_king_6:oim_zagloba_start_qst_rp_king_7|Калі ўсе шляхцічы абвесцяць караля persona non grata, у яго не будзе выбару...
dlga_oim_zagloba_start_qst_rp_king_7:oim_zagloba_start_qst_rp_king_8|І каго ж ты, пан Заглоба, прачытаеш у новыя васпаны Рэчы Паспалітай?
dlga_oim_zagloba_start_qst_rp_king_8:oim_zagloba_start_qst_rp_king_9|Калі я ў апошні раз вячэраў у варшаўскім карчме і падзяліўся са шляхціцамі сваімі думкамі пра лёс Радзімы, то ўсе яны як адзін сталі выкрыкваць: 'Заглобу ў каралі!'
dlga_oim_zagloba_start_qst_rp_king_9:oim_zagloba_start_qst_rp_king_10|Ужо не ўздумаў ці ты, стары?
dlga_oim_zagloba_start_qst_rp_king_10:oim_zagloba_start_qst_rp_king_11|Менавіта так, сын мой, каб мяне чэрці на тым свеце ў спакоі не пакінулі. Дзякуй, што прытуліў, за хлеб-соль дзякуй. А цяпер бывай. Мяне чакаюць верныя шляхцічы. Дарэчы, калі хочаш прынесці прысягу будучаму імператару, так карыстайся выпадкам, пакуль я тут.
dlga_oim_zagloba_start_qst_rp_king_11:oim_zagloba_start_qst_rp_king_12|Я пайду з табой.
dlga_oim_zagloba_start_qst_rp_king_12:close_window|Ян Казімір і сапраўды не самы лепшы выбар для Польшчы. Хто ведае, можа, Заглоба гэта менавіта той кароль, які патрэбны краіне?
dlga_oim_zagloba_start_qst_rp_king_11:oim_zagloba_start_qst_rp_king_13|Здраднікам я ніколі не быў.
dlga_oim_zagloba_start_qst_rp_king_13:close_window|Ведай, Стары, што ёсць на свеце такія рэчы, як гонар і слава!
dlga_oim_potop_zagloba_uprising:oim_potop_zagloba_uprising_1|Як! Зноў?! І з кім мне на гэты раз змяніла дражайшая жонка?
dlga_oim_potop_zagloba_uprising_1:oim_potop_zagloba_uprising_2|Справа значна больш сур'ёзная, мой кароль. Гарлапан Заглоба сабраў вакол сябе незадаволеную шляхту і з дня на дзень падыме бунт...
dlga_oim_potop_zagloba_uprising_2:oim_potop_zagloba_uprising_3|Слава Госпаду. А я-то падумаў... Вечна ты, {playername}, усюды шукаеш падвох. Вось і цяпер п'яныя безлошадники, якім перасталі ў доўг наліваць, табе ўяўляюцца бунтаўшчыкамі. Ды яны на любым сойме гарлапаняць і што? Мы, Вазы, як кіравалі гэтай краінай, так і будзем кіраваць.
dlga_oim_potop_zagloba_uprising_3:oim_potop_zagloba_uprising_4|Ты павінен паверыць мне, кароль, інакш будзе позна. 
dlga_oim_potop_zagloba_uprising_4:lord_pretalk|Паверу, Калі дасі мне важкія доказы здрады.
dlga_oim_potop_zagloba_uprising_lord_dlg:oim_potop_zagloba_uprising_lord_dlg_1|Заглоба выдаў універсал, дзе абвясціў Яна Казіміра зрынутым за здраду шляхты, а сябе - часовым ваенным кіраўніком. Ён возіць гэты пергамент па гарадах і вёсках і апавяшчае яго прылюдна на плошчы. Колькасць яго прыхільнікаў расце як снежны ком. Шляхта, якая захоўвае вернасць каралю, моліць бога, каб хоць нехта яго спыніў.
dlga_oim_potop_zagloba_uprising_lord_dlg_1:lord_pretalk|Я таксама пастаўлю свечку за перамогу. Крыху пазней.
dlga_oim_potop_zagloba_pre_fight_dlg:oim_potop_zagloba_pre_fight_dlg_1|Паслухай, Стары! Спыняй баламутить народ і ідзі дадому няньчыць ўнукаў. Аддай мне свой універсал, пакуль Рэч Паспалітую не агарнула грамадзянская вайна.
dlga_oim_potop_zagloba_pre_fight_dlg_1:close_window|Як смееш ты, шчанюк, гэтак непачціва размаўляць з самім імператарам... гэта значыць, я хацеў сказаць, часовым вайсковым кіраўніком Рэчы Паспалітай. Рыхтуйся да бою!
dlga_oim_potop_universal_delivered:oim_potop_universal_delivered_1|Што тут? Так, чытаем... Ян Ваза, чужаземец, гнабіцель шляхецкіх і казацкіх вольнасцяў... выкармыш езуітаў... баязлівец і бяздарны палкаводзец... Гэта што, пра мяне?
dlga_oim_potop_universal_delivered_1:oim_potop_universal_delivered_2|Менавіта так, чытай подпіс.
dlga_oim_potop_universal_delivered_2:oim_potop_german_mercanaries|Божай ласкай, кіраўнік і імператар Рэчы Паспалітай, Ануфрый першы па мянушцы Заглоба Грозны...
dlga_oim_potop_german_mercanaries:oim_potop_german_mercanaries_1|Мой бог! Значыць, ты меў рацыю... Ну што ж, атрымай за верную службу вёсачку {s3}. Аб іншым можаш не турбавацца. Я адпраўлю ліст свайму сябру-германскаму імператару, і той дашле войска надзейных наймітаў, якая задушыць бунт на корані.
dlga_oim_potop_german_mercanaries_1:oim_potop_german_mercanaries_2|Але ж сейм можа не ўхваліць твае дзеянні!
dlga_oim_potop_german_mercanaries_2:oim_potop_german_mercanaries_3|Ніякіх сеймаў больш не будзе! Шляхта сваёй непакорлівасцю рана ці позна давядзе краіну да развалу. Таму з гэтага дня я абвяшчаю аб скасаванні Рэспублікі і стварэнні Каралеўства Вялікапольскага з вялікімі княствамі рускім, Літоўскім і Кіеўскім.
dlga_oim_potop_german_mercanaries_3:lord_pretalk|Ну што ж, каралеўства так Каралеўства...
dlga_oim_potop_german_mercanaries_3:oim_potop_german_mercanaries_4|Ну ўжо не, кароль.
dlga_oim_potop_german_mercanaries_4:close_window|Супраць бунту я табе хаўруснік, але ўзурпацыю не падтрымаю. І калі наймітаў паспрабуеш выклікаць, я праганю іх туды, адкуль яны прыйдуць.
dlga_oim_potop_zagloba_return_dlg:oim_potop_zagloba_return_dlg_1|Добры дзень, {playername}. Нарэшце я цябе знайшоў.
dlga_oim_potop_zagloba_return_dlg_1:oim_potop_zagloba_return_dlg_2|І табе не хварэць, пан Заглоба. Чым абавязаны твайму візіту?
dlga_oim_potop_zagloba_return_dlg_2:oim_potop_zagloba_return_dlg_3|Чуў я, што ты з Янам Казімірам растаўся. І не па-добраму...
dlga_oim_potop_zagloba_return_dlg_3:oim_potop_zagloba_return_dlg_4|Гэта так. Кароль вырашыў разагнаць Сойм і задушыць шляхецкія вольнасці. Падобна на тое, я быў не мае рацыю, спрабуючы яго абараняць.
dlga_oim_potop_zagloba_return_dlg_4:oim_potop_zagloba_return_dlg_5|А я ж папярэджваў: слухай старога Заглобу. Таму што мой голас-гэта голас народа. Што збіраешся цяпер рабіць?
dlga_oim_potop_zagloba_return_dlg_5:oim_potop_zagloba_return_dlg_6|Ну... я ўжо разграміў пасланых супраць шляхты наймітаў. 
dlga_oim_potop_zagloba_return_dlg_6:oim_potop_zagloba_return_dlg_7|Стаў быць, ты згодны падтрымаць сапраўдных патрыётаў?
dlga_oim_potop_zagloba_return_dlg_7:oim_potop_zagloba_return_dlg_pos|Так, згодны.
dlga_oim_potop_zagloba_return_dlg_pos:close_window|Вось і хвалебна. Я заўсёды ў цябе верыў. І вось табе першае даручэнне. Паспрабуй перагаварыць са шляхтай і схіліць яе на бок паўстанцаў. Я пакуль што для ўсіх бунтаўшчык, які хаваецца ад закона, а цябе, хутчэй за ўсё, паслухаюць.
dlga_oim_potop_zagloba_return_dlg_7:oim_potop_zagloba_return_dlg_neg|Я ўсё ж не гатовы ваяваць супраць караля.
dlga_oim_potop_zagloba_return_dlg_neg:close_window|У кожнага-і ў шляхты, і ў манархаў - свая праўда. Разбірайцеся між сабой самі. А я адпраўлюся куды-небудзь яшчэ...
dlga_lord_dlg_king_dismiss:lord_dlg_king_dismiss_1|Я чуў, ты незадаволены каралём, пане. Пагаворваюць, што яго трэба прымусіць зрачыся ад пасаду.
dlga_lord_dlg_king_dismiss_1:lord_dlg_king_dismiss_2|Мне шмат чаго не падабаецца. Але я пакуль не гатовы адкрыта далучыцца да апазіцыі.
dlga_lord_dlg_king_dismiss_2:lord_dlg_king_dismiss_positive|Я магу заплаціць ({reg0} талераў).
dlga_lord_dlg_king_dismiss_2:lord_dlg_king_dismiss_positive.1|Зрабі мне ласку.
dlga_lord_dlg_king_dismiss_2:lord_dlg_king_dismiss_positive.2|Ты ж патрыёт сваёй Айчыны.
dlga_lord_dlg_king_dismiss_2:close_window|Нашы войскі мацней каралеўскіх харугваў!
dlga_lord_dlg_king_dismiss_2:close_window.1|Я потым з табой пагавару.
dlga_lord_dlg_king_dismiss_positive:close_window|Лічы, што мы дамовіліся. На наступным жа сойме я адракуся ад караля.
dlga_oim_potop_king_before_execution_talk:oim_potop_king_before_execution_talk_1|Васпан, я ж папярэджваў, што з народам жарты дрэнныя. Нізы не хочуць жыць па-старому, а вярхі - не могуць.
dlga_oim_potop_king_before_execution_talk_1:oim_potop_king_before_execution_talk_2|Я не зусім разумею, пра што гэта ты тлумачыш?
dlga_oim_potop_king_before_execution_talk_2:oim_potop_king_before_execution_talk_3|Вось тут у мяне падрыхтаваная папера, на якой не хапае твайго подпісу. Верныя палкоўнікі праводзяць цябе...
dlga_oim_potop_king_before_execution_talk_3:close_window|Бунт! Здрада! Кирасиры, узяць баламут!
dlga_oim_potop_king_execution_zagloba_talk:oim_potop_king_execution_zagloba_talk_1|Ян Казімір маладушна адрокся ад прастола і збег. Што ты думаеш рабіць далей?
dlga_oim_potop_king_execution_zagloba_talk_1:oim_potop_king_execution_zagloba_talk_2|Як што? Хутка будзе сойм, дзе шляхта абярэ новага караля паводле законаў Рэчы Паспалітай.
dlga_oim_potop_king_execution_zagloba_talk_2:oim_potop_king_execution_zagloba_talk_3|А ты не думаеш, што ўся гэтая дэмакратыя і прыводзіць нас да сталых паразаў?
dlga_oim_potop_king_execution_zagloba_talk_3:oim_potop_king_execution_zagloba_talk_4|Ты пра што, пан Заглоба?
dlga_oim_potop_king_execution_zagloba_talk_4:oim_potop_king_execution_zagloba_talk_5|Моцная дзяржава павінна мець моцнага кіраўніка.
dlga_oim_potop_king_execution_zagloba_talk_5:oim_potop_king_execution_zagloba_talk_6|І ў цябе ёсць такі на прыкмеце?
dlga_oim_potop_king_execution_zagloba_talk_6:oim_potop_king_execution_zagloba_talk_7|Вядома, ёсць. Вядомы воін, славуты палкаводзец, які карыстаецца павагай шляхты.
dlga_oim_potop_king_execution_zagloba_talk_7:oim_potop_king_execution_zagloba_talk_8|І хто ж гэты чалавек?
dlga_oim_potop_king_execution_zagloba_talk_8:oim_potop_king_execution_zagloba_talk_9|Ты.
dlga_oim_potop_king_execution_zagloba_talk_9:oim_potop_king_execution_zagloba_talk_10|Я? Думаеш, ваяра без роду-племя могуць абраць каралём?
dlga_oim_potop_king_execution_zagloba_talk_10:oim_potop_king_execution_zagloba_talk_11|Можа, і не абяруць... Але калі скарыстаешся блытанінай і сілай возьмеш карону, то многія стануць на твой бок.
dlga_oim_potop_king_execution_zagloba_talk_11:oim_potop_king_execution_zagloba_talk_12|А што рабіць з астатнімі?
dlga_oim_potop_king_execution_zagloba_talk_12:oim_potop_king_execution_zagloba_talk_13|Я думаю, мы зможам іх пераканаць. Шабля, пішчаль і атрад адборных малайцоў - важкія аргументы ў любой спрэчцы.
dlga_oim_potop_king_execution_zagloba_talk_13:oim_potop_king_execution_zagloba_talk_14|Была не была, прымаю карону.
dlga_oim_potop_king_execution_zagloba_talk_14:close_window|Што ж, пан Заглоба, ідзі і абвясці, што загадам Госпада і для карысці Рэчы Паспалітай новым каралём стаў {playername} I!
dlga_oim_potop_qst_oim_potop_final_qst_guard_talk:oim_potop_qst_oim_potop_final_qst_guard_talk_1|Васпан, цябе хоча бачыць нейкі шевалье дэ Клермон.
dlga_oim_potop_qst_oim_potop_final_qst_guard_talk_1:close_window|Ну што ж, кліч.
dlga_oim_potop_qst_oim_potop_final_qst_killer_talk:oim_potop_qst_oim_potop_final_qst_killer_talk_1|Хто ты? Што вам трэба?
dlga_oim_potop_qst_oim_potop_final_qst_killer_talk_1:oim_potop_qst_oim_potop_final_qst_killer_talk_2|Не адкажы ў просьбе, васпан.
dlga_oim_potop_qst_oim_potop_final_qst_killer_talk_2:oim_potop_qst_oim_potop_final_qst_killer_talk_3|Раю звярнуцца да майго канцлеру.
dlga_oim_potop_qst_oim_potop_final_qst_killer_talk_3:close_window|Канцлер табе больш не спатрэбіцца.
dlga_oim_potop_intro_to_the_quest:oim_potop_intro_to_the_quest_1|Я гляджу, ты нашай дзяржаве сябар. Ну дык слухай. Цяжкія часы наступілі для вялікай шляхецкай Рэспублікі. Ва Украіне толькі што адгарэлі пажары казацкіх паўстанняў. Ледзь кароннае войска адолела казакоў, як гетман Хмяльніцкі прысягнуў рускаму цару.
dlga_oim_potop_intro_to_the_quest_1:oim_potop_intro_to_the_quest_2|Я чуў, што маскоўскі цар пайшоў вайной на польскага караля...
dlga_oim_potop_intro_to_the_quest_2:oim_potop_intro_to_the_quest_3|Твая праўда. Велізарнае войска ўварвалася ў літоўскія землі і разам з казакамі цісне там нашы войскі.  
dlga_oim_potop_intro_to_the_quest_3:oim_potop_intro_to_the_quest_4|А што ж татары?
dlga_oim_potop_intro_to_the_quest_4:oim_potop_intro_to_the_quest_5|Татары Цяпер нашы сябры і ваююць супраць казакоў на баку караля. Але саюзнікі з іх яшчэ тыя. Сёння яны з намі, а заўтра, калі ім Хмель дазволіць браць па ўкраінскіх вёсках ясырь, зноў далучацца да казакоў.
dlga_oim_potop_intro_to_the_quest_5:oim_potop_intro_to_the_quest_6|Ну а што сабе думае шведскі кароль?
dlga_oim_potop_intro_to_the_quest_6:oim_potop_intro_to_the_quest_7|Новы кіраўнік Швецыі, Карл Густаў, думае толькі пра тое, як падкупіць польскіх магнатаў і ўварвацца ў вялікапольскія землі. Ён збірае войскі і чакае, пакуль нас зусім не абяскровіць вайна з Масковіяй.
dlga_oim_potop_intro_to_the_quest_7:oim_potop_intro_to_the_quest_8|Да уж. Справы такія, што горш не бывае...
dlga_oim_potop_intro_to_the_quest_8:oim_potop_intro_to_the_quest_9|Любы, як кажуць навукоўцы лаціняне, crisisus-гэта шанец узвысіцца для рашучага чалавека. Адна за другой ўспыхваюць вайны. Дрыжаць, як лісце на ветры, здавалася б, нязломныя дзяржавы. Старыя дынастыі саступаюць месца новым. 
dlga_oim_potop_intro_to_the_quest_9:oim_potop_intro_to_the_quest_10|Гэта ты да чаго?
dlga_oim_potop_intro_to_the_quest_10:oim_potop_intro_to_the_quest_11|Да таго, што, змагаючыся за Рэч Паспалітую, ты можаш дасягнуць вельмі многага. Заклікаю Цябе-уступай у нашы шэрагі!
dlga_oim_potop_intro_to_the_quest_11:lord_pretalk|Рэч Паспаліта-вялікая дзяржава. Змагацца за яе-гонар для мяне.
dlga_oim_potop_intro_to_the_quest_11:oim_potop_intro_to_the_quest_12|Прабач, але я лічу ваша справа прайграным. 
dlga_oim_potop_intro_to_the_quest_12:lord_pretalk|Я думаю, што ўсе пошасці ваша дзяржава наклікала на сябе сама. Так што вы са сваёй шляхецкай вольніцай паспрабуйце справіцца без мяне.
dlga_oim_getman_initial_dlg:oim_getman_initial_dlg_1|Ведаеш паселішча {s10}? Адтуль прыбыў ганец. Распавёў, што на іх сяло напалі бандыты. Паспяшайся на выручку, інакш ім дрэнна прыйшлося б.
dlga_oim_getman_initial_dlg_1:close_window|Добра, я дапамагу сялянам.
dlga_oim_getman_initial_dlg_1:close_window.1|Абарона сялян - не мая справа.
dlga_oim_getman_init_dlg_old_man:oim_getman_init_dlg_old_man_2|Што ты хацеў, Стары?
dlga_oim_getman_init_dlg_old_man_2:oim_getman_init_dlg_old_man_3|Слухай мяне... Ты абараніў паселішча ад бандытаў, а значыць, не вораг казакам. Я апошні з захавальнікаў таямніцы...
dlga_oim_getman_init_dlg_old_man_3:oim_getman_init_dlg_old_man_4|Пачакай, Стары. Зараз я перавяжу твае раны і клікну людзей, каб перанесці цябе ў дом.
dlga_oim_getman_init_dlg_old_man_4:oim_getman_init_dlg_old_man_5|Не, мая рана смяротная. Мне ўжо дзевяноста пяць, я сваё аджыў. Засталася апошняя справа: перадаць веды надзейнаму чалавеку... Слухай...
dlga_oim_getman_init_dlg_old_man_5:oim_getman_init_dlg_old_man_6|Ну і што далей?
dlga_oim_getman_init_dlg_old_man_6:close_window|Гэта гісторыя пра чорнага гетмана-знайшоўшы яго, ты выратаваў... 
dlga_oim_getman_defend_villages_report:lord_pretalk|Выдатна! Вось трымай невялікую падзяку ад мяне за працы...
dlga_oim_getman_asking_about_getman:lord_pretalk|Першы раз чую.
dlga_oim_getman_asking_about_getman:lord_pretalk.1|Няма ў нас гетмана з такім мянушкай.
dlga_oim_getman_asking_about_getman:lord_pretalk.2|Не ведаю. Можа, вядзьмак які?
dlga_oim_getman_asking_about_getman:lord_pretalk.3|Ты спытай шевалье дэ Клермона. Ён да ўсякіх легенд і гісторый ахвочы. Што дзе пачуе, абавязкова заносіць у спецыяльную кніжыцу.
dlga_oim_getman_klermon_help_answer:oim_getman_klermon_help_answer_1|Клермон, мне сказалі, ты можаш ведаць пра чорнага гетмана.
dlga_oim_getman_klermon_help_answer_1:oim_getman_klermon_help_answer_2|Дзе Ты пачуў пра яго, {playername}?
dlga_oim_getman_klermon_help_answer_2:oim_getman_klermon_help_answer_3|Ну... гэта дзіўная гісторыя. Адзін стары, смяротна паранены разбойнікамі, маліў мяне знайсці Чорнага Гетмана. Ён памёр, так і не паспеўшы нічога толкам расказаць.
dlga_oim_getman_klermon_help_answer_3:oim_getman_klermon_help_answer_4|Так, аднойчы я чуў згадку пра чорнага гетмана. Але, на жаль, нічога пра яго не ведаю. Кажуць, гэта вельмі старажытная легенда...
dlga_oim_getman_klermon_help_answer_4:oim_getman_klermon_help_answer_5|Ад каго Ты пачуў пра яго?
dlga_oim_getman_klermon_help_answer_5:oim_getman_klermon_help_answer_6|Як-то падчас Вялікай папойкі, калі гаворка зайшла пра паразы запарожцаў, адзін казак вымавіў дзіўную фразу: 'Чорны Гетман. Будзь ён у нас, мы б праклятых Ляхаў гналі да самага Парыжу, а маскалёў выкінулі б у Сібір...'
dlga_oim_getman_klermon_help_answer_6:oim_getman_klermon_help_answer_7|Ты ведаеш імя гэтага казака?
dlga_oim_getman_klermon_help_answer_7:oim_getman_klermon_help_answer_8|Яго завуць {s5}.
dlga_oim_getman_klermon_help_answer_8:oim_getman_klermon_help_answer_9|І на гэтым дзякуй.
dlga_oim_getman_klermon_help_answer_9:oim_getman_klermon_help_answer_10|Што ж, паляванне пушчы няволі. Пайду на пошукі.
dlga_oim_getman_klermon_help_answer_10:close_window|Павінен цябе папярэдзіць... Старадаўнія легенды часта нясуць у сабе старажытнае зло. Будзь асцярожны, і ўдачы табе.
dlga_oim_getman_kozaks_service_dlg:lord_pretalk|Пра што ты кажаш, ніяк у толк не вазьму?
dlga_oim_getman_kozaks_service_dlg:lord_pretalk.1|Нават і не заікайся пра гэта. Не твайго розуму гэта справа.
dlga_oim_getman_kozaks_service_dlg:lord_pretalk.2|Я не так добра цябе ведаю, каб пра гэта гаварыць.
dlga_oim_getman_kozaks_service_dlg:oim_getman_kozaks_service_dlg_1|Ну што ж. Ты высакародны чалавек, і табе можна даверыцца. Я і сапраўды чуў пра чорнага Гетмане.
dlga_oim_getman_kozaks_service_dlg_1:oim_getman_kozaks_service_dlg_2|І хто ж гэта такі?
dlga_oim_getman_kozaks_service_dlg_2:oim_getman_kozaks_service_dlg_3|Чорны Гетман-гэта старадаўні пернач, выкаваны з рэдкага металу. Калі верыць легендзе, яго ўладальнік не будзе ведаць паражэнняў.
dlga_oim_getman_kozaks_service_dlg_3:oim_getman_kozaks_service_dlg_4|А ты як даведаўся пра гэта?
dlga_oim_getman_kozaks_service_dlg_4:oim_getman_kozaks_service_dlg_5|Нашы кабзары з пакалення ў пакаленне перадаюць старадаўнюю песню пра чорнага гетмана, які выратуе Украіну. Але спяваюць яе толькі пры сечевиках. Таму-то пра яе ніхто і не ведае.
dlga_oim_getman_kozaks_service_dlg_5:oim_getman_kozaks_service_dlg_6|Чым далей, тым больш хочацца ва ўсім разабрацца. Што-небудзь яшчэ табе вядома?
dlga_oim_getman_kozaks_service_dlg_6:oim_getman_kozaks_service_dlg_7|Ёсць яшчэ адна нітачка. Некалькі гадоў таму наша войска Біла клятых Ляхаў у хвост і грыву. Узялі мы ў палон харунжага з асабістай сотні літоўскага князя Януша Радзівіла. Ён спрабаваў купіць сабе жыццё, раскрыўшы ўсе сакрэты свайго гаспадара.
dlga_oim_getman_kozaks_service_dlg_7:oim_getman_kozaks_service_dlg_8|І як? Купіў?
dlga_oim_getman_kozaks_service_dlg_8:oim_getman_kozaks_service_dlg_9|Не. Павесілі мы яго. Той Харунжы кляўся, што Радзівіл часцяком казаў пра чорнага гетмана. Вось што, дружа. Раз ужо ты закрануў гэтай таямніцы, паслужы Войску Запарожскага. Адшукай Радзівіла і даведайся, у чым там справа.
dlga_oim_getman_kozaks_service_dlg_9:lord_pretalk|Добра. Так і зраблю.
dlga_oim_getman_kozak_service_klermon_advice:oim_getman_kozak_service_klermon_advice_1|{s2} нічога мне не распавёў, калі я спытаў пра чорнага гетмана.
dlga_oim_getman_kozak_service_klermon_advice_1:close_window|І не скажа. Казак толькі на першы погляд кашуля-хлопец. На самай справе казакі ўмеюць захоўваць таямніцы і недаверлівыя да чужынцаў. Паспрабуй заваяваць яго сяброўства.
dlga_pretender_start:oim_getman_talk_about_rebellion|Раскажы мне, князь, чым так знакаміты пернач Чорны Гетман.
dlga_oim_getman_talk_about_rebellion:oim_getman_talk_about_rebellion_1|Адкуль ты ведаеш аб чорным Гетмане? У гэтую таямніцу прысвечаны толькі нешматлікія выбраныя.
dlga_oim_getman_talk_about_rebellion_1:oim_getman_talk_about_rebellion_2|Не такая ўжо гэта таямніца, раз пра яе спяваюць у карчмах гусляры...
dlga_oim_getman_talk_about_rebellion_2:oim_getman_talk_about_rebellion_3|Вось яно што... Хай тады гусляры і раскажуць табе, чым ён знакаміты.
dlga_oim_getman_talk_about_rebellion_3:oim_getman_talk_about_rebellion_4|А калі сур'ёзна, князь? Я адчуваю нейкую сувязь з гэтым перначом і абавязкова хачу высветліць, у чым тут справа.
dlga_oim_getman_talk_about_rebellion_4:oim_getman_talk_about_rebellion_5|Таямніцу Чорнага Гетмана захоўваюць старажытныя літоўскія роды, такія як мы, Радзівілы. Староннім гэтыя таямніцы не раскрываюцца.
dlga_oim_getman_talk_about_rebellion_5:oim_getman_talk_about_rebellion_6|А калі я перастану быць староннім для Радзівілаў?
dlga_oim_getman_talk_about_rebellion_6:oim_getman_talk_about_rebellion_7|І якім жа чынам?
dlga_oim_getman_talk_about_rebellion_7:oim_getman_talk_about_rebellion_8|Напрыклад, дапамагу табе заваяваць трон.
dlga_oim_getman_talk_about_rebellion_8:pretender_start|Ну што ж, чалавек, які дапаможа Радзівілам, мае права разлічваць на іх заступніцтва.
dlga_oim_radzivil_dlg_orders:oim_radzivil_capture_first_castle|Мне як законнаму каралю належыць як мага хутчэй заняць сталіцу, хай нават часовую. Я хацеў бы знаходзіцца пад абаронай сцен, а не насіцца па краіне з тваім атрадам.
dlga_oim_radzivil_capture_first_castle:oim_radzivil_capture_first_castle_1|Што я павінен зрабіць?
dlga_oim_radzivil_capture_first_castle_1:close_window|Пакінь мяне ў заваяваным горадзе пад аховай надзейнага гарнізона. Гэта і будзе мая часовая сталіца.
dlga_oim_getman_radzivil_city_captured:oim_getman_radzivil_kiev_kapture|Выдатна! Я думаю, цяпер ты заўсёды зможаш мяне знайсці ў {s2}. А вось невялікая сума на ваенныя выдаткі.
dlga_oim_getman_radzivil_kiev_kapture:oim_getman_radzivil_kiev_kapture_1|Наша вызваленчая вайна даволі паспяховая. Але для таго каб рухацца далей, мы павінны як мага хутчэй выбіць ворагаў з Кіева. Захопіце горад і пагавары з гарадскім галавой. Ён адданы мне і раскажа, ці не рыхтуе хто здраду.
dlga_oim_getman_radzivil_kiev_kapture_1:close_window|Слухаю, князь. Сёння ж выступаю.
dlga_oim_getman_kiev_captured_dlg:close_window|Выдатна. Але мне стала вядома з допыту аднаго з бунтаўнікоў, супраць караля ў Кіеве спее змова. Трэба даведацца на месцы, ці так гэта.
dlga_oim_radzivil_dlg_orders:close_window|Кіеўскі галава паведаміў, што некаторыя палкоўнікі рыхтуюць змова і хочуць здаць горад ворагам. Ты павінен адправіцца да яго і высветліць усе падрабязнасці.
dlga_oim_getman_radzivil_kiev_kapture:close_window|Кіеўскі галава паведаміў, што некаторыя палкоўнікі рыхтуюць змова і хочуць здаць горад ворагам. Ты павінен адправіцца да яго і высветліць усе падрабязнасці.
dlga_oim_getman_kiev_burgomistr:oim_getman_kiev_burgomistr_1|І што ж трэба святлейшаму князю?
dlga_oim_getman_kiev_burgomistr_1:oim_getman_kiev_burgomistr_2|Князю заўгодна даведацца імёны здраднікаў.
dlga_oim_getman_kiev_burgomistr_2:oim_getman_kiev_burgomistr_3|Сапраўды, сярод ваеначальнікаў хадзілі размовы. Але пасля таго як ён атрымаў некалькі перамог, ніхто не жадае яго здраджваць. Радзівіл ужо захопліваў Кіеў. Тады-то, дарэчы, і адбылася тая дзіўная гісторыя...
dlga_oim_getman_kiev_burgomistr_3:oim_getman_kiev_burgomistr_4|Якая гісторыя?
dlga_oim_getman_kiev_burgomistr_4:oim_getman_kiev_burgomistr_5|Нават не ведаю, ці варта распавядаць... Пасланы Радзівілам атрад начыста разрабаваў старажытны Кірылаўскі манастыр.
dlga_oim_getman_kiev_burgomistr_5:oim_getman_kiev_burgomistr_6|А што тут дзіўнага? Князь-пратэстант. Для яго ні каталіцкія касцёлы, ні праваслаўныя манастыры не з'яўляюцца святынямі.
dlga_oim_getman_kiev_burgomistr_6:oim_getman_kiev_burgomistr_7|У тым і справа. Дзіўна тое, што княжацкія жолнеры пад покрывам ночы вывезлі з Кірылаўскай царквы старадаўнія саркафагі кіеўскіх князёў. Паняцця не маю, навошта яны ім спатрэбіліся...
dlga_oim_getman_kiev_burgomistr_7:oim_getman_kiev_burgomistr_8|Вельмі цікава. Раскажы-ка падрабязней.
dlga_oim_getman_kiev_burgomistr_8:oim_getman_kiev_burgomistr_9|Ды чаго там распавядаць... Даўно гэта было, а памяць мая зусім дрэнная апошнім часам.
dlga_oim_getman_kiev_burgomistr_9:oim_getman_kiev_burgomistr_10|Вось вазьмі кашэль. Можа, ён асвяжыць тваю памяць.
dlga_oim_getman_kiev_burgomistr_10:oim_getman_kiev_burgomistr_11|Я думаю, сціплая сума ў 5000 талераў на патрэбы горада дапаможа мне што-небудзь успомніць...
dlga_oim_getman_kiev_burgomistr_11:oim_getman_kiev_burgomistr_gold_given|Добра, трымай.
dlga_oim_getman_kiev_burgomistr_11:close_window|Я вярнуся, калі атрымаю грошы з дэпазіту...
dlga_oim_getman_kiev_burgomistr_gold_given:oim_getman_kiev_burgomistr_gold_given_1|Гэта здарылася пасля таго, як Багдан Хмяльніцкі быў ушчэнт разбіты пад Берестечком. Казакі беглі, і войска Януша Радзівіла, не сустракаючы супраціву, увайшло ў Кіеў. Я, па дружбе з настаяцелем кірылаўскага манастыра, схаваўся там... Спадзяваўся, захопнікі мяне не знойдуць.
dlga_oim_getman_kiev_burgomistr_gold_given_1:oim_getman_kiev_burgomistr_gold_given_2|Глядзі не хлусі мне! Я ведаю, што ты складаешся ў змове з Радзівілам не першы год.
dlga_oim_getman_kiev_burgomistr_gold_given_2:oim_getman_kiev_burgomistr_gold_given_3|Ну добра, добра. Незадоўга да прыходу літоўскага войска ганец прывёз мне пасланне ад князя. Мне было загадана адправіцца ў манастыр і сустрэць там пасланцаў.
dlga_oim_getman_kiev_burgomistr_gold_given_3:oim_getman_kiev_burgomistr_gold_given_4|І што далей?
dlga_oim_getman_kiev_burgomistr_gold_given_4:oim_getman_kiev_burgomistr_gold_given_5|Ну што далей? Я адчыніў вароты, упусціў атрад і назіраў за тым, як яны грузяць на вазы мармуровыя саркафагі.
dlga_oim_getman_kiev_burgomistr_gold_given_5:oim_getman_kiev_burgomistr_gold_given_6|Навошта яны спатрэбіліся Радзівілу?
dlga_oim_getman_kiev_burgomistr_gold_given_6:oim_getman_kiev_burgomistr_gold_given_7|Розуму не прыкладу. У Кірылаўскай царкве была радавая пахавальня князёў з роду Ольгавічаў. Можа, Радзівіл лічыць іх сваімі продкамі?
dlga_oim_getman_kiev_burgomistr_gold_given_7:oim_getman_kiev_burgomistr_gold_given_8|І куды яны адправіліся?
dlga_oim_getman_kiev_burgomistr_gold_given_8:oim_getman_kiev_burgomistr_gold_given_9|Гэтага я не ведаю. Жаўнеры ўвесь час маўчалі. Толькі іх Харунжы, ужо выязджаючы за вароты, глынуў з пляшкі гарылкі, засмяяўся ды вымавіў: 'Чорны Гетман у нас. Цяпер паваюем!'
dlga_oim_getman_kiev_burgomistr_gold_given_9:oim_getman_kiev_burgomistr_gold_given_10|Я не недачуў, ты сказаў чорны Гетман?
dlga_oim_getman_kiev_burgomistr_gold_given_10:oim_getman_kiev_burgomistr_gold_given_11|Менавіта так.
dlga_oim_getman_kiev_burgomistr_gold_given_11:close_window|Добра, галава, служы і далей, як умееш. Але калі хоць паўслова каму раскажаш пра нашу размову-з-пад зямлі дастану.Здаецца, Князь Януш не такі просты, як здаецца. Нам трэба будзе сур'ёзная размова...
dlga_oim_radzivil_dlg_kiev_report:oim_radzivil_dlg_kiev_report_1|І што ён распавёў?
dlga_oim_radzivil_dlg_kiev_report_1:oim_radzivil_dlg_kiev_report_2|У Кіеве ўсё ціха. Мяцежнікі сядзяць па норах. 
dlga_oim_radzivil_dlg_kiev_report_2:close_window|Гэта добра. Вось невялікая сума на падтрымку нашай справы...
dlga_oim_getman_ask_add_info_dlg:oim_getman_ask_add_info_dlg_1|Не спяшайся. Я ж яшчэ не стаў каралём. У мяне для цябе важнае заданне. Вось вернешся-тады і пагаворым.
dlga_oim_getman_ask_add_info_dlg_1:oim_getman_ask_add_info_dlg_2|І што ж ты задумаў гэтым разам?
dlga_oim_getman_ask_add_info_dlg_2:oim_getman_ask_add_info_dlg_3|Мяне турбуе паводзіны крымскага хана. Ад таго, чый бок зоймуць цяпер татары, залежыць вельмі многае. Адпраўляйся ў Крым, вазьмі ў палон мурзу і дастаў яго да мяне. Я хачу ведаць пра ўсё з першых рук.
dlga_oim_getman_ask_add_info_dlg_3:close_window|Добра, князь. Я выканаю тваё даручэнне.
dlga_oim_getman_captured_tatarin_dlg:oim_getman_captured_tatarin_dlg_1|Адкуль у цябе гэты ліст?
dlga_oim_getman_captured_tatarin_dlg_1:oim_getman_captured_tatarin_dlg_2|Некалькі дзён таму сустрэлі на дарозе сляпца. Абшукалі, знайшлі вось гэтую паперу. У маім атрадзе грамацеяў няма. Сляпца пасадзілі на кол, а паперу везлі хану.
dlga_oim_getman_captured_tatarin_dlg_2:oim_getman_captured_tatarin_dlg_3|Вам нешта ўдалося ў яго даведацца?
dlga_oim_getman_captured_tatarin_dlg_3:oim_getman_captured_tatarin_dlg_4|Так. Імя таго, хто перадаў яму ліст.
dlga_oim_getman_captured_tatarin_dlg_4:oim_getman_captured_tatarin_dlg_5|І хто гэта быў?
dlga_oim_getman_captured_tatarin_dlg_5:oim_getman_captured_tatarin_dlg_6|Нейкі купец. Мы дагналі яго праз паўдня і таксама пасадзілі на кол.
dlga_oim_getman_captured_tatarin_dlg_6:oim_getman_captured_tatarin_dlg_7|Цяпер пра архівы ведаю толькі я...
dlga_oim_getman_captured_tatarin_dlg_7:oim_getman_captured_tatarin_dlg_8|Што кажаш, бі?
dlga_oim_getman_captured_tatarin_dlg_8:close_window|Нічога. Выведзіце палоннага і вачэй з яго не спускайце!
dlga_oim_getman_tatarin_captured:oim_getman_tatarin_captured_1|Ну што ж, хвалю за службу. Вось табе ўзнагарода.
dlga_oim_getman_tatarin_captured_1:oim_getman_tatarin_captured_2|Дзякуй. Ты абяцаў прысвяціць мяне ў таямніцу Чорнага Гетмана, князь.
dlga_oim_getman_tatarin_captured_2:oim_getman_tatarin_captured_3|Я сам вырашу, каго ў якія таямніцы прысвячаць. Сказаў жа табе: як толькі стану каралём, усё раскажу.
dlga_oim_getman_tatarin_captured_3:close_window|Добра, князь. Толькі не обессудь, калі я сам пра ўсё даведаюся...
dlga_oim_getman_tampliers_archives_dweller_dlg:close_window|Не ведаю, пане. Паспрабуй пагаварыць з гарадскім кіраўніком.
dlga_oim_getman_riga_burgomistr_reject:close_window|Без дазволу ў архіў нельга!
dlga_oim_getman_riga_burgomistr_first_talk:oim_getman_riga_burgomistr_first_talk_1|Пане, мне трэба трапіць у архіў. Я хачу азнаёміцца са старажытнымі дакументамі тампліераў.
dlga_oim_getman_riga_burgomistr_first_talk_1:oim_getman_riga_burgomistr_first_talk_2|У Ратушы сапраўды захоўваюцца нейкія старажытныя паперы. На іх пячаткі ордэна Храма.
dlga_oim_getman_riga_burgomistr_first_talk_2:oim_getman_riga_burgomistr_first_talk_3|Скажы-ка, як паперы тампліераў патрапілі ў ваш горад? Бо тампліераў знішчылі трыста гадоў таму.
dlga_oim_getman_riga_burgomistr_first_talk_3:oim_getman_riga_burgomistr_first_talk_4|Пасля таго як кароль Францыі знішчыў ордэн, частка ордэнскіх каштоўнасцяў і папер выратавалі тэўтонцы. Яны-то і перавезлі іх у Рыгу.
dlga_oim_getman_riga_burgomistr_first_talk_4:oim_getman_riga_burgomistr_first_talk_5|Так... справы далёкага мінулага. Мяне цяпер больш цікавіць будучыня.
dlga_oim_getman_riga_burgomistr_first_talk_5:oim_getman_riga_burgomistr_first_talk_6|Я хачу атрымаць доступ у архівы.
dlga_oim_getman_riga_burgomistr_first_talk_6:oim_getman_riga_burgomistr_first_talk_7|Вядома, ты можаш іх агледзець. Але толькі калі атрымаеш дазвол нашага валадара.
dlga_oim_getman_riga_burgomistr_first_talk_7:oim_getman_riga_burgomistr_first_talk_8|І як жа яго атрымаць?
dlga_oim_getman_riga_burgomistr_first_talk_8:oim_getman_riga_burgomistr_first_talk_9|Ну, гэта табе самому лепш пазнаць. Знайдзі гарадскога кіраўніка ды пагавары з ім. Вось калі б табе асабіста давялося правіць Рыгай, усё было б куды прасцей...
dlga_oim_getman_riga_burgomistr_first_talk_9:close_window|А гэта нядурная ідэя...
dlga_oim_getman_riga_burgomistr_first_talk_6:oim_getman_riga_burgomistr_access|Вядома, можаш іх агледзець. 
dlga_oim_getman_riga_burgomistr_access:close_window|Не бачу ніякіх перашкод.
dlga_lord_talk:oim_getman_get_pass_to_arch|Я хацеў бы атрымаць доступ да архіваў...
dlga_oim_getman_get_pass_to_arch:lord_pretalk|Ты тут чалавек незнаёмы... Не магу я каго патрапячы ў архівы пускаць. 
dlga_oim_getman_get_pass_to_arch:lord_pretalk.1|Думаю, гэта не праблема... Ды і бургамістр, ведаючы аб нашай дружбе, дасць табе пропуск без лішніх пытанняў. 
dlga_oim_getman_nesviz_location_redz:lord_pretalk|Я ведаю, што многім табе абавязаны... Аднак твая ўпартасць пачынае мяне злаваць. Не час цяпер казаць пра гэта.
dlga_oim_getman_nesviz_location_lord:lord_pretalk|Адразу відаць, што ты чалавек новы ў нашых краях. Але мы не так добра знаёмыя, каб я казаў пра гэта.
dlga_oim_getman_nesviz_location_lord:lord_pretalk.1|Ды гэта ж ніякая не таямніца, {пане / васпані}. У паселішчы Нясвіж іх радавая пахавальня.
dlga_oim_getman_nesviz_elder_village_name:close_window|Што ж, раскажу табе легенду старажытную, пазабаўлю... Вось як справа была. У спрадвечныя часы, калі ўсе акруговыя землі былі пакрытыя непраходным лесам, прыехаў у гэты край ліцвінскі князь Радзівіл з дружынай. Паляўнічыя ўбачылі звяроў дзікіх мноства, і хутка ўсё ладдзі напоўніліся разнастайнай дзічынай. Не хапіла месца толькі вялізнага мядзведзю, якога падстрэліў сам князь. Вырашылі прыехаць за ім іншым разам. Пасланыя за мядзведзем слугі заблукалі і знайшлі волата толькі праз пару дзён. І быў ён Нясвіж.
dlga_oim_getman_nesviz_elder_dlg:oim_getman_nesviz_elder_dlg_1|Не ведаю, чым табе і дапамагчы, {спадар/спадарыня}... А ты-то тут якімі лёсамі? Па загадзе чыйму іль па сваёй волі?
dlga_oim_getman_nesviz_elder_dlg_1:oim_getman_nesviz_elder_dlg_exit|Я шукаю Чорнага Гетмана.
dlga_oim_getman_nesviz_elder_dlg_exit:close_window|У нас маленькае паселішча, {спадар/спадарыня}. Які ўжо тут гетман...
dlga_oim_getman_nesviz_elder_dlg_1:oim_getman_nesviz_elder_dlg_2|Я знаходжуся на службе ў Януша Радзівіла.
dlga_oim_getman_nesviz_elder_dlg_2:oim_getman_nesviz_elder_dlg_3|Ну, калі ты ў нашага новага караля служыш, {спадар / спадарыня}, то слухай. Некалькі гадоў таму да нашага старадаўняга Касцёла і напраўду прывезлі нейкія фуры з цяжкім грузам. Што ў іх-нікому невядома.
dlga_oim_getman_nesviz_elder_dlg_3:oim_getman_nesviz_elder_dlg_4|Што-небудзь яшчэ табе вядома, Ойча? Больш ніхто не цікавіўся гэтымі фурамі?
dlga_oim_getman_nesviz_elder_dlg_4:oim_getman_nesviz_elder_dlg_5|Была справа, спадар. Незадоўга да цябе да нас прыязджаў пажылы рускі князь. Таксама распытваў пра склеп і грабніцы. І чорным гетманам вельмі цікавіўся.
dlga_oim_getman_nesviz_elder_dlg_5:oim_getman_nesviz_elder_dlg_6|Як звалі таго князя, Ойча? Дзе ён цяпер?
dlga_oim_getman_nesviz_elder_dlg_6:oim_getman_nesviz_elder_dlg_7|Як звалі, не скажу. Ён не ўяўляўся. А дзе ён цяпер, магу адказаць. Яго забілі разбойнікі недалёка адсюль. Мы яго пахавалі па-хрысціянску, магу магілку паказаць.
dlga_oim_getman_nesviz_elder_dlg_7:close_window|Магілка мне без патрэбы. А вось з разбойнікамі я б столковал...
dlga_oim_getman_nesviz_elder_dlg_1:oim_getman_nesviz_elder_dlg_|Я тут па ўласнай волі. Цікаўлюся старажытнымі склепамі.
dlga_oim_getman_nesviz_elder_dlg_:close_window|Небяспечнае гэта месца. Пахавальню заклаў яшчэ прадзед Януша-Мікалай Кшыштаф Радзівіл па мянушцы Сіротка. Гэта ён загадаў вырыць пад касцёлам вялікае падзямелле, калі вярнуўся з паломніцтва па Егіпце. Зрэшты, калі ты не з нясмелага дзясятка - зазірні.
dlga_oim_getman_deserters_talk:oim_getman_deserters_talk_1|Я чуў, вы нядаўна сустрэлі тут рускага князя.
dlga_oim_getman_deserters_talk_1:oim_getman_deserters_talk_2|А калі нават і так, табе-то што з таго?
dlga_oim_getman_deserters_talk_2:oim_getman_deserters_talk_3|Як яго звалі?
dlga_oim_getman_deserters_talk_3:oim_getman_deserters_talk_4|Бач, шустры. Хочаш даведацца, Гані манету.
dlga_oim_getman_deserters_talk_4:oim_getman_deserters_talk_5|Колькі?
dlga_oim_getman_deserters_talk_5:oim_getman_deserters_talk_6|Ды ўсяго толькі... 5000 талераў...
dlga_oim_getman_deserters_talk_6:oim_getman_deserters_talk_next|Добра, трымаеце.
dlga_oim_getman_deserters_talk_6:close_window|Думаю, мы абыдземся без аплаты. Расказвай, што ведаеш, інакш табе канец!
dlga_oim_getman_deserters_talk_9:oim_getman_deserters_talk_12|Я ўвесь ўвагу...
dlga_oim_getman_deserters_talk_12:oim_getman_deserters_talk_13|Ды я асабліва нічога і не ведаю. Ну, ехаў па лесе стары з малой аховай. Грошай пры ім амаль не знайшлося, з каштоўнасцяў - адзін пярсцёнак з пячаткай. Мы і забіваць яго не хацелі, ён сам з каня пляснуўся і шыю зламаў.
dlga_oim_getman_deserters_talk_13:oim_getman_deserters_talk_14|А як яго звалі?
dlga_oim_getman_deserters_talk_14:oim_getman_deserters_talk_15|Яго слуга сказаў, што гэта быў князь Борятинский.
dlga_oim_getman_deserters_talk_15:oim_getman_deserters_talk_16|І на тым дзякуй. Давай сюды пярсцёнак і будзь вольны.
dlga_oim_getman_deserters_talk_16:close_window|Забіраць. Усё роўна ён медны і не варта полушки.
dlga_oim_getman_knyaz_boryat_dlg:close_window|Я заняты...
dlga_oim_getman_knyaz_boryat_dlg:oim_getman_knyaz_boryat_dlg_1|Князь, у мяне ёсць весці аб тваім бацьку. Але наўрад ці яны цябе ўзрадуюць.
dlga_oim_getman_knyaz_boryat_dlg_1:oim_getman_knyaz_boryat_dlg_2|Распавядай усё, што ведаеш, {пане / васпані}. Я ўжо страціў надзею даведацца, што адбылося.
dlga_oim_getman_knyaz_boryat_dlg_2:oim_getman_knyaz_boryat_dlg_3|Ён загінуў ад рук разбойнікаў у ваколіцах Нясвіжа. Я шкадую, князь.
dlga_oim_getman_knyaz_boryat_dlg_3:oim_getman_knyaz_boryat_dlg_4|Эх, казаў я яму, не варта ехаць. Бацька, бацька... Адкуль табе вядома пра гэта?
dlga_oim_getman_knyaz_boryat_dlg_4:oim_getman_knyaz_boryat_dlg_5|Я быў у Нясвіжы і бачыў яго магілу.
dlga_oim_getman_knyaz_boryat_dlg_5:oim_getman_knyaz_boryat_dlg_6|А можа, ты сам з тых разбойнікаў?
dlga_oim_getman_knyaz_boryat_dlg_6:oim_getman_knyaz_boryat_dlg_7|Вось пярсцёнак твайго бацькі.
dlga_oim_getman_knyaz_boryat_dlg_7:oim_getman_knyaz_boryat_dlg_generik_end|Сумную вестку ты мне прынёс. Але праўда лепш недасведчанасці. Дзякуй.
dlga_oim_getman_knyaz_boryat_dlg_7:close_window|Дык ты яшчэ і наш фамільны пярсцёнак забраў? Абараняйся!
dlga_oim_getman_knyaz_boryat_dlg_6:oim_getman_knyaz_boryat_dlg_8|Я, як і ён, ішоў па следзе Чорнага Гетмана.
dlga_oim_getman_knyaz_boryat_dlg_8:oim_getman_knyaz_boryat_dlg_generik_end|Сумную вестку ты мне прынёс. Але праўда лепш недасведчанасці. Дзякуй.
dlga_oim_getman_knyaz_boryat_dlg_8:close_window|Дык ты яшчэ і ў нашы радавыя таямніцы ўлез? Не зносіць табе галавы!
dlga_oim_getman_knyaz_boryat_dlg_6:oim_getman_knyaz_boryat_dlg_9|Калі не верыш мне, князь, то я лепш пайду.
dlga_oim_getman_knyaz_boryat_dlg_9:lord_pretalk|Нікуды ты не пойдзеш, пакуль не распавядзеш усё, што ведаеш. Інакш наракай на сябе.
dlga_oim_getman_knyaz_boryat_dlg_9:close_window|Ну што ж, ідзі. Гара з гарой не сустракаюцца, а чалавек з чалавекам...
dlga_oim_getman_knyaz_boryat_dlg_generik_end_1:oim_getman_knyaz_boryat_dlg_generik_end_2|Ну што, князь, пераканаўся, што я не забіваў твайго бацьку?
dlga_oim_getman_knyaz_boryat_dlg_generik_end_2:oim_getman_knyaz_boryat_dlg_generik_end_3|Пераканаўся, зямля яму пухам. Бачу, ты таксама прысвечаны ў таямніцу Чорнага Гетмана.
dlga_oim_getman_knyaz_boryat_dlg_generik_end_3:oim_getman_knyaz_boryat_dlg_generik_end_4|Так. Я высветліў, што чорны Гетман у руках Януша Радзівіла. Засталося даведацца, навошта ён яму.
dlga_oim_getman_knyaz_boryat_dlg_generik_end_4:oim_getman_knyaz_boryat_dlg_generik_end_5|Я сам у гэтай легендзе не балюча-то дасведчаны... Мне з дзяцінства паўтаралі, маўляў, мы, Борятинские, нашчадкі князёў Ольгавічаў. У нас у родзе і паданне ёсць, быццам мы спадчыннікі нейкага Чорнага Гетмана... Бацька верыў, што раскрыўшы гэтую таямніцу, ён прынясе славу і павагу нашаму роду. Ён адправіўся на пошукі ў Кіеў, а адтуль у Нясвіж. Ды відаць, усё дарэмна... 
dlga_oim_getman_knyaz_boryat_dlg_generik_end_5:oim_getman_knyaz_boryat_dlg_generik_end_6|А ці не засталося ў цябе якіх бацькавых запісаў?
dlga_oim_getman_knyaz_boryat_dlg_generik_end_6:oim_getman_knyaz_boryat_dlg_generik_end_7|"Была ў нас у маёнтку нейкая ""Воранава кніга"". Бацька яе часта перачытваў. Ды толькі я яе прадаў... Вялікія грошы мне за яе прапанавалі."
dlga_oim_getman_knyaz_boryat_dlg_generik_end_7:oim_getman_knyaz_boryat_dlg_generik_end_8|Прадаў? Каму?
dlga_oim_getman_knyaz_boryat_dlg_generik_end_8:oim_getman_knyaz_boryat_dlg_generik_end_9|Кнігагандляру, каму ж яшчэ.
dlga_oim_getman_knyaz_boryat_dlg_generik_end_9:oim_getman_knyaz_boryat_dlg_generik_end_10|А як яго звалі?
dlga_oim_getman_knyaz_boryat_dlg_generik_end_10:oim_getman_knyaz_boryat_dlg_generik_end_11|Ды нячысцік яго ведае. Я яго на начлег не запрашаў.
dlga_oim_getman_knyaz_boryat_dlg_generik_end_11:oim_getman_knyaz_boryat_dlg_generik_end_12|Ну што ж, дзякуй і на тым.
dlga_oim_getman_knyaz_boryat_dlg_generik_end_12:close_window|Аднаго толькі прашу ў цябе - дадому адпусці...
dlga_oim_getman_knyaz_boryat_dlg_generik_end_12:lord_pretalk|І?
dlga_oim_getman_buy_book_trader:oim_getman_buy_book_trader_1|І што ж гэта за кніга? 
dlga_oim_getman_buy_book_trader_1:oim_getman_buy_book_trader_2|Воранава кніга.
dlga_oim_getman_buy_book_trader_2:oim_getman_buy_book_trader_3|Так, ёсць у мяне такая. Толькі вельмі ўжо яна рэдкая... Думаю, цана ў 7000 талераў цалкам справядлівая за такі рарытэт...
dlga_oim_getman_buy_book_trader_3:close_window|Ну добра, знаток даўніны, Вось твае трыццаць срэбранікаў...
dlga_oim_getman_buy_book_trader_3:close_window.1|Я яшчэ падумаю адносна такой дарогай пакупкі...
dlga_oim_getman_buy_book_pufnutiy_search:close_window|Здаецца, узгадваю... ёсць у Сафійскім саборы ў Ноўгарадзе такі кніжнік - вялебны Пафнутий. Ён разбірае старадаўнія пісанні...
dlga_oim_getman_buy_book_pufnutiy_search:close_window.1|Не, мне нічога не вядома.
dlga_oim_getman_pafnut_start_dlg:oim_getman_pafnut_start_dlg_1|Вялебны, пагалоска аб тваёй вучонасці разносіцца па ўсім свеце. Не адкажы ў ласкі і дапамажы мне разабраць, пра што напісана ў гэтай вось кнізе.
dlga_oim_getman_pafnut_start_dlg_1:oim_getman_pafnut_start_dlg_2|Ты не балюча-то падобны на книгочея, сын мой. Навошта табе гэта трэба?
dlga_oim_getman_pafnut_start_dlg_2:oim_getman_pafnut_start_dlg_3|Мне сказалі, што там ёсць апісанні старадаўняй зброі. Мне... я вельмі цікаўлюся гэтай тэмай.
dlga_oim_getman_pafnut_start_dlg_3:oim_getman_pafnut_start_dlg_4|Ну што ж, пакажы сваю кнігу.
dlga_oim_getman_pafnut_start_dlg_4:oim_getman_pafnut_start_dlg_5|Вось...
dlga_oim_getman_pafnut_start_dlg_5:oim_getman_pafnut_start_dlg_6|Гэта вельмі старажытная мова, я амаль нічога не магу разабраць. Мне спатрэбіцца слоўнік.
dlga_oim_getman_pafnut_start_dlg_6:oim_getman_pafnut_start_dlg_7|Я знайду кнігагандляра і куплю ў яго патрэбную кнігу.
dlga_oim_getman_pafnut_start_dlg_7:oim_getman_pafnut_start_dlg_8|Такой кнігі, сын мой, у бадзяжных гандляроў ты не купіш. Адзін-адзіны такі слоўнік ёсць у мяне ў бібліятэцы.
dlga_oim_getman_pafnut_start_dlg_8:oim_getman_pafnut_start_dlg_9|Дык у чым жа справа?
dlga_oim_getman_pafnut_start_dlg_9:oim_getman_pafnut_start_dlg_10|Уся мая маёмасць засталася ў {s3}. Я разбіраў там архівы, але вымушаны быў бегчы, кінуўшы ўсё. Вайна... Калі ты згодны суправадзіць мяне туды, то ў падзяку за службу я перавяду табе гэтую кнігу.
dlga_oim_getman_pafnut_start_dlg_10:close_window|Добра, я згодны. Адпраўляемся ў дарогу.
dlga_oim_getman_pafnut_delivered_dlg:oim_getman_pafnut_delivered_dlg_1|Ну вось мы і на месцы. Колькі табе спатрэбіцца часу?
dlga_oim_getman_pafnut_delivered_dlg_1:close_window|Вяртайся тыдні праз два, сын мой, і атрымаеш пераклад.
dlga_oim_getman_pafnut_translated_book:oim_getman_pafnut_translated_book_1|Ну як прасоўваюцца справы?
dlga_oim_getman_pafnut_translated_book_1:close_window|Я пакуль не скончыў. Вяртайся пазней.
dlga_oim_getman_pafnut_translated_book_1:close_window.1|Я скончыў пераклад. Можаш забіраць.
dlga_oim_getman_kozak_legends_init_dlgs:lord_pretalk|Казацкія легенды? Ну, так казакоў і спытай.
dlga_oim_getman_kozak_legends_init_dlgs:oim_getman_kozak_legends_init_dlgs_1|І табе не хварэць. Гэта табе казак Мамай патрэбны. Ён усё старадаўнія паданні ведае лепш любога Кабзара.
dlga_oim_getman_kozak_legends_init_dlgs_1:oim_getman_kozak_legends_init_dlgs_2|А дзе яго знайсці?
dlga_oim_getman_kozak_legends_init_dlgs_2:lord_pretalk|Бают, ён цяпер не ў спраў. Пашукай у гарадскіх кабаках.
dlga_oim_getman_kozak_legend_mamay_dlg:oim_getman_kozak_legend_mamay_dlg_1|Чуў пра казака Мамая, дружа? Так я нашчадак яго. Дзесяцёх Ляхаў шараварамі ня прыб'ю, але з пікай даць рады. Ёсць, праўда, за мной адзін грашок... гарылку люблю сіл няма. Дружа, я тут карчмар завінаваціўся... Зрабі добрую справу, аплаці мой абавязак, а я табе верай і праўдай паслужу.
dlga_oim_getman_kozak_legend_mamay_dlg_1:oim_getman_kozak_legend_mamay_dlg_2|І колькі ж ты павінен?
dlga_oim_getman_kozak_legend_mamay_dlg_2:oim_getman_kozak_legend_mamay_dlg_3|Ды зусім ледзь-ледзь. 5000 талераў...
dlga_oim_getman_kozak_legend_mamay_dlg_3:oim_getman_kozak_legend_mamay_dlg_4|Гасподзь Усемагутны! Ды на гэтыя грошы можна купіць з сотню бочак піва...
dlga_oim_getman_kozak_legend_mamay_dlg_4:oim_getman_kozak_legend_mamay_dlg_5|Ну не сотню, а з дзясятак дакладна... Дык Я ж не адзін гуляў, а частаваў усіх, хто быў у карчме. Праўда, потым мы трохі пабіліся з заезджымі ляхамі...
dlga_oim_getman_kozak_legend_mamay_dlg_5:oim_getman_kozak_legend_mamay_dlg_6|Будзь я на месцы карчмара, я б цябе ўласнымі рукамі прыдушыў.
dlga_oim_getman_kozak_legend_mamay_dlg_6:oim_getman_kozak_legend_mamay_dlg_7|Ну дык што заплаціш выкуп?
dlga_oim_getman_kozak_legend_mamay_dlg_7:close_window|Так, так і быць, заплачу...
dlga_oim_getman_kozak_legend_mamay_dlg_7:close_window.1|Так, як бачыш, у самога з грашыма туга...
dlga_oim_getman_kozak_legend_mamay_dlg:oim_getman_kozak_legend_mamay_dlg_7|Ну дык што зможаш заплаціць за мяне выкуп?
dlga_oim_getman_mamay_kozak_legend_story:oim_getman_mamay_kozak_legend_story_1|Ведаю, пра што на казачых сходах спяваюць кабзары - Чорны Гетман абвесціцца зноў і выратуе Украіну ад усіх варогаў.
dlga_oim_getman_mamay_kozak_legend_story_1:oim_getman_mamay_kozak_legend_story_2|Ці магу я пачуць гэтую песню?
dlga_oim_getman_mamay_kozak_legend_story_2:oim_getman_mamay_kozak_legend_story_3|Гэта наўрад ці. З таго часу, як гетманам стаў Хмель, кабзары яе не спяваюць.
dlga_oim_getman_mamay_kozak_legend_story_3:oim_getman_mamay_kozak_legend_story_4|І чаму ж?
dlga_oim_getman_mamay_kozak_legend_story_4:oim_getman_mamay_kozak_legend_story_5|Хмель-з польскай шляхты. Ён не казак. Апошнім сапраўдным гетманам-сечевиком быў Барабаш. Вось ён-то ведае пра чорным Гетмане ўсё.
dlga_oim_getman_mamay_kozak_legend_story_5:oim_getman_mamay_kozak_legend_story_6|Дзе яго знайсці?
dlga_oim_getman_mamay_kozak_legend_story_6:oim_getman_mamay_kozak_legend_story_7|Бают, быццам Барабаш памёр. А ён жывы-живехонек, ездзіць з горада ў горад ды збірае прыхільнікаў.
dlga_oim_getman_mamay_kozak_legend_story_7:oim_getman_mamay_kozak_legend_story_8|Чаго ён дамагаецца?
dlga_oim_getman_mamay_kozak_legend_story_8:close_window|Як гэта чаго? Хоча вярнуць сабе Гетманскім булаву.
dlga_oim_getman_barabash_first_talk:oim_getman_barabash_first_talk_1|Патомны казак я.палкавым есаулом быў, Чаркаскім палкоўнікам, потым наказным гетманам войскі Запарожскага. Заўсёды я стараўся жыць у міры з польскай шляхтай... Але вайсковай пісар, Багдан Хмяльніцкі, узбаламуціў запарожцаў на Сечы і падняў мяцеж. Рэестравыя казакі, якія засталіся пад маім пачаткам, дапамагалі каронным войску ўціхамірваць бунтаўнікоў, але перад бітвай пры жоўтых Водах Хмелю ўдалося перавабіць на мой бок ўсю старшыну. 
dlga_oim_getman_barabash_first_talk_1:oim_getman_barabash_first_talk_2|Усе кажуць, быццам цябе забілі здраднікі.
dlga_oim_getman_barabash_first_talk_2:oim_getman_barabash_story|У ноч перад бітвай яны ўварваліся ў Гетманскім намёт. Але мяне паспелі папярэдзіць, і я выратаваўся. Яны вырашылі, што я мёртвы, убачыўшы пасечанае цела. Гэта быў мой слуга. Ведаеш, што я табе скажу? Хмяльніцкаму справы няма да будучыні нашага народа, ім рухае ганарыстасць і помста. Ён абавязкова загубіць Украіну. Зноў стаўшы гетманам, я змагу ўладзіць усе справы з Рэччу Паспалітай, і Украіна будзе квітнець ў сям'і брацкіх народаў!
dlga_oim_getman_barabash_story:oim_getman_barabash_story_1|Чорны Гетман-гэта пернач. Князь Святаслаў Ігаравіч загадаў выкаваць з кавалка нябеснага жалеза, які ён адабраў у вешчуноў.
dlga_oim_getman_barabash_story_1:oim_getman_barabash_story_2|Гісторыя пернача мне вядомая. Я пабываў у Кіеве і Нясвіжы, размаўляў з Радзівілам і князем Барацінскім, прачытаў Воранаву кнігу.
dlga_oim_getman_barabash_story_2:oim_getman_barabash_story_3|Значыць, ты і сам усё ведаеш?
dlga_oim_getman_barabash_story_3:oim_getman_barabash_story_4|Акрамя аднаго. У чым сапраўдная сіла Чорнага Гетмана?
dlga_oim_getman_barabash_story_4:oim_getman_barabash_story_5|Вось яно што... Паводле падання сам пернач вельмі моцная зброя, а яго ўладальнік зможа нарэшце аб'яднаць пад сваёй рукой усіх казакоў.
dlga_oim_getman_barabash_story_5:oim_getman_barabash_story_6|Няўжо казакі пойдуць за любым, хто яго атрымае?
dlga_oim_getman_barabash_story_6:oim_getman_barabash_story_7|Не, вядома... Але калі Чорны Гетман апынецца ў руках чалавека, які павядзе казакоў у бой, баявы дух войскі будзе вельмі моцны.
dlga_oim_getman_barabash_story_7:close_window|Вось чаму за ім паляваў Радзівіл. Але ж ён не зможа скарыстацца перначом, пакуль не ўзначаліць войска запарожскае. Ён схаваў Чорны Гетман у Нясвіжы, каб той не дастаўся нікому іншаму. Што ж, самы час наведаць яго радавую пахавальню...
dlga_oim_getman_mamay_nesviz_dlg_encounter:oim_getman_mamay_nesviz_dlg_encounter_1|Шмат чутак ходзіць аб гэтым месцы. Радзівілы ніколі не цураліся вядзьмарства, а ўжо пасля таго як сіротка вярнуўся з Егіпецкай краіны, чаго толькі не распавядаюць. Чуў я, што ён хацеў прывезці з Каіра дзве муміі, ды маракі на караблі адмовіліся іх браць на борт - дрэнная прыкмета. Тады Сіротка загадаў рассячы муміі на кавалкі і дастаўляць іх па частках. Не ведаю, праўда, прывёз ён іх у Нясвіж або карабель усё ж затануў...
dlga_oim_getman_mamay_nesviz_dlg_encounter_1:oim_getman_mamay_nesviz_dlg_encounter_2|А нам да таго якая справа?
dlga_oim_getman_mamay_nesviz_dlg_encounter_2:close_window|Ды няма справы... Проста чую, чакае нас у магільным склепе засада, так што будзь асцярожны.
dlga_oim_getman_nesviz_post_battle_dlg_prisoner:oim_getman_nesviz_post_battle_dlg_prisoner_1|Адказвай, хто цябе падаслаў?
dlga_oim_getman_nesviz_post_battle_dlg_prisoner_1:oim_getman_nesviz_post_battle_dlg_prisoner_2|Януш Радзівіл...
dlga_oim_getman_nesviz_post_battle_dlg_prisoner_2:oim_getman_nesviz_post_battle_dlg_prisoner_3|Ён загадаў вам ахоўваць гэтае месца?
dlga_oim_getman_nesviz_post_battle_dlg_prisoner_3:oim_getman_nesviz_post_battle_dlg_prisoner_4|Не, ахоўваць тут няма чаго, акрамя трунаў. Спадар забраў тое, што тут захоўвалася. А нам загадана забіваць любога, хто суне сюды нос.
dlga_oim_getman_nesviz_post_battle_dlg_prisoner_4:close_window|Зразумела. Значыць, будзем шукаць Радзівіла.
dlga_oim_getman_nesviz_mamay_dlg:oim_getman_nesviz_mamay_dlg_1|Як ты прапануеш дабрацца да Радзівіла?
dlga_oim_getman_nesviz_mamay_dlg_1:oim_getman_nesviz_mamay_dlg_2|Паглядзі, якія граматкі па гарадах і вёсках развозяць радзівілавы жаўнеры:
dlga_oim_getman_nesviz_mamay_dlg_2:oim_getman_nesviz_mamay_dlg_3|Універсал вялікага князя Януша Радзівіла. Як стала нам вядома, разбойнік {playername} подла напаў на наш радавы маёнтак, учыніў там пагром, забіў халопаў і бязбожна разрабаваў фамільную пахавальню. Усім падданым Рэчы Паспалітай, хто сустрэне разбойніка гэтага, належыць выдаць яго галавой, а калі сустрэне яго шляхціц з ваенным атрадам - абавязкова ўступіць у бой і ўзяць у палон. Хто зробіць гэта-атрымае шчодрую ўзнагароду, будзь ён хоць нізкага, хоць высакароднага звання. 
dlga_oim_getman_nesviz_mamay_dlg_3:oim_getman_nesviz_mamay_dlg_4|Вядома, калі пад рукой маецца прыстойнае войска, то трэба даць бой і ўзяць яго ў палон. Або абкласці ў якой-небудзь крэпасці. Але гэта справа доўгая, а казацкія палкоўнікі, даведаўшыся пра чорны Гетман, прысягаюць Радзівілу адзін за адным...
dlga_oim_getman_nesviz_mamay_dlg_4:oim_getman_nesviz_mamay_dlg_5|Баюся, што майго атрада для гэтага будзе недастаткова.
dlga_oim_getman_nesviz_mamay_dlg_5:oim_getman_nesviz_mamay_dlg_6|Мой табе савет. Прыкінься наймітам, Прабярыся ў крэпасць, дзе спыніўся Радзівіл і забі яго...
dlga_oim_getman_nesviz_mamay_dlg_6:close_window|Ну што ж, так і зраблю.
dlga_oim_getman_nesviz_mamay_dlg_6:close_window.1|Не, Мамай. Мы пераможам Радзівіла ў сумленным баі.
dlga_oim_getman_radzivill_captured:oim_getman_radzivill_captured_1|Як ты смееш, халоп? Паланіць караля Рэчы Паспалітай? Ды за гэта мае падданыя цябе на кавалкі парэжуць...
dlga_oim_getman_radzivill_captured_1:oim_getman_radzivill_captured_2|З цябе такі ж кароль, князь Януш, як з мяне турэцкі султан. Ты мой палонны, і гэтым усё сказана.
dlga_oim_getman_radzivill_captured_2:oim_getman_radzivill_captured_3|І што ты цяпер збіраешся рабіць?
dlga_oim_getman_radzivill_captured_3:close_window|Адвязу цябе да казакоў, хай яны вырашаюць.
dlga_oim_getman_guard_dlg_before_fight:oim_getman_guard_dlg_before_fight_1|Аб, яшчэ адзін найміт! Хутка вы пачулі, што Яго Вялікасць новы полк збірае. Ты адкуль родам?
dlga_oim_getman_guard_dlg_before_fight_1:oim_getman_guard_dlg_before_fight_2|Я сірата. У ландскнехтах з чатырнаццаці гадоў. За каго толькі не ваяваў...
dlga_oim_getman_guard_dlg_before_fight_2:close_window|Праходзь у крэпасць, там з табой сам кароль Януш першы будзе казаць. Ён ні многа ні мала асабістую ахову падбірае. Так што не стукні ў бруд тварам.
dlga_oim_getman_radzivil_before_death:oim_getman_radzivil_before_death_1|- А ты зноў прыехаў у вёску?
dlga_oim_getman_radzivil_before_death_1:oim_getman_radzivil_before_death_2|Так дакладна, васпан!
dlga_oim_getman_radzivil_before_death_2:close_window|Здаецца, я цябе недзе бачыў. А ну-ка павярніся да святла... Так і ёсць. Варта! Узяць здрадніка!
dlga_oim_getman_radzivil_npc2_dlg:oim_getman_radzivil_npc2_dlg_1|Ну што, я гляджу, табе ўдалося сысці з крэпасці...
dlga_oim_getman_radzivil_npc2_dlg_1:oim_getman_radzivil_npc2_dlg_2|Так. На плячах аховы нябожчыка Радзівіла і гарадской варты.
dlga_oim_getman_radzivil_npc2_dlg_2:oim_getman_radzivil_npc2_dlg_3|Хочаш сказаць, ты забіў Радзівіла?
dlga_oim_getman_radzivil_npc2_dlg_3:oim_getman_radzivil_npc2_dlg_4|Менавіта так.
dlga_oim_getman_radzivil_npc2_dlg_4:oim_getman_radzivil_npc2_dlg_5|А Чорны Гетман? Табе ўдалося яго займець?
dlga_oim_getman_radzivil_npc2_dlg_5:close_window|Вось ён, у мяне на поясе. Давай-ка заканчваць з размовамі. Паскакалі хутчэй адсюль, пакуль не выслалі пагоню. Зрэшты, там, хутчэй за ўсё не да нас...
dlga_oim_getman_radzivil_died:oim_getman_radzivil_died_1|Дазволь далажыць, {playername}! Мы прыстаўлены былі палоннага князя ахоўваць. Раніцай прыйшлі яго будзіць, а ён таго...
dlga_oim_getman_radzivil_died_1:oim_getman_radzivil_died_2|"Чаго ""таго""?"
dlga_oim_getman_radzivil_died_2:oim_getman_radzivil_died_3|Ну, як бы гэта па-вучонаму сказаць... халодны. Гікнуўся, значыць. Увесь вечар ныў, што сэрца баліць, спаць перашкаджаў. Не хлусіў, выходзіць. Так што з ім рабіць?
dlga_oim_getman_radzivil_died_3:close_window|Пахаваем з усімі ўшанаваннямі і працягнем шлях.
dlga_oim_getman_barabash_pernach_taken:oim_getman_barabash_pernach_taken_1|Не можа быць! Той самы пернач з казацкай легенды. Я, шчыра кажучы, і не думаў, што ён існуе насамрэч... Ну што ж, {playername}, станавіся пад мой бунчук, і давай пачнем збіраць казацкую старшыну, каб вярнуць казацкай дзяржаве былы гонар і славу.
dlga_oim_getman_barabash_pernach_taken_1:oim_getman_barabash_pernach_taken_2|Ты прапануеш падняць мяцеж супраць Хмяльніцкага?
dlga_oim_getman_barabash_pernach_taken_2:oim_getman_barabash_pernach_taken_3|Не. Хмель хітры, як ліса, і здолеў прыцягнуць на свой бок усю старшыну. Яго падтрымліваюць маскалі. Таму перш чым адкрыта выступіць супраць сабакі, трэба спачатку пагаварыць з палкоўнікамі, паказаць ім Чорнага Гетмана і прыцягнуць на свой бок. І толькі пасля таго, як большая іх частка будзе на нашым баку, мы выступім супраць Хмеля...
dlga_oim_getman_barabash_pernach_taken_3:close_window|Даруй, Барабаш, але я не веру ў тваю задуму...
dlga_oim_getman_barabash_pernach_taken_3:close_window.1|-Ну, панове, панове, я еду з казакамі размаўляць.
dlga_oim_getman_mamay_talk_babrabash_refused:oim_getman_mamay_talk_babrabash_refused_1|Ну і што ты вырашыў з Барабашам?
dlga_oim_getman_mamay_talk_babrabash_refused_1:oim_getman_mamay_talk_babrabash_refused_2|Палкоўнік прапаноўваў мне падбіваць старшыну да мецяжу супраць Хмяльніцкага.
dlga_oim_getman_mamay_talk_babrabash_refused_2:oim_getman_mamay_talk_babrabash_refused_3|А ты што?
dlga_oim_getman_mamay_talk_babrabash_refused_3:oim_getman_mamay_talk_babrabash_refused_4|Адмовіцца.
dlga_oim_getman_mamay_talk_babrabash_refused_4:close_window|Ну, значыць, так таму і быць. Барабаш, калі стане гетманам, абавязкова верне на нашы землі польскую шляхту, а Хмяльніцкі быццам бы хоча стварыць вольную казацкую дзяржаву. Так што паехалі, пагаворым з Багданам. А калі што-паваюем на яго баку, глядзіш, ты і ў маршалы выб'ешся.
dlga_oim_getman_za_barabasha_lords_dlg:oim_getman_za_barabasha_lords_dlg_1|Так? І што ты мне хочаш сказаць?
dlga_oim_getman_za_barabasha_lords_dlg_1:oim_getman_za_barabasha_lords_dlg_2|Па-першае, хачу, каб ты ведаў, што палкоўнік Барабаш, былы гетман, насамрэч жывы.
dlga_oim_getman_za_barabasha_lords_dlg_2:oim_getman_za_barabasha_lords_dlg_3|Вось як? Значыць, цяпер вядома, хто арганізаваў замах...
dlga_oim_getman_za_barabasha_lords_dlg_3:oim_getman_za_barabasha_lords_dlg_4|Менавіта так. Хмяльніцкі загадаў забіць яго.
dlga_oim_getman_za_barabasha_lords_dlg_4:oim_getman_za_barabasha_lords_dlg_5|Значыць, кажаш, гэта ўсё Хмель падбудаваў? Тут без гарылкі не разбярэшся-можа, яно і так было, а можа, зусім інакш. Людзі па-рознаму гавораць.
dlga_oim_getman_za_barabasha_lords_dlg_5:oim_getman_za_barabasha_lords_dlg_6|Я лічу, што Хмяльніцкі вядзе Украіну да прорвы. Замест таго, каб падтрымаць Рэч Паспалітую, дзе Украіна зноў можа заняць годнае месца, ён братаецца то з татарамі, то з Масквой...
dlga_oim_getman_za_barabasha_lords_dlg_6:oim_getman_za_barabasha_lords_dlg_7|І што ж ты прапануеш?
dlga_oim_getman_za_barabasha_lords_dlg_7:oim_getman_za_barabasha_lords_dlg_8|Прапаную адабраць у Хмяльніцкага Гетманскім клейноды і перадаць іх Барабашу.
dlga_oim_getman_za_barabasha_lords_dlg_8:oim_getman_za_barabasha_lords_dlg_9|А чаму ты лічыш, што Барабаш варты Гетманскім званні?
dlga_oim_getman_za_barabasha_lords_dlg_9:oim_getman_za_barabasha_lords_dlg_10|Таму што ён-сапраўдны гетман, і ў нас ёсць гэты пернач...
dlga_oim_getman_za_barabasha_lords_dlg_10:oim_getman_za_barabasha_lords_dlg_11|Гэта ж чорны Гетман!
dlga_oim_getman_za_barabasha_lords_dlg_11:oim_getman_za_barabasha_lords_dlg_12|Ён самы.
dlga_oim_getman_za_barabasha_lords_dlg_12:oim_getman_za_barabasha_lords_dlg_pos|Ну што ж, я гатовы ісці за тым, хто трымае ў руках гэты пернач. Трэба ставіць гетманам Барабаша. Я гатовы далучыцца да яго, калі мяцеж падтрымаюць большасць старшын.
dlga_oim_getman_za_barabasha_lords_dlg_pos:oim_getman_za_barabasha_lords_dlg_generik|Многія ўжо на нашым баку. Я дам ведаць, калі Барабаш будзе гатовы падняць паўстанне.
dlga_oim_getman_za_barabasha_lords_dlg_12:oim_getman_za_barabasha_lords_dlg_neg|Складна ты ўсё гэта распавядаеш. Але гэтага недастаткова... Я не ўпэўнены, што мне варта выступаць супраць Хмеля. Спачатку я павінен параіцца з казакамі.
dlga_oim_getman_za_barabasha_lords_dlg_neg:oim_getman_za_barabasha_lords_dlg_generik|Што ж, табе вырашаць. Але думаю, ты вельмі хутка пераканаешся ў маіх словах...
dlga_oim_getman_za_barabasha_lords_dlg_generik:lord_pretalk|На тваім месцы я пагаварыў бы з Хмелем. Можа быць, усё ідзе зусім не так, як распавядаў табе Стары гетман...
dlga_oim_getman_hmel_barabash_story:oim_getman_hmel_barabash_story_1|Іван Барабаш даўно з трыбухамі прадаўся клятым ляхам. Стаў наказным гетманам і абклаў казакоў непасільнымі паборамі, каб выслужыцца перад польскім каралём, а потым дапамагаў садзіць каталіцкую унію. Гэты здраднік вядзе Украіну назад у польскае рабства.
dlga_oim_getman_hmel_barabash_story_1:oim_getman_hmel_barabash_story_2|А ты што прапануеш, гетман?
dlga_oim_getman_hmel_barabash_story_2:oim_getman_hmel_barabash_story_3|Я не прапаную, я раблю. Пераяслаўская рада пастанавіла ўсім казакам прысягаць маскоўскаму цару. Толькі пад крылом праваслаўнай дзяржавы наш народ здабудзе свабоду.
dlga_oim_getman_hmel_barabash_story_3:oim_getman_hmel_barabash_story_4|- А ў першую чаргу вы клапоціцеся пра дабро Украіны?
dlga_oim_getman_hmel_barabash_story_4:oim_getman_hmel_barabash_story_5|Безумоўна. І ўжо павер мне, яе будучыня зусім не ў саюзе з каталіцкай Польшчай. Толькі гетман, пазбаўлены розуму, будзе ваяваць за Польшчу і супраць Расеі...
dlga_oim_getman_hmel_barabash_story_5:oim_getman_hmel_barabash_story_6|Ну што ж, твая палітыка цалкам разумная. Я не выключаю, што я перайду на твой бок.
dlga_oim_getman_hmel_barabash_story_6:oim_getman_hmel_barabash_story_7|Усё ў тваіх руках. Ёсць у мяне верны чалавек пры Барабашы. Дык вось, ад яго прыйшла ўчора вестка, што былы гетман адправіў да новага караля Рэчы Паспалітай пад выглядам купца Свайго пасланца з тайнай Граматай. Хочаш пераканацца ў здрадзе-перахопі абоз і прачытай пасланне.
dlga_oim_getman_hmel_barabash_story_7:oim_getman_hmel_barabash_story_pos|Пагадзіцца
dlga_oim_getman_hmel_barabash_story_pos:oim_getman_hmel_barabash_story_pos_1|Ну што ж, гетман. Пайду на пошукі гэтага абозу. Калі ты маеш рацыю і Барабаш таемна зносіцца з палякамі, то я - твой верны прыхільнік. Калі не-не обессудь. Толькі скажы мне, адкуль і куды будуць ехаць купцы.
dlga_oim_getman_hmel_barabash_story_pos_1:lord_pretalk|Калі верыць майму соглядатаю, абоз ўжо выйшаў з {s3} і накіроўваецца ў {s4}. Ўдачы вам.
dlga_oim_getman_hmel_barabash_story_7:oim_getman_hmel_barabash_story_neg|Адмовіцца
dlga_oim_getman_hmel_barabash_story_neg:oim_getman_hmel_barabash_story_neg_1|Усім добра вядома тваё падступства, гетман. Я ўпэўнены, што ты гэта ўсё прыдумаў, каб пасварыць мяне са старым палкоўнікам. 
dlga_oim_getman_hmel_barabash_story_neg_1:lord_pretalk|Воля Твая, {playername}. Але толькі ўлічы, што ворагі мае жывуць мала, а паміраюць у пакутах. Так што да хуткай сустрэчы. 
dlga_oim_getman_caravan_master_talk:oim_getman_caravan_master_talk_1|Не губі мяне, доблесную воін. Патрабуй чаго заўгодна, забірай усё дабро, толькі жыццё захавай.
dlga_oim_getman_caravan_master_talk_1:oim_getman_caravan_master_talk_2|Наконт дабра можаш нават і не сумнявацца. Але размова ў нас з табой пойдзе пра іншае. Дзе ліст, які ты вязеш ляхам ад Барабаша?
dlga_oim_getman_caravan_master_talk_2:oim_getman_caravan_master_talk_3|Якое яшчэ ліст?
dlga_oim_getman_caravan_master_talk_3:oim_getman_caravan_master_talk_4|Гляджу я, у цябе памяць у баі адшыбла? Ну так цяпер мы яе асвяжыць. Гэй, хлопцы, хто жадае руку расцерці? Трэба ўсыпаць вось гэтаму сотню бізуноў...
dlga_oim_getman_caravan_master_talk_4:oim_getman_caravan_master_talk_5|Толькі не гэта, {спадар / спадарыня}! Вось яно ліст, у падшэўку кафтана зашыта. Забірай дзеля Бога, толькі не бі.
dlga_oim_getman_caravan_master_talk_5:oim_getman_caravan_master_talk_6|Добра, чорт з табой. Давай сюды ліст і рухай ў абоз. 
dlga_oim_getman_caravan_master_talk_6:oim_getman_caravan_master_talk_7|Дзякуй, {добры спадар / добрая спадарыня}. Век памятаць буду і дзецям сваім завяшчаю...
dlga_oim_getman_caravan_master_talk_7:oim_getman_caravan_master_talk_8|Так, паглядзім, што тут за ліст такое:'...а табе, вялікі кароль, ды працягнуцца твае гады, клятвенна абяцаю: калі ты мне войскам дапаможаш праклятага Хмеля адолець ды прызначыш мяне каронным гетманам, то ўсю правабярэжную Украіну з сёламі, хутарамі, гарадамі і крэпасцямі перадам без затрымкі вялікапольскай шляхце, якую Ты, Кароль, міласціва адорыш ад шчадротаў Сваіх...'
dlga_oim_getman_caravan_master_talk_8:close_window|Дык вось значыць, які ты на самай справе, Барабаш, радетель казачых вольнасцяў. Ну пачакай у мяне!
dlga_oim_getman_hmel_letter_captured:oim_getman_hmel_letter_captured_1|Ты меў рацыю, гетман.
dlga_oim_getman_hmel_letter_captured_1:oim_getman_hmel_letter_captured_2|Да уж наробіць ён спраў, калі яго не спыніць. Ну што, гатовы прынесці мне прысягу?
dlga_oim_getman_hmel_letter_captured_2:lord_pretalk|Так, гетман, гатовы.
dlga_oim_getman_hmel_casus_beli_dlg:oim_getman_hmel_casus_beli_dlg_1|Так, ёсць. Надышоў час аб'яднаць усе нашы народы і заснаваць новую дзяржаву.
dlga_oim_getman_hmel_casus_beli_dlg_1:oim_getman_hmel_casus_beli_dlg_2|І як жа яна будзе называцца? Рэч Паспалітая ці Маскоўскае царства?
dlga_oim_getman_hmel_casus_beli_dlg_2:oim_getman_hmel_casus_beli_dlg_3|Ні так, ні гэтак. Мы адновім Старажытнае Вялікае княства Русь.
dlga_oim_getman_hmel_casus_beli_dlg_3:oim_getman_hmel_casus_beli_dlg_4|На чале якога будзе стаяць ужо не гетман, а вялікі князь? А яго ўнукі будуць называць сябе царамі або каралямі? Не, хутчэй за ўсё, імператарамі.
dlga_oim_getman_hmel_casus_beli_dlg_4:oim_getman_hmel_casus_beli_dlg_5|Бач у корань. Але для пачатку патрабуецца заваяваць Маскоўскае царства.
dlga_oim_getman_hmel_casus_beli_dlg_5:oim_getman_hmel_casus_beli_dlg_6|Ну дык за чым жа справа стала? Ты-гетман, я-маршал. Аддай загад, і пойдзем у бой.
dlga_oim_getman_hmel_casus_beli_dlg_6:oim_getman_hmel_casus_beli_dlg_7|У нас заключаны саюз. Да таго ж палкоўнікі не хочуць гэтай вайны. Калі ты пачнеш ваенныя дзеянні, падданыя неадкладна ўзбунтуюцца.
dlga_oim_getman_hmel_casus_beli_dlg_7:oim_getman_hmel_casus_beli_dlg_8|І што ж ты прапануеш?
dlga_oim_getman_hmel_casus_beli_dlg_8:oim_getman_hmel_casus_beli_dlg_9|Вы павінны пакінуць службу. Потым ты захопіш горад Маскоўскага царства, маскалі вырашаць, што гэта наша праца, і абвесцяць нам вайну. Я ж змагу ўтрымаць сваіх палкоўнікаў, патлумачыўшы ім, што ты зрабіў гэта па асабістым пачыне.
dlga_oim_getman_hmel_casus_beli_dlg_9:oim_getman_hmel_casus_beli_dlg_10|Хітры план. Толькі ж потым любы Запарожскі палкоўнік будзе маім кроўным ворагам.
dlga_oim_getman_hmel_casus_beli_dlg_10:oim_getman_hmel_casus_beli_dlg_11|Гонар-справа нажыўная. Як толькі пачнецца вайна, я прыму цябе назад на службу. Для многіх гэта будзе пераканаўчай прычынай змяніць да цябе стаўленне. Ну а далей - змагайся, атрымлівай перамогі і ўсё неўзабаве забудзецца.
dlga_oim_getman_hmel_casus_beli_dlg_11:oim_getman_hmel_casus_beli_dlg_12|Пагадзіцца
dlga_oim_getman_hmel_casus_beli_dlg_12:oim_getman_hmel_casus_beli_dlg_13|Іду на гэта дзеля святой справы-аднаўлення Старажытнай Русі. 
dlga_oim_getman_hmel_casus_beli_dlg_13:lord_pretalk|На тым і вырашылі. Праз некалькі дзён я прызначу выбары маршала, дзе тваёй кандыдатуры не будзе.
dlga_oim_getman_hmel_casus_beli_dlg_11:oim_getman_hmel_casus_beli_dlg_14|На здраду я не пайду, хай нават на ілжывае.
dlga_oim_getman_hmel_casus_beli_dlg_14:lord_pretalk|Я ўсё ж паспрабую пачаць вайну звычайным шляхам. А з бунтаўшчыкамі як-небудзь разбяруся.
dlga_oim_getman_hmel_casus_beli_end_dlg:oim_getman_hmel_casus_beli_end_dlg_1|Такім чынам, усе нашы землі аб'яднаны пад адзінай рукой. Нядобра велізарнай краіне, спадчынніцы Старажытнай Русі звацца войскам Запарожскім. Ды ўславіцца ў стагоддзях Вялікае княства Русь!
dlga_oim_getman_hmel_casus_beli_end_dlg_1:oim_getman_hmel_casus_beli_end_dlg_2|Цяпер ты вялікі князь?
dlga_oim_getman_hmel_casus_beli_end_dlg_2:oim_getman_hmel_casus_beli_end_dlg_3|Усё не так проста. Паражэнне заўсёды бывае сіратой, а ў Перамогі мноства бацькоў. Многія нашы ваеначальнікі раптам успомнілі, што яны нашчадкі Рурыкавічаў і прэтэндуюць на трон.
dlga_oim_getman_hmel_casus_beli_end_dlg_3:oim_getman_hmel_casus_beli_end_dlg_4|І што ты прапануеш?
dlga_oim_getman_hmel_casus_beli_end_dlg_4:oim_getman_hmel_casus_beli_end_dlg_5|Калі мы дапусцім выбары, то Вялікае княства зноў стане месцам разладаў, а яго кіраўнік ўсяго толькі першым сярод роўных. Толькі каранацыя можа зрабіць мяне сапраўдным васпанам. І для гэтых мэтаў выдатна падышла б карона князя Вітаўта.
dlga_oim_getman_hmel_casus_beli_end_dlg_5:oim_getman_hmel_casus_beli_end_dlg_6|Пра якую карону ты кажаш?
dlga_oim_getman_hmel_casus_beli_end_dlg_6:oim_getman_hmel_casus_beli_end_dlg_7|Вітаўт Вялікі-Вялікі князь літоўскі і стрыечны брат польскага караля Ягайлы. Разам з Ягайлам ён ваяваў пры Грунвальдзе з Тэўтонскім ордэнам і быў гэтак уплывовы, што імператар Свяшчэннай Рымскай імперыі Жыгімонт прапанаваў яму каралеўскую карону. Карона была выраблена ў 1340 годзе і адпраўлена ў Вільню, але па дарозе знікла, а сам Вітаўт памёр у Тракаі, не дачакаўшыся памазання.
dlga_oim_getman_hmel_casus_beli_end_dlg_7:oim_getman_hmel_casus_beli_end_dlg_8|Ты маеш рацыю. Зніклая трыста гадоў таму карона была б цудоўным сімвалам. Толькі вось дзе яе шукаць?
dlga_oim_getman_hmel_casus_beli_end_dlg_8:oim_getman_hmel_casus_beli_end_dlg_9|Ты ж змог адшукаць легендарны Чорны Гетман. Думаю, зможаш знайсці і карону. Дапамажы мне ўмацавацца на троне, а я ўжо награжу цябе па-царску.
dlga_oim_getman_hmel_casus_beli_end_dlg_9:lord_pretalk|Ну што ж, па руках, будучы вялікі князь.
dlga_oim_getman_mamay_korona_start_dlg:oim_getman_mamay_korona_start_dlg_1|Пра што сумуеш, {playername}? Дзеўкі не любяць Алі хворасць раздзірае? Так выпі гарылкі, і пройдзе сум-смутак...
dlga_oim_getman_mamay_korona_start_dlg_1:oim_getman_mamay_korona_start_dlg_2|Тут, Мамай, гарылкай не выратуешся. Вялікі князь задаў задачку. Трэба знайсці карону Вітаўта, якая знікла трыста гадоў таму...
dlga_oim_getman_mamay_korona_start_dlg_2:oim_getman_mamay_korona_start_dlg_3|Трасцячы яму ў селязёнку! Ды як жа мы яе знойдзем? Няма ўжо, тут без гарылкі не абысціся. Наліваць.
dlga_oim_getman_mamay_korona_start_dlg_3:oim_getman_mamay_korona_start_dlg_4|Будзьма!
dlga_oim_getman_mamay_korona_start_dlg_4:oim_getman_mamay_korona_start_dlg_5|Пачынаю ўзгадваць... Быў на Сечы адзін Кабзар. Ён-то і распавядаў легенду пра трох ляшскіх рыцараў, якія не жадалі, каб іх праваслаўны князь атрымаў карону з рук схізматыкаў. Вось яны карону па дарозе з Венгрыі ў Вільню і адбілі. Толькі пасля смерці Вітаўта ўсе справы ў Літве пайшлі наперакасяк, а на выкрадальнікаў нібы псаванне знайшла. Першы памёр у карчах. Другі павесіўся. А трэці, раскаяўшыся ў зробленым, прыняў схіму і пайшоў у манастыр. І, быццам бы, карону з сабой забраў.
dlga_oim_getman_mamay_korona_start_dlg_5:oim_getman_mamay_korona_start_dlg_6|А ў які манастыр сышоў выкрадальнік, твой Кабзар выпадкова не распавёў?
dlga_oim_getman_mamay_korona_start_dlg_6:oim_getman_mamay_korona_start_dlg_7|Не, куды там. Але калі я апошні раз быў на Хорціцы, бачыў там таго Кабзара. Давай-ка я з'езджу да яго па-ціхаму ды даведацца ўсё падрабязней.
dlga_oim_getman_mamay_korona_start_dlg_7:oim_getman_mamay_korona_start_dlg_8|Я не супраць. Адпраўляйся гэты ж гадзіну!
dlga_oim_getman_mamay_korona_start_dlg_8:oim_getman_mamay_korona_start_dlg_9|Толькі ты мне выдай 1500 талераў на выдаткі. Ці мала што ў шляху спатрэбіцца.
dlga_oim_getman_mamay_korona_start_dlg_9:oim_getman_mamay_korona_start_dlg_10|Вось, трымай. Толькі па карчмах ня дэбашырыць і ў бойкі не лезці!
dlga_oim_getman_mamay_korona_start_dlg_10:close_window|Не будзь ласкаў турбавацца. Памчуся, як вецер.
dlga_oim_getman_mamay_korona_finded_dlg:oim_getman_mamay_korona_finded_dlg_1|Вось і я! Значыць, дакладваю пан начальнік. Дэбошаў і боек па дарозе я не задавальняў. А калі і піў гарылку, то толькі для карысці справы. Цяжкі быў шлях, учора патраціў апошні талер...
dlga_oim_getman_mamay_korona_finded_dlg_1:oim_getman_mamay_korona_finded_dlg_2|Ты не цягні, справа кажы! Атрымалася высветліць што-небудзь?
dlga_oim_getman_mamay_korona_finded_dlg_2:oim_getman_mamay_korona_finded_dlg_3|Той Кабзар, пра які я казаў, памёр мінулым летам.
dlga_oim_getman_mamay_korona_finded_dlg_3:oim_getman_mamay_korona_finded_dlg_4|Усё прапала...
dlga_oim_getman_mamay_korona_finded_dlg_4:oim_getman_mamay_korona_finded_dlg_5|Усё, ды не ўсё. У Кабзара быў унучак-павадыр, які ўсе яго песні ды сказы запомніў. Ён-то мне і распавёў за хабар, што трэці шляхціц прыняў пострыг у тракайском манастыры. І назваў яго імя.
dlga_oim_getman_mamay_korona_finded_dlg_5:oim_getman_mamay_korona_finded_dlg_6|Стала быць, унучак у Цябе ўсё грошыкі выцягнуў? Далёка пойдзе малы Кабзар... Ну ды добра, паскакалі хутчэй у Трокі!
dlga_oim_getman_mamay_korona_finded_dlg_6:oim_getman_mamay_korona_finded_dlg_7|Унучак мне абышоўся ў палталера, за якія я купіў яму талерку баршчу з галушкамі. А ў Тракай ехаць не рацыя - я там ужо пабываў. Адтуль адправіўся ў Вільню, тры дні паіў Архіварыуса кафедральнага сабора, ох і моцны ж гарылку жэрці, схізматык! На тыя, што засталіся грошы замовіў тамтэйшаму пісцу спіс са старадаўняй рукапісы, дзе пра ўсё гэта і гаворыцца. Манахі-то не ведалі, пра каго і пра што ідзе гаворка...
dlga_oim_getman_mamay_korona_finded_dlg_7:oim_getman_mamay_korona_finded_dlg_8|Так, паглядзім, пра што ў старым рукапісе гаварылася: '...і быў пакаяўся ў граху страшным гэты муж прыняты ў манастырскае братэрства і пастрыжаны, узяў зарок маўчання і адправіўся схімнічаць ў таемнае прытулак у {s3}. І там ён скончыў дні свае ў катаваннях плоці, а тую рэч, што прынёс ён з сабой, схавалі ў яго келлі, каб дачакалася яна сваёй гадзіны...'
dlga_oim_getman_mamay_korona_finded_dlg_8:close_window|Дзякую за службу, Мамай! Пайду да вялікага князя...
dlga_oim_getman_hmel_korna_finded:oim_getman_hmel_korna_finded_1|Добрыя весткі, князь! Мне ўдалося высветліць, дзе знаходзіцца карона. Так што збірай войска і пайшлі яе забіраць.
dlga_oim_getman_hmel_korna_finded_1:oim_getman_hmel_korna_finded_2|Вестка і сапраўды добрая. Толькі войска збіраць нам ніяк немагчыма. Становішча маё нетрывалае, і ваяваць са святарамі я не магу. Трэба сказаць, што гэтая карона заўсёды захоўвалася ў маім родзе і чакала свайго часу.
dlga_oim_getman_hmel_korna_finded_2:oim_getman_hmel_korna_finded_3|І як жа ты прапануеш дзейнічаць?
dlga_oim_getman_hmel_korna_finded_3:lord_pretalk|А выхад тут адзін-апранайся манахам і адпраўляйся ў {s2}. Прабярэшся ў манастыр, дзейнічай па абставінах...
dlga_oim_getman_hmel_election_end_dlg:oim_getman_hmel_election_end_dlg_1|Ты сумленна выканаў свае абяцанні. Што ж, цяпер мая чарга. 
dlga_oim_getman_hmel_election_end_dlg_1:lord_pretalk|Дачакайся бліжэйшых выбараў, а я знайду магчымасць паўплываць на іх зыход. На жаль, у вас ёсць магутныя ворагі.
dlga_oim_getman_volhv_last_dlg:oim_getman_volhv_last_dlg_1|Добры дзень, {playername}.
dlga_oim_getman_volhv_last_dlg_1:oim_getman_volhv_last_dlg_2|Хто ты такі? Што вам трэба?
dlga_oim_getman_volhv_last_dlg_2:oim_getman_volhv_last_dlg_3|Я-адзін з служыцеляў Перуна. На Русі многія да гэтага часу пакланяюцца старажытным багам. Нас клічуць язычнікамі...
dlga_oim_getman_volhv_last_dlg_3:oim_getman_volhv_last_dlg_4|І што табе трэба?
dlga_oim_getman_volhv_last_dlg_4:oim_getman_volhv_last_dlg_5|У цябе ёсць адна рэч, якая належыць нам.
dlga_oim_getman_volhv_last_dlg_5:oim_getman_volhv_last_dlg_6|Гэта ты пра што?
dlga_oim_getman_volhv_last_dlg_6:oim_getman_volhv_last_dlg_7|Пра чорнага гетмана, які выкраў у нас Радзівіл. Аддай яго мне, гэты пернач павінен вярнуцца ў таемнае сьвятыню.
dlga_oim_getman_volhv_last_dlg_7:oim_getman_volhv_last_dlg_8|Баюся, што не змагу аддаць яго табе, язычнік. Гэты пернач валодае занадта вялікай сілай!
dlga_oim_getman_volhv_last_dlg_8:oim_getman_volhv_last_dlg_9|А вось у гэтым ты не мае рацыю, {playername}. Гэта не больш чым пернач. Даведаўшыся пра яго нібыта чароўным дзействе, ты паверыў ва ўласных сілах і ўявіў сябе непераможным ваяром.
dlga_oim_getman_volhv_last_dlg_9:oim_getman_volhv_last_dlg_10|Добра, вешчун, раз так, забірай Чорны Гетман. Спадзяюся, ён больш не спатрэбіцца Русі.
dlga_oim_getman_volhv_last_dlg_10:close_window|Бывай, {playername}.
dlga_oim_getman_barabash_casus_beli_dlg:oim_getman_barabash_casus_beli_dlg_1|Так, ёсць. Надышоў час аб'яднаць усе нашы народы і заснаваць новую дзяржаву.
dlga_oim_getman_barabash_casus_beli_dlg_1:oim_getman_barabash_casus_beli_dlg_2|І як жа яна будзе называцца? Рэч Паспалітая ці Маскоўскае царства?
dlga_oim_getman_barabash_casus_beli_dlg_2:oim_getman_barabash_casus_beli_dlg_3|Ні так, ні гэтак. Мы адновім Старажытнае Вялікае княства Русь.
dlga_oim_getman_barabash_casus_beli_dlg_3:oim_getman_barabash_casus_beli_dlg_4|На чале якога будзе стаяць ужо не гетман, а вялікі князь? А яго ўнукі будуць называць сябе царамі або каралямі? Не, хутчэй за ўсё, імператарамі...
dlga_oim_getman_barabash_casus_beli_dlg_4:oim_getman_barabash_casus_beli_dlg_5|Бач у корань. Але для пачатку патрабуецца заваяваць Рэч Паспалітую.
dlga_oim_getman_barabash_casus_beli_dlg_5:oim_getman_barabash_casus_beli_dlg_6|Ну, дык за чым жа справа стала? Ты-гетман, я-маршал. Аддай загад, і пойдзем у бой.
dlga_oim_getman_barabash_casus_beli_dlg_6:oim_getman_barabash_casus_beli_dlg_7|У нас заключаны саюз. Да таго ж палкоўнікі не хочуць гэтай вайны. Калі ты пачнеш ваенныя дзеянні, падданыя неадкладна ўзбунтуюцца.
dlga_oim_getman_barabash_casus_beli_dlg_7:oim_getman_barabash_casus_beli_dlg_8|І што ж ты прапануеш?
dlga_oim_getman_barabash_casus_beli_dlg_8:oim_getman_barabash_casus_beli_dlg_9|Вы павінны пакінуць службу. Потым ты захопіш горад Рэчы Паспалітай, ляхі вырашаць, што гэта наша праца, і абвесцяць нам вайну. Я ж змагу ўтрымаць сваіх палкоўнікаў, патлумачыўшы ім, што ты зрабіў гэта па асабістым пачыне.
dlga_oim_getman_barabash_casus_beli_dlg_9:oim_getman_barabash_casus_beli_dlg_10|Падступны план. Толькі ж потым любы Запарожскі палкоўнік будзе маім кроўным ворагам.
dlga_oim_getman_barabash_casus_beli_dlg_10:oim_getman_barabash_casus_beli_dlg_11|Гонар-справа нажыўная. Як толькі пачнецца вайна, я прыму цябе назад на службу. Для многіх гэта будзе пераканаўчай прычынай змяніць да цябе стаўленне. Ну а далей як звычайна - змагайся, атрымлівай перамогі і ўсё неўзабаве забудзецца.
dlga_oim_getman_barabash_casus_beli_dlg_11:oim_getman_barabash_casus_beli_dlg_12|Пагадзіцца
dlga_oim_getman_barabash_casus_beli_dlg_12:oim_getman_barabash_casus_beli_dlg_13|Іду на гэта дзеля святой справы-аднаўлення Старажытнай Русі. 
dlga_oim_getman_barabash_casus_beli_dlg_13:lord_pretalk|На тым і вырашылі. Праз некалькі дзён я прызначу выбары маршала, дзе тваёй кандыдатуры не будзе.
dlga_oim_getman_barabash_casus_beli_dlg_11:oim_getman_barabash_casus_beli_dlg_14|На здраду я не пайду, хай нават на ілжывае.
dlga_oim_getman_barabash_casus_beli_dlg_14:lord_pretalk|Я ўсё ж паспрабую пачаць вайну звычайным шляхам. А з бунтаўшчыкамі як-небудзь разбяруся...
dlga_oim_dmitriy_initial_dlg:oim_dmitriy_initial_dlg_1|Няўжо ў цары вырашыў падацца? Так усе месцы занятыя даўно. Хоць дрэнны той дваранін, які не носіць у переметной торбе шапку Манамаха. Да таго ж выпадкі ў гісторыі былі.
dlga_oim_dmitriy_initial_dlg_1:oim_dmitriy_initial_dlg_2|Якія выпадкі? Раскажы, пане.
dlga_oim_dmitriy_initial_dlg_2:oim_dmitriy_initial_dlg_3|Няўжо не ведаеш? Ледзь не шэсцьдзесят гадоў мінула з тых часоў, як у Ўглічы быў забіты сын цара Іаана Грознага - царэвіч Зміцер. Неўзабаве па Маскве папаўзлі чуткі, быццам забойцаў да яго падаслаў новы цар - Барыс Гадуноў. 
dlga_oim_dmitriy_initial_dlg_3:oim_dmitriy_initial_dlg_4|Гэта праўда?
dlga_oim_dmitriy_initial_dlg_4:oim_dmitriy_initial_dlg_5|Ды хто ж яго ведае, як яно насамрэч было. Сведак тых страшных спраў знішчалі разам з хутарамі і вёскамі. Дакладна толькі адно: як толькі загаварылі пра забойства, усё валадаранне Барыса пайшло наперакасяк.
dlga_oim_dmitriy_initial_dlg_5:oim_dmitriy_initial_dlg_6|Так, я нешта пра гэта чуў...
dlga_oim_dmitriy_initial_dlg_6:oim_dmitriy_initial_dlg_7|Нешта? Мне нябожчык дзед казаў пра тыя страшныя гадах. Пасярод жніўня на маскоўскія землі прыйшоў Мароз. Прапалі ўсе хлеба, і пачаўся вялікі мор, які працягваўся тры гады. Тады і аб'явіўся ў Польшчы чалавек, які называў сябе царэвічам Дзмітрыем.
dlga_oim_dmitriy_initial_dlg_7:oim_dmitriy_initial_dlg_8|Дык сын Іаана Грознага не быў забіты?
dlga_oim_dmitriy_initial_dlg_8:oim_dmitriy_initial_dlg_9|Гадуноў спрабаваў даказаць, што царэвіч мёртвы. Але гэты манах-растрыгу, Рыгор Атрэп'еў, распавядаў, быццам замест Дзмітрыя забілі Папоўскага сына, а яго выратавалі і схавалі ў манастыры верныя баяры.
dlga_oim_dmitriy_initial_dlg_9:oim_dmitriy_initial_dlg_10|І што ж, яму паверылі?
dlga_oim_dmitriy_initial_dlg_10:oim_dmitriy_initial_dlg_11|На жаль, так. Мала таго, яго падтрымалі ўсе польскія магнаты, якія спалі і бачылі на Маскоўскім троне свайго стаўленіка. На бок Лжэдзмітрыя перайшлі многія царкоўныя іерархі і знатныя баяры Русі. А данскія казакі і зусім адправілі да яго свайго челобитчика.
dlga_oim_dmitriy_initial_dlg_11:oim_dmitriy_initial_dlg_12|І што было далей?
dlga_oim_dmitriy_initial_dlg_12:oim_dmitriy_initial_dlg_13|Усім вядома. Атрэп'еў з невялікім атрадам пайшоў на Маскву. Пасланыя на ўціхамірванне войскі змянілі Гадунову і далучыліся да самазванцу. Пасля таго як баяры шляхетных родаў, Басманаў і Шуйскі, прысягнулі перад народам, што Атрэп'еў і ёсць царэвіч Дзмітрый, цар Барыс захварэў і неўзабаве памёр. А Рыгор Атрэп'еў, ці хто ён там быў на самай справе, увайшоў у Маскву і быў памазаны на царства як Дзмітрый I.
dlga_oim_dmitriy_initial_dlg_13:oim_dmitriy_initial_dlg_14|Вось значыць, як пачыналіся смутныя часы...
dlga_oim_dmitriy_initial_dlg_14:oim_dmitriy_initial_dlg_15|Так. Неўзабаве баяры, усумніўшыся, што Дзмітрый і на самай справе сын цара Іаана, забілі яго і наладзілі па Маскве Польскі пагром. Царом стаў Васіль Шуйскі, услед за ім прыйшоў яшчэ адзін Лжэдзмітрый, празваны Тушынскім злодзеем, а ўслед за ім самазванцы пачалі пладзіцца па Русі, як грыбы пасля дажджу...
dlga_oim_dmitriy_initial_dlg_15:oim_dmitriy_initial_dlg_16|Значыць, першы Лжэдзмітрый ўсё ж такі самазванец?
dlga_oim_dmitriy_initial_dlg_16:oim_dmitriy_initial_dlg_17|З тых часоў шмат вады выцякло... З тых, хто ведае праўду, ужо і ў жывых-то нікога не засталося. Хоць ведаю я аднаго чалавека, які быў у свіце Отрепьева...
dlga_oim_dmitriy_initial_dlg_17:oim_dmitriy_initial_dlg_18|Хто ён?
dlga_oim_dmitriy_initial_dlg_18:oim_dmitriy_initial_dlg_19|Бач, які шустры. Гэтыя звесткі дарагога каштуюць.
dlga_oim_dmitriy_initial_dlg_19:oim_dmitriy_initial_dlg_20|Чаго ж ты хочаш за іх?
dlga_oim_dmitriy_initial_dlg_20:oim_dmitriy_initial_dlg_21|Мне даручана прайсці з войскам па землях Рэчы Паспалітай і паваяваць палякаў. Дапамажы мне справіцца з даручэннем, разоры тры польскія вёскі-тады раскажу табе ўсё, што ведаю. Заадно і паглядзім, які ты сябар Маскоўскаму царству.
dlga_oim_dmitriy_initial_dlg_21:lord_pretalk|Я не ваюю з сялянамі.
dlga_oim_dmitriy_initial_dlg_21:lord_pretalk.1|Згода. Яно таго варта.
dlga_oim_dmitriy_loot_villages_end_dlg:oim_dmitriy_loot_villages_end_dlg_1|Ну што ж, я нядрэнна павесяліўся. Тры вёскі ляжаць у руінах. Так што пасылай пераможную рэляцыю цару, а мне раскажы, што абяцаў.
dlga_oim_dmitriy_loot_villages_end_dlg_1:lord_pretalk|Вось і слаўна! Будзь праклятыя гэтыя палякі, няма на іх Івана Сусаніна. Ну а той чалавек, што табе патрэбен, жыве ў паселішчы Тракай. Ён-былы казачы старшына па імі Герасім Евангелік.
dlga_oim_start_quest_trakay_icon:oim_start_quest_trakay_icon_1|Паселішча наша вялікае, хто тут толькі не жыве. Можа, ёсць такі, а можа, і няма.
dlga_oim_start_quest_trakay_icon_1:oim_start_quest_trakay_icon_2|Вось што, шаноўны, не дуры мне галаву. Калі ведаеш, дзе яго знайсці, але хочаш атрымаць хабар, так і скажы.
dlga_oim_start_quest_trakay_icon_2:oim_start_quest_trakay_icon_3|Ну, мзда яшчэ нікому не замінала. Аднак цяпер Тракаю не грошы патрэбныя, а дапамога.
dlga_oim_start_quest_trakay_icon_3:oim_start_quest_trakay_icon_4|І што ж за дапамогу?
dlga_oim_start_quest_trakay_icon_4:oim_start_quest_trakay_icon_5|"Няшчасце нас спасцігла, {спадар / спадарыня}... Была ў нас у сельскай капліцы цудатворны абраз. Якая-ніякая ды свая, праваслаўная. Яе яшчэ сам вялікі князь Яраслаў Мудры тут пакінуў, калі горад Юр'еў заклаў. Гэта ўжо потым мы сталі Трокаем звацца, на Літоўскі манер. Але на мінулым тыдні прыехаў з Вільні ксёндз з жолнерамі і абрабаваў капліцу - Павёз усё ""для патрэб касцёла""."
dlga_oim_start_quest_trakay_icon_5:oim_start_quest_trakay_icon_6|Ну і што ж ты хочаш ад мяне?
dlga_oim_start_quest_trakay_icon_6:oim_start_quest_trakay_icon_7|Знайдзі ксяндза і вярні нашу святыню. Ну а я цябе за гэта аддзячу. Даведацца, дзе Герасіма шукаць.
dlga_oim_start_quest_trakay_icon_7:oim_start_quest_trakay_icon_8|Трэба падумаць, Ойча. Я ж у тутэйшых месцах чалавек новы... Дзе вось мне твайго ксяндза шукаць?
dlga_oim_start_quest_trakay_icon_8:oim_start_quest_trakay_icon_9|Так ён у Вільні жыве, {спадар / спадарыня}. Там яго кожная сабака ведае.
dlga_oim_start_quest_trakay_icon_9:close_window|Добра, паспрабую вам дапамагчы.
dlga_oim_tracai_icon_done:oim_tracai_icon_done_1|Ну што, {добры чалавек / добрая спадарыня}, удалося адшукаць ксяндза? У цябе наш абраз?
dlga_oim_tracai_icon_done_1:oim_tracai_icon_done_2|Адшукаць. Гнацца прыйшлося за ім аж да самай Рыгі ды доўга пераконваць потым. Вось абраз ваша.
dlga_oim_tracai_icon_done_2:close_window|Усім паселішчам будзем пра цябе маліцца, {добры чалавек / добрая спадарыня}! Гэтай іконе ходзяць пакланіцца людзі з усіх навакольных паселішчаў... Мы ўсім раскажам, хто наш Збаўца. А што касаемо старога Герасіма, то ён і напраўду ў нас жыў. Толькі цяпер няма яго, сышоў у {s4}.
dlga_oim_dmitriy_gerasim_start_dlg:oim_dmitriy_gerasim_start_dlg_1|Стары, ці не ты Герасім Евангелік?
dlga_oim_dmitriy_gerasim_start_dlg_1:oim_dmitriy_gerasim_start_dlg_2|Ну, можа, і я. табе што за справа?
dlga_oim_dmitriy_gerasim_start_dlg_2:oim_dmitriy_gerasim_start_dlg_3|Я чуў, ты быў набліжаным Лжэдзмітрыя.
dlga_oim_dmitriy_gerasim_start_dlg_3:oim_dmitriy_gerasim_start_dlg_4|Можа, і быў, а можа, і не быў. Для чаго цікавішся?
dlga_oim_dmitriy_gerasim_start_dlg_4:oim_dmitriy_gerasim_start_dlg_5|Хачу даведацца, ці быў ён сапраўды выратаваным царэвічам Дзмітрыем ці не.
dlga_oim_dmitriy_gerasim_start_dlg_5:oim_dmitriy_gerasim_start_dlg_6|З тых дзён ужо паўстагоддзя мінула. Усе, хто жыў у смутныя часы, даўно ляжаць у магілах. Косткі Дзмітрыя даўно ўжо састлелі, а цяперашнія цары Раманавы паўсюдна здраджваюць яго анафеме...
dlga_oim_dmitriy_gerasim_start_dlg_6:close_window|Ты назваў яго не Рыгорам, а Дзмітрыем, Стары. Ці значыць гэта, што ён быў...
dlga_oim_dmitriy_gerasim_elder:oim_dmitriy_gerasim_elder_1|Ойча, я толькі што размаўляў са старым казаком, Герасімам. Не падкажаш, дзе ён цяпер?
dlga_oim_dmitriy_gerasim_elder_1:close_window|Герасім цяжка паранены. У адной з хат ён цяпер.
dlga_oim_dmitriy_gerasim_last:oim_dmitriy_gerasim_last_1|Я вярнуўся, стары. Мы адолелі разбойнікаў.
dlga_oim_dmitriy_gerasim_last_1:oim_dmitriy_gerasim_last_2|Я гляджу, ты-добры воін. І праўда хочаш даведацца пра царэвіча Дзмітрыя?
dlga_oim_dmitriy_gerasim_last_2:oim_dmitriy_gerasim_last_3|Так, стары. Жадаць.
dlga_oim_dmitriy_gerasim_last_3:oim_dmitriy_gerasim_last_4|Рана мая глыбокая. Падобна на тое, жыць мне засталося нядоўга. Ну, раскажу, што паспею. У тыя часы я быў сечевым старшыной. Мой атрад хаваўся ў дняпроўскіх плаўнях і здзяйсняў набегі на літвінаў, Ляхаў і маскалёў. Аднойчы да нас у лагер прыбыў парубок гадоў дваццаці пяці. Назваўся беглым манахам Рыгорам, сказаў, што ў свеце зваўся Юрыем, сынам Галіцкага Баярына Багдана Якава Замятні-Отрепьева - стралецкага сотніка, якога ў Маскве зарэзаў п'яны Літвін. Рыгор папрасіўся да мяне ў атрад, хацеў, каб яго навучылі валодаць мячом і скакаць верхам. Мне тады кожны казак быў на вагу золата. Узяў я яго да сябе, навучыў і стаў браць у набегі.
dlga_oim_dmitriy_gerasim_last_4:oim_dmitriy_gerasim_last_5|Гэта і быў будучы цар Дзмітрый?
dlga_oim_dmitriy_gerasim_last_5:oim_dmitriy_gerasim_last_6|Ён самы. Пазней я даведаўся, што ён да манаства жыў у Маскве і служыў у доме ў князя Барыса Чаркаскага. Рыгор ведаў грамату і паказваў шмат розуму. Ды і не падобны ён быў на худородного Баярына. Гэта цяпер кажуць, быццам быў ён непрыгожы, криворук і кривоног. На самай справе быў ён на выгляд сапраўдным князем. А тыя, хто ганараваўся знацца з царом Янам Васільевічам прызнавалі, што быў ён падобны на Грознага больш, чым старэйшы яго сын - забіты Ян...
dlga_oim_dmitriy_gerasim_last_6:oim_dmitriy_gerasim_last_7|І што было далей?
dlga_oim_dmitriy_gerasim_last_7:oim_dmitriy_gerasim_last_8|Неўзабаве Дзмітрый сышоў ад нас, прыбудаваўся ў збраяносцы да князя Адаму Вішнявецкаму і там адкрыў сваё сапраўднае імя. Тады па ўсёй Русі пайшла пагалоска аб законным спадчынніку пасаду.
dlga_oim_dmitriy_gerasim_last_8:oim_dmitriy_gerasim_last_9|Я чуў, ты быў сярод яго бліжэйшых паплечнікаў.
dlga_oim_dmitriy_gerasim_last_9:oim_dmitriy_gerasim_last_10|Гэта праўда. Пасля таго як Дзмітрый Іаанавіч пабачыўся з польскім каралём Жыгімонтам і быў прызнаны законным прэтэндэнтам на Маскоўскае царства, ён даслаў за мной. Прапанаваў узначаліць сотню сваёй асабістай аховы. Я пагадзіўся.
dlga_oim_dmitriy_gerasim_last_10:oim_dmitriy_gerasim_last_11|Ты паверыў, што ён не самазванец, а сапраўдны царэвіч?
dlga_oim_dmitriy_gerasim_last_11:oim_dmitriy_gerasim_last_12|Так, паверыў. Ён мне паказаў залаты крыж, абсыпаны каштоўнымі камянямі і дадзены яму хросным бацькам - князем Іванам Мсціслаўскім. Да таго ж, сапраўдны Юрый Замятня-Атрэп'еў памёр у маленстве, я сам у Галіч ездзіў, правяраў. Ды і прымета ў яго асаблівая была - радзімка, пра якую ведала царская чэлядзь.
dlga_oim_dmitriy_gerasim_last_12:oim_dmitriy_gerasim_last_13|Стала быць, Дзмітрый і быў сапраўдным царом.
dlga_oim_dmitriy_gerasim_last_13:oim_dmitriy_gerasim_last_14|Выходзіць так. Толькі процарствовал нядоўга. Палякі з езуітамі, якім ён адмовіўся аддаваць абяцаныя рускія землі, адвярнуліся ад яго і здрадзілі мяцежным баярам. Смерць яго была страшнай.
dlga_oim_dmitriy_gerasim_last_14:oim_dmitriy_gerasim_last_15|А ты-то як выратаваўся?
dlga_oim_dmitriy_gerasim_last_15:oim_dmitriy_gerasim_last_16|Дзмітрый даведаўся пра змову. Паслаў Мяне ў Варшаву з таемным лістом да караля. Але не паспеў я пакінуць горад, як даведаўся пра яго смерць. Пераапрануўшыся простым казаком, я вярнуўся ў палац, але застаў толькі яго разадранае цела. Побач я знайшоў той самы крыж.
dlga_oim_dmitriy_gerasim_last_16:oim_dmitriy_gerasim_last_17|Значыць, з тых часоў ты бадзяешся?
dlga_oim_dmitriy_gerasim_last_17:oim_dmitriy_gerasim_last_18|Бадзяцца. Толькі шлях мой, падобна, падышоў да канца. Вось што я табе скажу. Бачыш куфэрак? У ім добры пістоль, трохі срэбра, назапашанага на чорны дзень, і крыж цара Дзмітрыя. Забіраць. Распарадзіся, як палічыш патрэбным.
dlga_oim_dmitriy_gerasim_last_18:oim_dmitriy_gerasim_last_19|Дзякуй табе, Стары.
dlga_oim_dmitriy_gerasim_last_19:close_window|Няма за што дзякаваць. Адпомсці за Дзмітрыя забойцам, гэта і будзе твая падзяка. Многія баяры слупковых родаў незадаволеныя Раманавымі. Адшукай Маскоўскага маршала-ваяводу і увайдзі да яго ў давер. А цяпер ідзі... Сяляне пахаваюць мяне па-хрысціянску.
dlga_oim_dmitriy_elena_init_dlg:oim_dmitriy_elena_init_dlg_1|{Пане / васпані}, якім ветрам цябе занесла ў нашы землі? Мы чулі, што шведы напалі на Польшчу. Веча хвалюецца, усе дарогі перакрытыя, купцы не возяць тавар і сядзяць у горадзе без усялякай выгады.
dlga_oim_dmitriy_elena_init_dlg_1:oim_dmitriy_elena_init_dlg_2|Табе паклон ад Герасіма па мянушцы Евангелік.
dlga_oim_dmitriy_elena_init_dlg_2:oim_dmitriy_elena_init_dlg_3|Хм... Э... Які такі Герасім? Першы раз чую ...
dlga_oim_dmitriy_elena_init_dlg_3:oim_dmitriy_elena_init_dlg_4|Той, што вядомы табе яшчэ па смутных часах. Ён перад смерцю загадаў табе кланяцца. 
dlga_oim_dmitriy_elena_init_dlg_4:oim_dmitriy_elena_init_dlg_5|Перад смерцю, кажаш?  Вось і слава Бо... Гэта значыць, я хачу сказаць, гэта, вядома, вялікае гора... Я ніяк у толк не вазьму, пра каго ты кажаш?
dlga_oim_dmitriy_elena_init_dlg_5:oim_dmitriy_elena_init_dlg_6|Пра Казака, які быў сотнікам асабістай аховы царэвіча Дзмітрыя ...
dlga_oim_dmitriy_elena_init_dlg_6:oim_dmitriy_elena_init_dlg_7|Маўчы, няшчасны! Ніякіх Дзмітрыеў я не ведаю. А тое, што мой бацька па здзіўленні самазванца Лжэдзмітрыя падтрымаў, так за тое наш род панёс ужо цяжкую кару. Так што не бядуй мінулае ды ідзі падабру-павітаю.
dlga_oim_dmitriy_elena_init_dlg_7:oim_dmitriy_elena_init_dlg_8|Разумею цябе, ваявода. Часы сягоння цяжкія... Таму, хто мінулае спамяне, не тое што вока вунь-часам і галаву з плячэй. Увогуле, я табе нічога не казаў - Ты нічога не чуў.
dlga_oim_dmitriy_elena_init_dlg_8:oim_dmitriy_elena_init_dlg_9|А ты, як я пагляджу, розумам остер ды на мову спрытны. Такія, як ты, мне і патрэбныя. Ёсць адно далікатнае справа, якое я магу табе даручыць.
dlga_oim_dmitriy_elena_init_dlg_9:oim_dmitriy_elena_init_dlg_10|Што за справа? Я як раз шукаю, дзе б славы зарабіць ды мошну набіць.
dlga_oim_dmitriy_elena_init_dlg_10:oim_dmitriy_elena_init_dlg_11|У нас у Ноўгарадзе гасцюе пляменніца шведскага караля-Элеанора. Вось табе загад: суправадзіць прынцэсу ў Алленштейнский замак, дзе цяпер трымае стаўку Карл Густаў. Калі табе ўдасца гэта зрабіць, ты заслужыш царскую ласку і падзяку шведскага караля. Ды і ад мяне атрымаеш узнагароду. Так, ледзь не забыўся, начальнік турмы выдасць табе ўсё неабходнае.
dlga_oim_dmitriy_elena_init_dlg_11:lord_pretalk|Што ж, такое даручэнне па мне. Я не супраць убачыць Карла.
dlga_oim_dmitriy_eleonora_mayor_talk:close_window|Ну і выдатна. Зараз рэчы пагрузім, і можаш везці госцю...
dlga_oim_dmitriy_eleonora_dlg:oim_dmitriy_eleonora_dlg_1|Паслухай, {playername}. Я павінна сёе-тое табе расказаць!
dlga_oim_dmitriy_eleonora_dlg_1:close_window|Мне цяпер не да размоў.
dlga_oim_dmitriy_eleonora_dlg_1:oim_dmitriy_eleonora_dlg_2|Слухаю цябе.
dlga_oim_dmitriy_eleonora_dlg_2:oim_dmitriy_eleonora_dlg_3|У Ноўгарадзе я рота не магла раскрыць. Тамтэйшы ваявода хоча адразу ўсім дагадзіць-і наўгародскаму веча, і маскоўскаму цару, ды і перад шведскім каралём жадае выслужыцца. Ён жа не сказаў табе, хто я такая насамрэч?
dlga_oim_dmitriy_eleonora_dlg_3:oim_dmitriy_eleonora_dlg_3_neg|Мяне гэта не цікавіць.
dlga_oim_dmitriy_eleonora_dlg_3_neg:close_window|Будзь ты хоць любімая жонка турэцкага султана, я цябе дастаўлю ў Алленштейнский замак у што б там ні стала.
dlga_oim_dmitriy_eleonora_dlg_3:oim_dmitriy_eleonora_dlg_4|Мабыць, не. І хто ж ты такая?
dlga_oim_dmitriy_eleonora_dlg_4:oim_dmitriy_eleonora_dlg_5|Я не родная пляменніца Карлу. Я былая жонка яго пляменніка-Олафа. Мяне клічуць Аляўціна, і я адзіная дачка Баярына Мікіты Адоеўскага. Мяне выдалі замуж па патрабаванні караля Карла.
dlga_oim_dmitriy_eleonora_dlg_5:oim_dmitriy_eleonora_dlg_6|Але мне сказалі, што цябе трымаюць у закладніцах у Ноўгарадзе.
dlga_oim_dmitriy_eleonora_dlg_6:oim_dmitriy_eleonora_dlg_7|Цябе падманулі. Мой муж, Олаф, памёр тры месяцы таму ад абжорства. Адразу ж пасля пахавання я збегла ў Ноўгарад, але ваявода, баючыся гневу Карла, вырашыў выдаць мяне назад. А ўпіраўся толькі для выгляду.
dlga_oim_dmitriy_eleonora_dlg_7:close_window|Для мяне гэта нічога не значыць. Едзем далей.
dlga_oim_dmitriy_eleonora_dlg_7:oim_dmitriy_eleonora_dlg_8|- А вам не вельмі хочацца ў Алленштейнский замак?
dlga_oim_dmitriy_eleonora_dlg_8:oim_dmitriy_eleonora_dlg_9|Адвязі мяне да бацюшкі, {пане / васпані}. Ён цябе шчодра ўзнагародзіць.
dlga_oim_dmitriy_eleonora_dlg_9:close_window|Даруй, але я выканаю загад, нягледзячы ні на што.
dlga_oim_dmitriy_eleonora_dlg_9:close_window.1|Ну што ж. Была ні была. Едзем да твайго бацькі.
dlga_oim_dmitriy_eleonora_delivered_shwed:oim_dmitriy_eleonora_delivered_shwed_1|Гасудар! Твая пляменніца, Элеанора, дастаўлена цэлай і цэлай. Рады быў табе паслужыць.
dlga_oim_dmitriy_eleonora_delivered_shwed_1:oim_dmitriy_eleonora_delivered_shwed_2|Ты нават не ўяўляеш, як я рады. Тым больш што цяпер маскоўскі цар Аляксей не зможа больш выкручваць мне рукі. Дзякую Табе за выдатную службу!
dlga_oim_dmitriy_eleonora_delivered_shwed_2:oim_dmitriy_eleonora_delivered_shwed_3|А ці няма ў цябе яшчэ якога даручэння для мяне, васпан?
dlga_oim_dmitriy_eleonora_delivered_shwed_3:lord_pretalk|Адпраўляйся да маскоўскага цара і перадай ад мяне падзяку за сваячку.
dlga_oim_dmitriy_eleonora_delivered_odoevskiy:oim_dmitriy_eleonora_delivered_odoevskiy_1|Доўга ж я да цябе дабіраўся, ваявода. Прывёз табе з Ноўгарада дачку.
dlga_oim_dmitriy_eleonora_delivered_odoevskiy_1:oim_dmitriy_eleonora_delivered_odoevskiy_2|Вось дзякуй табе за службу такую, {пане/васпані}! Без шчодрага ўзнагароджання цябе не адпушчу.
dlga_oim_dmitriy_eleonora_delivered_odoevskiy_2:oim_dmitriy_eleonora_delivered_odoevskiy_3|Можа, я яшчэ чым магу табе паслужыць, ваявода?
dlga_oim_dmitriy_eleonora_delivered_odoevskiy_3:lord_pretalk|Можаш, {пане / васпані}. Едзь у Маскву і перадай цару Аляксею Міхайлавічу маё пасланне.
dlga_oim_dmitriy_leter_delevered_msk:oim_dmitriy_leter_delevered_general|Васпан. Баярын Мікіта Адоеўскага паклоны б'е за выратаванне яго дачкі.
dlga_oim_dmitriy_leter_delevered_shwed:oim_dmitriy_leter_delevered_general|Гасудар, шведскі кароль Карл Густаў здраджвае табе падзяку за тое, што вярнуў яго пляменніцу.
dlga_oim_dmitriy_leter_delevered_general:oim_dmitriy_leter_delevered_general_1|Ну што ж, дзякуй за службу. Хто ты і адкуль?
dlga_oim_dmitriy_leter_delevered_general_1:oim_dmitriy_leter_delevered_general_2|Мяне клічуць {playername}. Я хачу паступіць да цябе на службу, васпан.
dlga_oim_dmitriy_leter_delevered_general_2:oim_dmitriy_leter_delevered_general_3|Ну што ж, добрыя воіны патрэбныя Маскоўскаму царству. Падыдзі бліжэй. Схілі калені.
dlga_oim_dmitriy_leter_delevered_general_3:oim_dmitriy_leter_delevered_general_4|Слухаюся, васпан!
dlga_oim_dmitriy_leter_delevered_general_4:oim_dmitriy_leter_delevered_general_5|Што за крыж у цябе на шыі? Ён мне знаёмы. Дакладна такі ж захоўваецца ў Зброевай палаце. Гэтыя два крыжы былі выраблены па загадзе Івана Грознага для яго сыноў. Дзе просты воін мог яго здабыць?
dlga_oim_dmitriy_leter_delevered_general_5:oim_dmitriy_leter_delevered_general_6|Паслухай, пане...
dlga_oim_dmitriy_leter_delevered_general_6:oim_dmitriy_leter_delevered_general_7|Не, нават слухаць не хачу! Гэты крыж можа быць альбо ў самазванца, альбо ў яго сына. У таемным загадзе ўсю паднаготную выведаюць.
dlga_oim_dmitriy_leter_delevered_general_7:close_window|Варта! Ўзяць яго!
dlga_oim_dmitriy_razin_init_dlg:oim_dmitriy_razin_init_dlg_1|Цар Аляксей Міхайлавіч прызначыў за галаву новага самазванца вялікую ўзнагароду. Ходзяць чуткі, быццам ён унук самазванца-Грышкі Отрепьева.
dlga_oim_dmitriy_razin_init_dlg_1:oim_dmitriy_razin_init_dlg_2|Дзмітрый быў сапраўдным сынам Івана Грознага. А хто гэты ўнучак насамрэч-аднаму Богу вядома. 
dlga_oim_dmitriy_razin_init_dlg_2:lord_pretalk|Чуў ты, можа? На Доне аб'явіўся атаман Сцяпан Разін. Ён таксама сцвярджае, што пры Ім законны спадчыннік прастола.
dlga_oim_dmitriy_king_talk:close_window|Жывы, ды яшчэ маеш нахабства да мяне ў палаты ўваходзіць! Варта ў стрэльбу!
dlga_oim_dmitriy_king_talk:close_window.1|А ты той яшчэ дурань! Што ж, твая смерць будзе такой жа хуткай, як і смерць Грышкі Отрепьева...
dlga_oim_dmitriy_talk_razin_first:oim_dmitriy_talk_razin_first_1|Яшчэ б не шукаць. Усе станіцы чуткамі поўняцца, быццам нарэшце аб'явіўся законны спадчыннік роду Рурыкавічаў, праўнук Іаана і ўнук яго сына, Дзмітрыя.
dlga_oim_dmitriy_talk_razin_first_1:oim_dmitriy_talk_razin_first_2|Ну, што тут сказаць...
dlga_oim_dmitriy_talk_razin_first_2:oim_dmitriy_talk_razin_first_3|А што ні кажы - народ не падманеш. Мудры народ, ён Сапраўднага цара ад самазванца завсегда адрозніць.
dlga_oim_dmitriy_talk_razin_first_3:oim_dmitriy_talk_razin_first_4|Няўжо табе няважна, хто я насамрэч?
dlga_oim_dmitriy_talk_razin_first_4:oim_dmitriy_talk_razin_first_5|Галоўнае, каб чалавек добры трапіўся, за якім пойдуць народ ды баяры. Ну дык што, згодны далучыцца да паўстання, царэвіч Зміцер?
dlga_oim_dmitriy_talk_razin_first_5:oim_dmitriy_talk_razin_first_5_pos|Пагадзіцца
dlga_oim_dmitriy_talk_razin_first_5_pos:oim_dmitriy_talk_razin_first_5_pos_1|Дзе наша не прападала. Чым з мяне не цар, урэшце? Кідай кліч, атаман. Назаўтра выступаем у паход.
dlga_oim_dmitriy_talk_razin_first_5_pos_1:close_window|Ну вось і хвалебна...
dlga_oim_dmitriy_talk_razin_first_5:oim_dmitriy_talk_razin_first_5_neg|Адмовіцца
dlga_oim_dmitriy_talk_razin_first_5_neg:close_window|Твой бунт-прамая дарога на лобнае месца. Чацвяртуюць нас з табой, хваробавы, не паспеем і да Тулы дайсці. Пачакаем да лепшых часоў.
dlga_oim_dmitriy_razin_sp_task:oim_dmitriy_razin_boyars_task|Так, трэба сёе-тое зрабіць. Калі не здолеем прыцягнуць на свой бок баяраў, справа наша асуджана на правал.
dlga_oim_dmitriy_razin_boyars_task:oim_dmitriy_razin_boyars_task_1|Што ты прапануеш?
dlga_oim_dmitriy_razin_boyars_task_1:oim_dmitriy_razin_boyars_task_2|Адзін беглы халоп, што служыў у панскім доме, распавёў, быццам у яго былога гаспадара, ваяводы Мікіты Адоеўскага, часцяком збіраліся знатныя баяры ды вялі крамольныя прамовы, называючы цароў Раманавых худароднымі выскачкамі.
dlga_oim_dmitriy_razin_boyars_task_2:oim_dmitriy_razin_boyars_task_3|Прапануеш перагаварыць з Адоеўскім?
dlga_oim_dmitriy_razin_boyars_task_3:oim_dmitriy_razin_boyars_task_4|Так. Скачы да яго і паспрабуй схіліць на наш бок.
dlga_oim_dmitriy_razin_boyars_task_4:supported_pretender_pretalk|Добра. Выязджаю зараз жа.
dlga_oim_biyars_specnaz_init_dlg:oim_biyars_specnaz_init_dlg_1|Крамольнае пытанне ты мне задаў. За меншае цікаўнасць можна лёгка загрымець у таемны загад. І калі б не крыж Рурыкавічаў у цябе на шыі, я так бы і зрабіў...
dlga_oim_biyars_specnaz_init_dlg_1:oim_biyars_specnaz_init_dlg_2|Вы ўжо ведаеце, хто я такі?
dlga_oim_biyars_specnaz_init_dlg_2:oim_biyars_specnaz_init_dlg_3|Мне вядома пра ўсё, што ў Маскоўскім царстве дзеецца. Мыш у царскай апачывальні чхне-ужо даносяць. Чуў я, што сам цар Аляксей прызнаў у табе нашчадка Рурыкавічаў і абвясціў у вышук. 
dlga_oim_biyars_specnaz_init_dlg_3:oim_biyars_specnaz_init_dlg_4|Мне таксама шмат чаго вядома. Напрыклад, пра тое, што ты, адзін з адданых прыхільнікаў цара Аляксея, ўладкоўваеш таемныя баярскія сходы і задумляеш нядобрае. 
dlga_oim_biyars_specnaz_init_dlg_4:oim_biyars_specnaz_init_dlg_5|Мы, блізкія баяры з слупковых рускіх родаў, Раманавых на царства паставілі - мы ж іх і скінуць можам. Цар Аляксей, узмужнеў, вырашыў сваім розумам прабівацца. Патрыярха Нікана, ерэтыка, падтрымаў у яго рэформах і тым самым праваслаўную царкву раскалоў. Што ён яшчэ ўдумае - цяжка сказаць. Таму мы, баяры, радзеючы пра дабро Айчыны, і збіраемся ўпотай...
dlga_oim_biyars_specnaz_init_dlg_5:oim_biyars_specnaz_init_dlg_6|Рэдкі выпадак, калі народ і баярства адзіныя ў сваіх намерах. Мы з атаманам Разіным заклікаем цябе выступіць супраць нягоднікаў Раманавых і прывесці ў Крэмль Сапраўднага цара.
dlga_oim_biyars_specnaz_init_dlg_6:oim_biyars_specnaz_init_dlg_7|Пры падтрымцы Разіна мы, вядома, маглі б адхіліць Раманавых ад улады. Род іх худ, і калі аб'явіцца прамы нашчадак Рурыкавічаў, то мы яго падтрымаем. Але выступіць цяпер супраць цара я ніяк не магу.
dlga_oim_biyars_specnaz_init_dlg_7:oim_biyars_specnaz_init_dlg_8|Што так, баярын?
dlga_oim_biyars_specnaz_init_dlg_8:oim_biyars_specnaz_init_dlg_9|Не да таго мне цяпер, {пане / васпані}. Дачка мая, кровинушка, Аляўціна, трапіла ў поўны да татараў. Я з войскам з горада сышоў, а яны набег стварылі ды з церама яе і забралі. Калі Аляўціна загіне ў татарскай няволі, я сабе ніколі не дарую. Выручыць яе-мая найпершая справа цяпер.
dlga_oim_biyars_specnaz_init_dlg_9:oim_biyars_specnaz_init_dlg_10|Спачуваю твайму гору. Але чым гэта няшчасце перашкаджае табе выступіць супраць Аляксея?
dlga_oim_biyars_specnaz_init_dlg_10:oim_biyars_specnaz_init_dlg_11|Маскоўскі цар паабяцаў, што адправіць у Крым пасольства і даб'ецца, каб Аляўціну вярнулі дадому. А калі цар мне саслужыць такую службу, то і я яму буду служыць верай і праўдай.
dlga_oim_biyars_specnaz_init_dlg_11:oim_biyars_specnaz_init_dlg_12|А калі Я вызвалю Аляўціну з палону?
dlga_oim_biyars_specnaz_init_dlg_12:oim_biyars_specnaz_init_dlg_13|Вось табе Маё слова. Як толькі вернеш Аляўціну дадому, я і сам далучуся да правай справы, і астатніх баяраў прывяду.
dlga_oim_biyars_specnaz_init_dlg_13:oim_biyars_specnaz_init_dlg_14|Дзе мне яе шукаць, не падкажаш?
dlga_oim_biyars_specnaz_init_dlg_14:close_window|У кафэ галоўны нявольніцкі рынак. Едзь туды, паспрабуй даведацца пра яе.
dlga_oim_dmitriy_nikita_auto_responce:close_window|Я гляджу, Аляўціны пры табе няма, так што не марнуй мой час...
dlga_oim_dmitriy_ransom_brok_dlg:oim_dmitriy_ransom_brok_dlg_1|Малая-малая, аднак. Ясырь з Русі прывезлі, там быў девушк, надта прыгожы, але надта злы.
dlga_oim_dmitriy_ransom_brok_dlg_1:oim_dmitriy_ransom_brok_dlg_2|"І дзе цяпер гэты""надта злы дзяўчын""?"
dlga_oim_dmitriy_ransom_brok_dlg_2:oim_dmitriy_ransom_brok_dlg_3|Зусім дрэнна чуць, аднак. Па-руску нічога не разумець...
dlga_oim_dmitriy_ransom_brok_dlg_3:oim_dmitriy_ransom_brok_dlg_4|Спачуваць. Якая сума дапаможа табе выгаіцца ад глухаты?
dlga_oim_dmitriy_ransom_brok_dlg_4:oim_dmitriy_ransom_brok_dlg_5|Аднак, не надта вялікі сума. Усяго 3000 талераў.
dlga_oim_dmitriy_ransom_brok_dlg_5:oim_dmitriy_ransom_brok_dlg_6|Добра, бяры грошы і расказвай...
dlga_oim_dmitriy_ransom_brok_dlg_6:ransom_broker_pretalk|Слухай, {спадар / спадарыня}: Баярскі Дачка Аляўціна быў у ясырь ў кафэ. Яна прададзены быў, думаць, яе купіць нейкі {s2}. Яна разам з ім у {s3} з'ехаць.
dlga_oim_dmitriy_ransom_brok_dlg_5:ransom_broker_pretalk|Я потым зайду...
dlga_oim_dmitriy_aletina_hanum_murza_dlg:oim_dmitriy_aletina_hanum_murza_dlg_1|У імя Алаха! Гэтая дзяўчына занадта дорага мне абышлася. На гэтыя грошы можна было яшчэ адзін палац пабудаваць! Тым больш што яна цяпер не наложніца ў мяне, а жонка. Каханая. Ні пра якое вяртанне не можа быць і гаворкі.
dlga_oim_dmitriy_aletina_hanum_murza_dlg_1:oim_dmitriy_aletina_hanum_murza_dlg_2|А калі я заплачу табе за яе?
dlga_oim_dmitriy_aletina_hanum_murza_dlg_2:oim_dmitriy_aletina_hanum_murza_dlg_3|Ну, калі ты мне прапануеш тысяч сто, то я яшчэ падумаю.
dlga_oim_dmitriy_aletina_hanum_murza_dlg_3:lord_pretalk|У мяне няма такіх грошай.
dlga_oim_dmitriy_aletina_hanum_murza_dlg_3:lord_pretalk.1|Атрымай і распішыся.
dlga_oim_dmitriy_aletina_hanum_murza_dlg_3:lord_pretalk.2|Ну што ж, пашукаем іншы спосаб.
dlga_oim_dmitriy_aletina_hanum_murza_dlg_3:close_window|Рыхтуйся да сутычкі!
dlga_oim_dmitriy_aletina_hanum_murza_dlg_3:oim_dmitriy_aletina_hanum_murza_dlg_castle|Што ж, не хочаш па-добраму, будзе па-дрэннаму.
dlga_oim_dmitriy_aletina_hanum_murza_dlg_castle:close_window|Вазьму глог, а заадно і твой гарадок.
dlga_oim_dmitriy_aletina_hanum_murza_dlg_3:lord_pretalk.3|Ну, на нішто і суда няма. 
dlga_oim_dmitriy_alevtina_guard_dlg:oim_dmitriy_alevtina_guard_dlg_1|Стой, хто ідзе!
dlga_oim_dmitriy_alevtina_guard_dlg_1:oim_dmitriy_alevtina_guard_dlg_2|Новы лекар. Іду аглядаць жонак мурзы па яго загаду.
dlga_oim_dmitriy_alevtina_guard_dlg_2:oim_dmitriy_alevtina_guard_dlg_3|Нешта я цябе тут раней не бачыў.
dlga_oim_dmitriy_alevtina_guard_dlg_3:oim_dmitriy_alevtina_guard_dlg_4|Ды я толькі ўчора прыехаў.
dlga_oim_dmitriy_alevtina_guard_dlg_4:close_window|Ну добра, праходзь.
dlga_oim_dmitriy_alevtina_guard_dlg_4:oim_dmitriy_alevtina_guard_dlg_5|Лекар-ня лекар, мне справы няма. Правіла адно для ўсіх - у гарэм дапускаюцца толькі еўнухі. Дакажы, што ты еўнух, тады праходзь.
dlga_oim_dmitriy_alevtina_guard_dlg_5:oim_dmitriy_alevtina_guard_dlg_6|Ды я зараз з цябе самога еўнуха зраблю!
dlga_oim_dmitriy_alevtina_guard_dlg_6:close_window|Варта! Напад!
dlga_oim_dmitriy_alevtina_garem_dlg:oim_dmitriy_alevtina_garem_dlg_1|Вось і сустрэліся зноў, баярышня.
dlga_oim_dmitriy_alevtina_garem_dlg_1:oim_dmitriy_alevtina_garem_dlg_2|Якая я табе глогу? Я любімая жонка мурзы, Аляўціна-ханум.
dlga_oim_dmitriy_alevtina_garem_dlg_2:oim_dmitriy_alevtina_garem_dlg_3|Вось што, хопіць тут з сябе адлюстроўваць. Збірайся хутчэй, паедзеш са мной. Бацька цябе чакае.
dlga_oim_dmitriy_alevtina_garem_dlg_3:oim_dmitriy_alevtina_garem_dlg_4|Ехаць дадому? Сядзець у светелке з верацяном, глядзець у акенцы ды мерзнуць зімой, калі гурбы ў чалавечы рост наметет? Ні за што. Тут у мяне свае пакоі, прыслуга, багатыя ўборы, каштоўнасці. Мурза мяне любіць...
dlga_oim_dmitriy_alevtina_garem_dlg_4:close_window|Будзеш тут разважаць, паедзеш дадому загорнутай у дыван. Жыва збірайся!
dlga_oim_alevtina_delivered_dlg:oim_alevtina_delivered_dlg_1|Радуйся, баярын, дачка твая вярнулася ў сваю святліцу. Толькі не спяшайся пакуль яе наведваць, прытамілася яна з дарогі. Ды і ўгавор у нас з табой.
dlga_oim_alevtina_delivered_dlg_1:oim_alevtina_delivered_dlg_2|Вось шчасце-то! Ключніца, нясі хутчэй гарэлку, баляваць будзем! Злітаваўся нада мной Гасподзь-Дачка родную, адзіную ў бацькаву хату вярнуў.
dlga_oim_alevtina_delivered_dlg_2:oim_alevtina_delivered_dlg_3|Кхм... Баляваць гэта, вядома, добра. Ды толькі справа не трывае. Ці выканаеш сваё абяцанне?
dlga_oim_alevtina_delivered_dlg_3:lord_pretalk|Як не выканаць? Цяпер Аляўціна дома, і я нічым не абавязаны цару. Задамо спякоту гэтым Падманавым-Раманавым. Размяшчай мной і маім войскам, а яшчэ вазьмі вось гэтую граматку. Яна дапаможа табе іншых баяраў на свой бок схіліць.
dlga_oim_dmitriy_rebelion_suggest_letter:lord_pretalk|Баярын сцвярджае, што ты ўнук самога Дзмітрыя...
dlga_oim_dmitriy_sarin_na_kichku_dlg:oim_dmitriy_sarin_na_kichku_dlg_1|Віншую, {playername}. Паўстанне шырыцца, і да яго прымыкае ўсё больш і больш баяраў. Але ва ўсіх узнікае законнае пытанне. Вось скінем мы найціхі, і хто тады будзе памазаны на царства?
dlga_oim_dmitriy_sarin_na_kichku_dlg_1:oim_dmitriy_sarin_na_kichku_dlg_2|Я пра гэта яшчэ не думаў. Спачатку будзе Разін, потым збярэцца Земскі сабор.
dlga_oim_dmitriy_sarin_na_kichku_dlg_2:oim_dmitriy_sarin_na_kichku_dlg_3|Разін? Ды нашы дзяды і прадзеды ў трунах перавярнуцца, калі ў Гранавітай палаце хоць паўдня прабудзе гэты беглы разбойнік. Ведай: прызнаеш атамана кіраўніком-баяры за табой не пойдуць.
dlga_oim_dmitriy_sarin_na_kichku_dlg_3:oim_dmitriy_sarin_na_kichku_dlg_4|І што ж ты прапануеш?
dlga_oim_dmitriy_sarin_na_kichku_dlg_4:oim_dmitriy_sarin_na_kichku_dlg_5|Быццам сам не разумееш? На што ставіць у раздзел дзяржавы казацкага атамана або збіраць нікчэмную гаварыльню, калі сярод нас законны спадчыннік прастола.
dlga_oim_dmitriy_sarin_na_kichku_dlg_5:oim_dmitriy_sarin_na_kichku_dlg_6|Гэта ты пра мяне?
dlga_oim_dmitriy_sarin_na_kichku_dlg_6:oim_dmitriy_sarin_na_kichku_dlg_7|А то пра каго ж? Праўнук Івана Грознага, унук забітага Дзмітрыя-лепшага кандыдата на пасад не знайсці.
dlga_oim_dmitriy_sarin_na_kichku_dlg_7:oim_dmitriy_sarin_na_kichku_dlg_pos|А і напраўду. Царэвіч я ці не?
dlga_oim_dmitriy_sarin_na_kichku_dlg_pos:close_window|Ідзі, баярын, і абвясьці астатнім, што царэвіч Дзмітрый пагадзіўся ўстаць на чале войскі, якое выганіць Раманавых-сабак і адновіць законнае пасада.
dlga_oim_dmitriy_sarin_na_kichku_dlg_7:oim_dmitriy_sarin_na_kichku_dlg_neg|Няма ўжо. Дастаткова на Расею самазванцаў.
dlga_oim_dmitriy_sarin_na_kichku_dlg_neg:close_window|Сам ведаеш, з мяне такі ж унук Дзмітрыя, як з цябе Англійская прынц. Хай Разін застаецца на чале паўстання, а пасля перамогі ўсё вырашыць народ.
dlga_oim_dmitriy_rebelion_suggest_samozvanec:close_window|Вітаю цябе, васпан Дзмітрый Іаанавіч. Клянуся змагацца за цябе да апошняй кроплі крыві.
dlga_oim_dmitriy_razin_ending_dlg:oim_dmitriy_razin_ending_dlg_1|Не вялі пакараць смерцю, цар-васпан, вялі слова мовіць!
dlga_oim_dmitriy_razin_ending_dlg_1:oim_dmitriy_razin_ending_dlg_2|Табе, атаман, асаблівы пашана. Кажы, з чым завітаў?
dlga_oim_dmitriy_razin_ending_dlg_2:oim_dmitriy_razin_ending_dlg_3|Я да цябе вось па якой справе, васпане. Аляксея мы, значыцца, пагналі, законную ўладу аднавілі, нанава падзялілі, баярам слупковым вярнулі маёнткі ды пасады. А мне што ж загадаеш, на Дон вяртацца вайсковым атаманам? 
dlga_oim_dmitriy_razin_ending_dlg_3:oim_dmitriy_razin_ending_dlg_4|Дык чаго ты хочаш, Сцяпан?
dlga_oim_dmitriy_razin_ending_dlg_4:oim_dmitriy_razin_ending_dlg_5|Нічога такога, што мне б не належыла. Назнач мяне ваяводам і падпарадкаваць мне баярскую думу.
dlga_oim_dmitriy_razin_ending_dlg_5:oim_dmitriy_razin_ending_dlg_6|А ці не шмат ты просіш?
dlga_oim_dmitriy_razin_ending_dlg_6:oim_dmitriy_razin_ending_dlg_7|Не забывай, што я ведаю, хто ты ёсць на самай справе. Так што, то я прашу занадта мала. Вось клікну зараз, што ты самазванец, і вынесуць цябе з Крамля, як Дзмітрыя I па частках.
dlga_oim_dmitriy_razin_ending_dlg_7:lord_pretalk|Пагроз тваіх я не баюся, Сцяпан. Ты сапраўды варты гэтага паста. Значыць, быць таму.
dlga_oim_dmitriy_razin_ending_dlg_7:oim_dmitriy_razin_ending_dlg_neg|Гэй, варта! Ўзяць бунтаўшчыка! У астрог яго!
dlga_oim_dmitriy_razin_ending_dlg_neg:close_window|Дык вось які манетай ты плаціш сваім былым паплечнікам? Эй, станишники, усё сюды. Цар несапраўдны!
dlga_oim_dmitriy_razin_rebel_end:oim_dmitriy_razin_rebel_end_1|Мы перамаглі. Скінута ярмо ненавісных захопнікаў. Цяпер самы час вырашаць, хто стане новым царом.
dlga_oim_dmitriy_razin_rebel_end_1:oim_dmitriy_razin_rebel_end_2|І як жа будзе абраны новы васпан?
dlga_oim_dmitriy_razin_rebel_end_2:oim_dmitriy_razin_rebel_end_3|То баярская дума вырашыць. Хутка будзе сабраны малы Баярскі сабор, дзе абмяркуюць усіх годных.
dlga_oim_dmitriy_razin_rebel_end_3:oim_dmitriy_razin_rebel_end_4|А калі я пажадаю стаць царом?
dlga_oim_dmitriy_razin_rebel_end_4:close_window|Што ж, маеш на тое поўнае права. Столкуй з баярамі, паспрабуй схіліць на свой бок.
dlga_oim_dmitriy_tsar_elections:oim_dmitriy_tsar_elections_1|Так, {playername}.
dlga_oim_dmitriy_tsar_elections_1:oim_dmitriy_tsar_elections_resp|Я-праўнук Івана Грознага з роду Рурыкавічаў, трон мой па праву.
dlga_oim_dmitriy_tsar_elections_1:oim_dmitriy_tsar_elections_resp.1|Падтрымай мяне на саборы, і я дарую табе новы маёнтак.
dlga_oim_dmitriy_tsar_elections_1:oim_dmitriy_tsar_elections_resp.2|Ты ведаеш, што я чалавек гонару. Я буду справядлівым царом.
dlga_oim_dmitriy_tsar_elections_resp:lord_pretalk|Я веру табе і на саборы буду галасаваць за цябе.
dlga_oim_dmitriy_tsar_elections_resp:lord_pretalk.1|Твае довады для мяне недастатковыя...
dlga_oim_dmitriy_razin_captured:oim_dmitriy_razin_captured_1|Ну што, Сцяпан, супакоіўся нарэшце? Ці ж будзеш працягваць баламуціць Русь-матухну, пакуль ворагі не разарвуць яе на часткі?
dlga_oim_dmitriy_razin_captured_1:oim_dmitriy_razin_captured_2|Не бываць на Русі новаму тырану. Пакуль трымаю ў руках шаблю, буду змагацца за тое, каб Русь стала вольнай казачай дзяржавай.
dlga_oim_dmitriy_razin_captured_2:oim_dmitriy_razin_captured_3|Краіне патрэбна не разбойніцкая вольніца, а цвёрдая, надзейная ўлада. Той, хто гэтаму пярэчыць, і ёсць сапраўдны вораг Расеі.
dlga_oim_dmitriy_razin_captured_4:close_window|Адпусціць Разіна.
dlga_oim_dmitriy_razin_captured_4:close_window.1|Пакінуць Разіна ў турме.
dlga_oim_dmitriy_razin_captured_4:close_window.2|Пакараць смерцю бунтара.
dlga_oim_dmitriy_voevoda_talk:oim_dmitriy_voevoda_talk_1|Гасудар! З бліжэйшых ворагаў толькі {s2} засталося незаваяванымі.
dlga_oim_dmitriy_voevoda_talk_1:oim_dmitriy_voevoda_talk_2|На каго параіш напасці ў першую чаргу?
dlga_oim_dmitriy_voevoda_talk_2:lord_pretalk|Раю накіраваць нашы паліцы супраць {s3}. З імі мы справімся вельмі хутка.
dlga_oim_dmitriy_vlastilin_dlg:oim_dmitriy_vlastilin_dlg_1|Пераходзь на мой бок, пакуль не позна, інакш спустошу твае ўладанні.
dlga_oim_dmitriy_vlastilin_dlg_1:oim_dmitriy_vlastilin_dlg_2|Але гэта ж ганебна!
dlga_oim_dmitriy_vlastilin_dlg_2:oim_dmitriy_vlastilin_dlg_3|Затое вельмі дзейсна.
dlga_oim_dmitriy_vlastilin_dlg_3:close_window|Пра цябе ходзяць страшныя чуткі... але служыць самазванцу я не маю намеру!
dlga_oim_dmitriy_vlastilin_dlg_3:close_window.1|Я прысягаю Табе, Пане.
dlga_oim_tavern_visitor_dlg:oim_tavern_visitor_dlg_1|Вітаю цябе, пане / васпані}! {s2}
dlga_oim_tavern_visitor_dlg_1:oim_tavern_visitor_simple_fight_check|Нешта кулакі свярбяць... Ці не хочаш сілай памерацца?
dlga_oim_tavern_visitor_dlg_1:oim_tavern_duel|Ну і харя ў цябе, дружа. Празапас хлапцоў някемлівых палохаць.
dlga_oim_tavern_visitor_dlg_1:oim_tavern_ranged|Кажуць, у тутэйшых месцах шмат умелых стралкоў... Можа, у трапнасці паспаборнічаем?
dlga_oim_tavern_visitor_dlg_1:oim_drink|Давай падымем куфлі за... 
dlga_oim_tavern_visitor_dlg_1:close_window|Мяне чакае мой атрад...
dlga_oim_tavern_visitor_simple_fight:oim_tavern_simple_fight_bet|Які мне Рацыя проста так табе рэбры ламаць? Вось калі б на пару срэбных паспрачацца...
dlga_oim_tavern_simple_fight_bet:oim_tavern_simple_fight_goon|5 талераў 
dlga_oim_tavern_simple_fight_bet:oim_tavern_simple_fight_goon.1|10 талераў 
dlga_oim_tavern_simple_fight_bet:oim_tavern_simple_fight_goon.2|15 талераў 
dlga_oim_tavern_simple_fight_bet:oim_tavern_simple_fight_goon.3|25 талераў 
dlga_oim_tavern_simple_fight_bet:oim_tavern_visitor_dlg|Мабыць, не цяпер... Ці ведаеш, у апошнім баі руку пацягнуў...
dlga_oim_tavern_simple_fight_goon:close_window|Вось гэта іншая справа! Ну сцеражыся, пане, жывога месца на табе не пакіну!
dlga_oim_tavern_duel_goon:close_window|{s2}
dlga_oim_tavern_ranged_goon:oim_tavern_ranged_bet|Паспаборнічаць-то можна... Ды толькі які мне з таго цікавасць? Давай на грошы пастраляем.
dlga_oim_tavern_ranged_bet:oim_tavern_ranged_bet_goon2|5 талераў 
dlga_oim_tavern_ranged_bet:oim_tavern_ranged_bet_goon2.1|10 талераў 
dlga_oim_tavern_ranged_bet:oim_tavern_ranged_bet_goon2.2|15 талераў 
dlga_oim_tavern_ranged_bet:oim_tavern_ranged_bet_goon2.3|25 талераў 
dlga_oim_tavern_ranged_bet:oim_tavern_ranged_bet_goon2.4|50 талераў 
dlga_oim_tavern_ranged_bet:oim_tavern_visitor_dlg|Мабыць, не цяпер... Ці ведаеш, у апошнім баі руку пацягнуў...
dlga_oim_tavern_ranged_bet_goon2:close_window|Ну, па руках. Даўно я не страляў дзеля забавы...
dlga_oim_drink:oim_drink_goon|Ну і за каго ж?..
dlga_oim_drink_goon:oim_drink_goon2|За Яна Казіміра! 
dlga_oim_drink_goon:oim_drink_goon2.1|За Карла!
dlga_oim_drink_goon:oim_drink_goon2.2|За бацьку Хмеля! 
dlga_oim_drink_goon:oim_drink_goon2.3|За здароўе хана! 
dlga_oim_drink_goon:oim_drink_goon2.4|За цара-бацюшку! 
dlga_oim_drink_goon:oim_tavern_visitor_dlg|Назад
dlga_oim_drink_duel:close_window|Ах ты, варожы лазутчык!
dlga_oim_drink_goon3:close_window|Ну, да дна!
dlga_oim_drink_refuse:close_window|Я цябе не ведаю, каб з табой піць... 
dlga_oim_tavern_simple_fight_refuse_too_much:close_window|Пара мне трохі перадыхнуць, а то стаміўся драбніцу.
dlga_oim_tavern_simple_fight_refuse_generik:close_window|Слухай, не да цябе цяпер. Ідзі, куды ішоў.
dlga_oim_tavern_rich_visitor:oim_tavern_rich_visitor_goon|Вядома, спадар. За 25 талераў мы накрыем табе багаты стол.
dlga_oim_tavern_rich_visitor_goon:close_window|Добра. Вось грошы.
dlga_oim_tavern_rich_visitor_goon:close_window.1|Як-небудзь у іншы раз.
dlga_oim_dmitriy_eleonora_auto_dlg:close_window|Ну, чаго ўстаў? Пайшлі хутчэй да бацькі!
dlga_oim_guild_master_talk:oim_guild_master_ask|Так, {playername}.
dlga_oim_guild_master_ask:oim_send_caravan_generik_descr|А якая мне выгада ад каравана?
dlga_oim_send_caravan_generik_descr:oim_guild_master_talk|Ну, ты можаш купіць са зніжкай вялікую партыю тавару тут і адправіць караван ў іншы горад, дзе прадасі тавар і атрымаеш прыбытак або страты ў залежнасці ад таго, ўмееш ты гандляваць ці не. 
dlga_oim_guild_master_ask:oim_send_caravan_generik|Я хачу адправіць караван.
dlga_oim_guild_master_ask:oim_buy_trayd_patend|Я хацеў бы атрымаць гандлёвы патэнт.
dlga_oim_buy_trayd_patend:oim_buy_trayd_patend_1|Думаецца мне, што для цябе, {playername}, мы аформім патэнт хоць цяпер - усяго-то за 25000 талераў.
dlga_oim_buy_trayd_patend_1:oim_buy_trayd_patend_2|Добра, я гатовы заплаціць. 
dlga_oim_buy_trayd_patend_2:oim_guild_master_talk|Ну што, ж вось папера і друк...
dlga_oim_buy_trayd_patend_1:oim_guild_master_talk|Гэта занадта дорага!
dlga_oim_guild_master_ask:mayor_pretalk|Давайце пагаворым пра нешта іншае.
dlga_oim_send_caravan_generik:oim_send_caravan_which_goods|Чым ты хочаш гандляваць?
dlga_oim_send_caravan_generik:oim_send_caravan_give_up|Баюся, у нас няма столькі тавару на складзе, каб забяспечыць імі караван.
dlga_oim_send_caravan_generik:oim_send_caravan_give_up.1|У цябе недастаткова грошай для рыштунку такога каравана.
dlga_oim_send_caravan_give_up:mayor_pretalk|{s2}
dlga_oim_send_caravan_which_goods:oim_send_caravan_which_town|{s5}, кошт: {reg0} талераў.
dlga_oim_send_caravan_which_goods:mayor_pretalk|{s2}
dlga_oim_send_caravan_which_town:oim_send_caravan_town_selected|І куды ж ты хочаш адправіць караван?
dlga_oim_send_caravan_town_selected:oim_send_caravan_finish|{s1}
dlga_oim_send_caravan_town_selected:mayor_pretalk|Як-небудзь у іншы раз.
dlga_oim_send_caravan_finish:oim_send_caravan_town_select_go_on4|Выдатна, тады праблем не будзе. Караван адправіцца ў {s1}. Я думаю, дарога зойме {reg1} гадзін. І колькі ж {s2} ты хочаш адправіць?
dlga_oim_send_caravan_town_select_go_on4:oim_send_caravan_town_select_go_on4b|Буйны караван ({reg0} талераў, 20 тавараў).
dlga_oim_send_caravan_town_select_go_on4:oim_send_caravan_town_select_go_on4b.1|Вялікі караван ({reg0} талераў, 15 тавараў).
dlga_oim_send_caravan_town_select_go_on4:oim_send_caravan_town_select_go_on4b.2|Сярэдні караван ({reg0} талераў, 10 тавараў).
dlga_oim_send_caravan_town_select_go_on4:oim_send_caravan_town_select_go_on4b.3|Маленькі караван ({reg0} талераў, 5 тавараў).
dlga_oim_send_caravan_town_select_go_on4:mayor_pretalk|{s2} 
dlga_oim_send_caravan_town_select_go_on4b:oim_send_caravan_town_select_go_on4c|Добра. Караван павядзе адзін майстар-караванщик. Колькі вы хочаце даць яму чалавек для аховы каравана?
dlga_oim_send_caravan_town_select_go_on4c:oim_send_caravan_town_select_go_on5|{reg5}, кошт: {reg0} талераў.
dlga_oim_send_caravan_town_select_go_on5:close_window|Добра. Думаю, складанасцяў не будзе. {s2} ён абыйдзецца табе ў {reg1} талераў.
dlga_oim_caravan_master_dlg:close_window|Давай, хутчэй у дарогу!
dlga_prisoner_chat:prisoner_chat_oim|Нават не спрабуй збегчы ад мяне!
dlga_prisoner_chat_oim:prisoner_chat_oim_2|І чаго ты хочаш?
dlga_prisoner_chat_oim_2:prisoner_chat_oim_3|Думаю, цябе трэба адпусціць... 
dlga_prisoner_chat_oim_2:close_window|Не звяртай увагі. 
dlga_prisoner_chat_oim_3:prisoner_chat_oim_5|І чаго ж ты хочаш?
dlga_prisoner_chat_oim_5:prisoner_chat_oim_5_money|Вызваліць за выкуп
dlga_prisoner_chat_oim_5_money:prisoner_chat_oim_5_money_goon|Я магу заплаціць {reg0} талераў за сваю свабоду. 
dlga_prisoner_chat_oim_5_money_goon:close_window|Што ж, тады ты вольны.
dlga_prisoner_chat_oim_5_money_goon:close_window.1|Мяне не задавальняе твая прапанова. 
dlga_prisoner_chat_oim_5:prisoner_chat_oim_5_honor1|Вызваліць проста так
dlga_prisoner_chat_oim_5_honor1:prisoner_chat_oim_5_honor|Ну, раз ты хочаш адпусціць мяне проста так-значыць ты нашай дзяржаве сябар.
dlga_prisoner_chat_oim_5_honor:prisoner_chat_oim_5_honor_goon|Што ж, тады ты вольны.
dlga_prisoner_chat_oim_5_honor_goon:close_window|Ты - {высакародны мужчына / высакародная жанчына}, і я ўдзячны табе. 
dlga_prisoner_chat_oim_5_honor:close_window|Не звяртай увагі.
dlga_prisoner_chat_oim_5:close_window|Я буду сачыць за табой. 
dlga_oim_monfor_auto_response:close_window|Прашу мяне дараваць, мой сябар, але цяпер я заняты вельмі неадкладнымі справамі. Працягнем размову ў іншы раз.
dlga_oim_zagloba_help_answer:close_window.1|Бі ворагаў Рэчы Паспалітай!
dlga_oim_zagloba_auto_help:oim_zagloba_stab|Хачу даць табе адну параду.
dlga_oim_zagloba_stab:member_talk|Бі ворагаў Рэчы Паспалітай!
dlga_oim_lord_sp_task:lord_pretalk|У мяне няма даручэнняў для цябе.
dlga_oim_radzivil_dlg_orders:close_window.1|Пакуль што ў мяне для цябе заданняў няма.
dlga_oim_dmitriy_razin_sp_task:supported_pretender_pretalk|Не.
dlga_oim_zagloba_auto_reject:close_window|Прабач, я заняты.
dlga_oim_getman_mamay_auto_reject:close_window|Прабач, я заняты.
dlga_start:bandit_introduce|Увага: гэты радок не павінна адлюстроўвацца.
dlga_bandit_introduce:bandit_talk|{s5}
dlga_bandit_talk:close_window|Ад мяне ты толькі клінок пад рэбры атрымаеш!
dlga_bandit_talk:bandit_barter|Ня трэба біцца. Я магу заплаціць за праход.
dlga_bandit_barter:bandit_barter_2|Звонкая монетка без асаблівай марокі-гэта нам па нутро! Так і быць, больш {reg5} талераў мы не возьмем. Давай грошы і правальвай.
dlga_bandit_barter_2:bandit_barter_3a|Добра, вось грошы.
dlga_bandit_barter_2:bandit_barter_3b|У мяне няма такіх грошай.
dlga_bandit_barter_3b:close_window|Так, не пашанцавала табе. Давядзецца нам прадаць цябе ў рабства. Хлопцы, хапай {яго / яе}!
dlga_bandit_barter:close_window|Гэй, дык Я ж цябе ведаю! Забіваеш нашу вольную брацію, як смярдзючых сабак, а мы павінны прапускаць цябе за некалькі паршывых манетак? Ну ўжо не! Нам ад цябе спуску не было, вось і ты літасці не чакай!
dlga_bandit_barter_3a:close_window|Бачыш, усё зусім проста! Давай Валі адсюль.
dlga_start:bandit_meet|А? Што такое?
dlga_bandit_meet:bandit_attack|Поспех твая скончылася, зараз скончыцца і жыццё!
dlga_bandit_attack:close_window|{s5}
dlga_bandit_meet:close_window|Нічога, не звяртай увагі.
dlga_start:troublesome_bandits_intro_1|Да уж, у цябе дзянёк і праўда не задаўся! Мы, Трэба сказаць, не самыя добрыя хлопцы. Хутчэй небяспечныя...
dlga_troublesome_bandits_intro_1:troublesome_bandits_intro_2|Ха, для мяне вы проста спосаб зарабіць. У {s1} за вашыя галовы добрыя грошы даюць.
dlga_troublesome_bandits_intro_2:close_window|{Паляўнічы / паляўнічая} за нажывай! Горш стварэнняў няма! Пусціце {яму / ёй} кішкі, хутка!
dlga_start:disbanded_troop_ask|Хочаш, каб мы ішлі за табой?
dlga_disbanded_troop_ask:disbanded_troop_join|Так. Паедзем разам.
dlga_disbanded_troop_ask:close_window|Не, гэтым разам не.
dlga_disbanded_troop_join:close_window|У цябе ў атрадзе няма месца для нас.
dlga_disbanded_troop_join:close_window.1|Мы ў вашым распараджэнні.
dlga_start:enemy_talk_1|Больш ты мяне не зловіш. 
dlga_enemy_talk_1:enemy_talk_2|У цябе няма ніякіх шанцаў супраць мяне. Здавацца.
dlga_enemy_talk_2:close_window|Здамся, калі станцую на тваёй магіле!
dlga_start:party_encounter_routed_agents_are_caught|Малю, пакіньце нас у спакоі!
dlga_party_encounter_routed_agents_are_caught:party_encounter_routed_agents_are_caught2|Думаеш, быццам можаш ад мяне ўцячы? Выбар толькі адзін-палон або смерць!
dlga_party_encounter_routed_agents_are_caught:close_window|Добра, на гэты раз мы пакінем вас з светам. Але больш не трапляйцеся.
dlga_party_encounter_routed_agents_are_caught2:close_window|Няўжо вам не знаёма спачуванне? Тады мы будзем змагацца да апошняга!
dlga_party_encounter_routed_agents_are_caught2:close_window.1|{s1}
dlga_prisoner_chat:prisoner_chat_2|Не спрабуй збегчы ці нарабіць якіх-небудзь глупстваў. Я за табой буду прыглядаць.
dlga_prisoner_chat_2:close_window|Не стану, клянуся!
dlga_start:town_merchant_talk|Добры дзень, {спадар / спадарыня}. Ці магу я чым-небудзь дапамагчы?
dlga_start:town_merchant_talk.1|Добры дзень. Ці магу я чым-небудзь дапамагчы?
dlga_town_merchant_talk:trade_requested_weapons|Я хачу купіць новае зброю. Пакажы, што ў цябе ёсць.
dlga_town_merchant_talk:trade_requested_armor|Я шукаю нейкі рыштунак. Пакажы ўсё, што ёсць.
dlga_town_merchant_talk:trade_requested_horse|Я падумваю прыкупіць каня.
dlga_trade_requested_weapons:merchant_trade|Аб, вядома, {спадар / спадарыня}. Гэта лепшае зброю, якое толькі можна знайсці!
dlga_trade_requested_armor:merchant_trade|Вядома, {спадар / спадарыня}. Даспехаў лепш ні ў каго не знойдзеш!
dlga_trade_requested_horse:merchant_trade|Ты нядрэнна разбіраешся ў конях, {спадар/спадарыня}. Лепш коней, чым тут, няма ні ў каго.
dlga_merchant_trade:town_merchant_talk|Што-небудзь яшчэ?
dlga_town_merchant_talk:merchant_gossip|Раскажы мне, пра што апошнім часам людзі тлумачаць?
dlga_merchant_gossip:town_merchant_talk|Ды неяк апошнім часам нічога новага... Цэны, надвор'е, вайна-вечныя тэмы...
dlga_town_merchant_talk:close_window|Да пабачэння.
dlga_start:town_dweller_talk|{Спадар / мая спадарыня}?
dlga_start:town_dweller_talk.1|Добры дзень, {спадар / спадарыня}.
dlga_town_dweller_talk:town_dweller_ask_fugitive|Я шукаю {s4}. Мне сказалі, што ён, магчыма, хаваецца тут.
dlga_town_dweller_ask_fugitive:close_window|Чужынцы прыходзяць і сыходзяць, {спадар / спадарыня}. Калі ён дзесьці тут, ты абавязкова знойдзеш яго.
dlga_town_dweller_talk:town_dweller_quest_meet_spy_in_enemy_town_ask_item|Прашу прабачэння, што пытаюся, але ты носіш {s5}?
dlga_town_dweller_quest_meet_spy_in_enemy_town_ask_item:town_dweller_talk|{s6}
dlga_town_dweller_talk:town_dweller_quest_meet_spy_in_enemy_town|{s4}
dlga_town_dweller_quest_meet_spy_in_enemy_town:town_dweller_quest_meet_spy_in_enemy_town_know|{s4}
dlga_town_dweller_quest_meet_spy_in_enemy_town:town_dweller_quest_meet_spy_in_enemy_town_dont_know|А? Што за глупства?
dlga_town_dweller_quest_meet_spy_in_enemy_town_dont_know:close_window|Не бяры ў галаву.
dlga_town_dweller_quest_meet_spy_in_enemy_town_know:town_dweller_quest_meet_spy_in_enemy_town_chat|{s4} паслаў мяне, каб прыняць справаздачы. Яны ў цябе з сабой?
dlga_town_dweller_quest_meet_spy_in_enemy_town_chat:town_dweller_quest_meet_spy_in_enemy_town_chat_2|Нарэшце ты з'явіўся. Вось, трымай. {s4} павінен атрымаць іх без прамаруджання.
dlga_town_dweller_quest_meet_spy_in_enemy_town_chat_2:close_window|Бывай.
dlga_town_dweller_talk:town_dweller_ask_info|Раскажы мне пра гэтую вёску.
dlga_town_dweller_talk:town_dweller_ask_info.1|Раскажы мне пра гэты горад.
dlga_town_dweller_ask_info:close_window|{s10} {s11}
dlga_town_dweller_talk:town_dweller_ask_situation|Як тут жывецца?
dlga_town_dweller_ask_situation:town_dweller_poor|Няшчасце абрынулася на маю сям'ю, {спадар / спадарыня}. Мор знішчыў ураджай на нашых палях, і мае дзеці кладуцца спаць галоднымі і знясіленымі. А суседзі мае самі занадта бедныя, каб дапамагчы мне.
dlga_town_dweller_ask_situation:town_dweller_poor.1|Жаласная маё жыццё, {спадар / спадарыня}. Ужо не першы месяц я не магу знайсці працы, і мае бедныя дзеці галоднымі кладуцца спаць кожны вечар. Суседзі ж мае занадта бедныя, каб дапамагчы.
dlga_town_dweller_poor:town_dweller_poor_paid|Вось, вазьмі гэтыя 300 талераў. Спадзяюся, гэта дапаможа вашай сям'і.
dlga_town_dweller_poor:town_dweller_poor_not_paid|Трэба працаваць больш старанна і несці свой цяжар годна.
dlga_town_dweller_poor_not_paid:close_window|Так, {спадар / спадарыня}. Я зраблю, як ты кажаш.
dlga_town_dweller_poor_paid:close_window|{Спадар / Мая добрая спадарыня}, ты так добры і шчодры. Я ўсім раскажу, як ты дапамог нам!
dlga_town_dweller_ask_situation:close_window|Дзякую за шчодрасць, {спадар / спадарыня}. З тваёй дапамогай наша жыццё наладзіцца. Я буду штодня маліцца за цябе.
dlga_town_dweller_ask_situation:town_dweller_talk|Цяжкія сягоння часы, {спадар / спадарыня}. Мы цяжка працуем дзень-деньской, і ўсё ж часцяком кладзёмся спаць галоднымі.
dlga_town_dweller_ask_situation:town_dweller_talk.1|Цяжкія сягоння часы, {спадар / спадарыня}. Але мы павінны радавацца таму, што ёсць.
dlga_town_dweller_ask_situation:town_dweller_talk.2|Мы не так ужо і бядуем, {спадар / спадарыня}. Мы павінны быць удзячныя провіду.
dlga_town_dweller_talk:town_dweller_ask_rumor|Якія чуткі тут ходзяць апошнім часам?
dlga_town_dweller_ask_rumor:town_dweller_talk|Нічога такога, што магло б цябе зацікавіць.
dlga_town_dweller_ask_rumor:town_dweller_talk.1|{s61}
dlga_town_dweller_ask_rumor:town_dweller_talk.2|Нічога цікавага апошнім часам не чуваць.
dlga_town_dweller_talk:close_window|Выйсці...
dlga_start:player_castle_guard_talk|Так, {спадар / спадарыня}?
dlga_player_castle_guard_talk:player_castle_guard_talk_2|Дакладзі аб дзяжурстве.
dlga_player_castle_guard_talk_2:player_castle_guard_talk_3|Усё спакойна, {спадар / спадарыня}. Дакладваць няма пра што.
dlga_player_castle_guard_talk_3:close_window|Добра. Не губляйце пільнасці.
dlga_start:close_window.24|Добры дзень, {спадар / спадарыня}. {s10} лічыць за гонар прыняць цябе.
dlga_start:close_window.25|Вядзі сябе прыстойна, пакуль ты тут, і ніякіх праблем не будзе.
dlga_start:hall_guard_talk|Чакаю ўказанняў, {спадар / мая спадарыня}.
dlga_start:close_window.26|На пасадзе размовы весці не загадана, {спадар / спадарыня}.
dlga_hall_guard_talk:hall_guard_duty|Заставайся на пасадзе і дай мне ведаць, калі хтосьці прыйдзе да мяне.
dlga_hall_guard_duty:close_window|Так, {спадар / мая спадарыня}. Як пажадаеш.
dlga_hall_guard_talk:hall_guard_arrest|Я хачу, каб ты неадкладна арыштаваў {гэтага мужчыну / гэтую жанчыну}!
dlga_hall_guard_arrest:hall_guard_arrest_2|Каго ты хочаш заключыць пад варту, {спадар / спадарыня}?
dlga_hall_guard_arrest_2:close_window|А, не звяртайце ўвагі на мае жарты, хлопцы.
dlga_hall_guard_arrest_2:close_window.1|Забыцца. Я знайду іншы спосаб з гэтым разабрацца.
dlga_enemy_defeated:close_window|Гр-р-р! Ненавідзець...
dlga_party_relieved:close_window|Дзякую за дапамогу супраць гэтых ублюдкаў.
dlga_start:battle_reason_stated|Я з твайго чэрапа зраблю кубак для віна!
dlga_member_chat:regular_member_talk|Чакаю ўказанняў, {спадар / спадарыня}.
dlga_regular_member_talk:view_regular_char_requested|Раскажы мне пра сябе.
dlga_view_regular_char_requested:do_regular_member_view_char|Вядома, {спадар / спадарыня}. Ад цябе ў мяне няма сакрэтаў.
dlga_do_regular_member_view_char:regular_member_talk|Што-небудзь яшчэ?
dlga_regular_member_talk:close_window|Нічога. Ідзі...
dlga_start:party_encounter_hostile_attacker|У вас няма ніякіх шанцаў. Здавайцеся неадкладна, Ці мы ўсіх вас пераб'ем...
dlga_party_encounter_hostile_attacker:close_window|Не Атакуйце! Мы здаемся.
dlga_party_encounter_hostile_attacker:close_window.1|Мы будзем змагацца да канца!
dlga_start:party_encounter_hostile_defender|Чаго вы хочаце?
dlga_party_encounter_hostile_defender:party_encounter_hostile_ultimatum_surrender|Здавайся або памры!
dlga_party_encounter_hostile_ultimatum_surrender:close_window|{s43}
dlga_party_encounter_hostile_defender:close_window|Нічога. Я проста праязджаў міма...
dlga_merch_captain_start:merch_captain_vibor|Дзень добры, {пане / васпані}. Чым магу быць карысны? {s2}
dlga_merch_captain_vibor:merch_captain_naem|Я хачу наняць салдат.
dlga_merch_captain_vibor:merch_captain_eqvip_type_selection|Я хачу змяніць экіпіроўку сваім людзям.
dlga_merch_captain_vibor:close_window|Проста праходзіў міма...
dlga_merch_captain_naem:merch_captain_naem_menu|Каго ты хочаш наняць?
dlga_merch_captain_naem_menu:merch_captain_vibor1|{s19}
dlga_merch_captain_naem_menu:start|Мне нічога не трэба...
dlga_merch_captain_vibor1:merch_captain_count|{s20}
dlga_merch_captain_count:start|1 {s20}
dlga_merch_captain_count:start.1|3 {s20}
dlga_merch_captain_count:start.2|5 {s20}
dlga_merch_captain_count:merch_captain_start|Мне нічога не трэба...
dlga_merch_captain_eqvip_type_selection:merch_captain_type_selection_menu|Я хачу наняць салдат.
dlga_merch_captain_type_selection_menu:merch_captain_eqvip|{s19} ({reg7} {s20})
dlga_merch_captain_type_selection_menu:merch_captain_start|{s19}
dlga_merch_captain_eqvip:merch_captain_eqvip_menu|{s20}
dlga_merch_captain_eqvip_menu:merch_eqvip|Што-небудзь на галаву начапіць...
dlga_merch_captain_eqvip_menu:merch_eqvip.1|Браню мацней...
dlga_merch_captain_eqvip_menu:merch_eqvip.2|Коней змяніць...
dlga_merch_captain_eqvip_menu:merch_eqvip.3|Халодная зброя...
dlga_merch_captain_eqvip_menu:merch_eqvip.4|Чобаты мацней...
dlga_merch_captain_eqvip_menu:merch_eqvip.5|Пальчатка...
dlga_merch_captain_eqvip_menu:merch_eqvip.6|Халодная зброя...
dlga_merch_captain_eqvip_menu:merch_eqvip.7|Стралковая зброя...
dlga_merch_captain_eqvip_menu:merch_eqvip.8|Шчыт...
dlga_merch_captain_eqvip_menu:merch_captain_start|Дзякуй. Гэта ўсё...
dlga_merch_eqvip:merch_eqvip_menu|Ну Глядзі, {пане / васпані}. Вось што ў мяне маецца.
dlga_merch_eqvip_menu:merch_captain_start|{s21}
dlga_merch_eqvip_menu:merch_captain_start.1|{s21}
dlga_start:battle_reason_stated.1|Здавайся або памры. Выбар за табой.
dlga_battle_reason_stated:close_window|Я вас не баюся. Я буду змагацца.
dlga_start:free|Чым магу дапамагчы?
dlga_free:view_char_requested|Раскажы мне пра сябе.
dlga_view_char_requested:view_char|Ну што ж, паслухай вось што...
dlga_view_char:free|Што-небудзь яшчэ?
dlga_end:close_window|[Гатовы]
dlga_start:threaten_1|Кідайце зброю і здавайцеся, калі хочаце застацца ў жывых.
dlga_threaten_1:end|Ну ўжо не, так проста ты нас не возьмеш!
dlga_free:close_window|Да пабачэння.
dlga_free:close_window.1|Выйсці...
