str_no_string|НЯМА РАДКОЎ!
str_empty_string| 
str_yes|Так
str_no|Не
str_blank_string| 
str_error_string|Памылка!!!Памылка!!!Памылка!!!Памылка!!!Памылка!!!Памылка!!!Памылка!!!Памылка!!!Памылка!!!Памылка!!!Памылка!!!Памылка!!!Памылка!!!Памылка!!!Памылка!!!
str_noone|ніхто не
str_s0|{s0}
str_reg1|{reg1}
str_s50_comma_s51|{s50}, {s51}
str_s50_and_s51|{s50} і {s51}
str_s5_s_party|Атрад {s5}
str_bandits_eliminated_by_another|Небяспечных бандытаў знішчыў іншы атрад.
str_msg_battle_won|Бітва выйграная! Націсніце клавішу Tab, каб выйсці...
str_randomize|Выпадкова
str_hold_fire|Не страляць
str_blunt_hold_fire|Стой! / Не страляць
str_finished|Скончаны
str_delivered_damage|Нанесена {reg60} адзінак страт.
str_archery_target_hit|Адлегласць: {reg61} ярдаў. Рахунак: {reg60}
str_use_baggage_for_inventory|Падчас бою вы можаце браць рэчы з куфра (ён знаходзіцца на пачатковай пазіцыі).
str_cant_use_inventory_now|Рэчы цяпер недаступныя.
str_cant_use_inventory_arena|На арэне карыстацца рэчамі нельга.
str_cant_use_inventory_disguised|Вы не можаце карыстацца рэчамі, калі на вас маскіроўка.
str_1_denar|1 талер
str_reg1_denars|{reg1} талераў
str_january_reg1_reg2|{reg1} студзеня {reg2} г.
str_february_reg1_reg2|{reg1} лютага {reg2} г.
str_march_reg1_reg2|{reg1} сакавіка {reg2} г.
str_april_reg1_reg2|{reg1} красавіка {reg2} г.
str_may_reg1_reg2|{reg1} мая {reg2} г.
str_june_reg1_reg2|{reg1} чэрвеня {reg2} г.
str_july_reg1_reg2|{reg1} ліпеня {reg2} г.
str_august_reg1_reg2|{reg1} жніўня {reg2} г.
str_september_reg1_reg2|{reg1} верасня {reg2} г.
str_october_reg1_reg2|{reg1} кастрычніка {reg2} г.
str_november_reg1_reg2|{reg1} лістапада {reg2} г.
str_december_reg1_reg2|{reg1} снежня {reg2} г.
str_town_nighttime| Цяпер Позняя ноч, і сумленных людзей на вуліцы не сустрэнеш.
str_door_locked|Дзверы зачыненыя.
str_castle_is_abondened|Падобна на тое, гэтая крэпасць нікім не занятая.
str_place_is_occupied_by_player|Гэта месца занята вашымі войскамі.
str_place_is_occupied_by_enemy|Гэта месца занята варожымі войскамі.
str_do_you_want_to_retreat|Вы хочаце адступіць?
str_give_up_fight|Пакінуць паядынак?
str_do_you_wish_to_leave_tutorial|Спыніць навучанне?
str_do_you_wish_to_surrender|Здацца?
str_can_not_retreat|Адступаць нельга, побач ворагі!
str_s1_joined_battle_enemy|{s1} далучаюцца да бітвы на баку ворага
str_s1_joined_battle_friend|{s1} далучаюцца да бітвы на вашым боку.
str_entrance_to_town_forbidden|Гарадскія вартавыя адразу ж заўважаць самазванца. Вам не ўдасца праслізнуць міма іх.
str_sneaking_to_town_impossible|Гарадская варта папярэджана. Вы не зможаце праслізнуць міма, як бы вы ні замаскіраваліся.
str_battle_won|Вы выйгралі!
str_battle_lost|Вы прайгралі!
str_attack_walls_success|Пасля жорсткай бітвы вашы салдаты адагналі ворага ад сцен.
str_attack_walls_failure|Вашы салдаты гінуць адзін за адным, кідаючыся на сцены. Нямногія, што засталіся ў жывых, бязладна адступаюць.
str_attack_walls_continue|У гэтай крывавай бітве абодва бакі змагаюцца з роўнай сілай. Нягледзячы на ўсе намаганні вашых войскаў, крэпасць застаецца ў ворага.
str_order_attack_success|Вашы людзі адважна змагаліся і перамаглі ворага.
str_order_attack_failure|Вы ў роспачы глядзіце, як вораг выразае вашых людзей і адціскае жменьку тых, хто выжыў.
str_order_attack_continue|Нягледзячы на тое што бітва было працяглым, вашым войскам не ўдалося атрымаць перамогу.
str_join_order_attack_success|Вашы людзі змагаліся бок аб бок з саюзнікамі і, перамогшы ворага, падзялілі з імі славу.
str_join_order_attack_failure|Вы ў роспачы глядзіце, як вораг выразае вашых людзей і адціскае жменьку тых, хто выжыў.
str_join_order_attack_continue|Нягледзячы на тое што бітва была жорсткай, ні вашым, ні саюзным войскам не ўдалося атрымаць перамогу.
str_siege_defender_order_attack_success|Гарнізон адважна і ўмела ўтрымлівае сцены, адбівае атаку ворага і ператварае паражэнне ў паўнавартасную перамогу.
str_siege_defender_order_attack_failure|Напад хутка пераходзіць у крывавую бойню. Самаадданая абарона не дае вынікаў: гарнізон занадта малы, каб утрымаць сцены, і ўсе абаронцы неўзабаве гінуць ад мячоў ворага.
str_siege_defender_order_attack_continue|Чарговая спроба захапіць паселішча ні да чаго не прыводзіць, але ворагаў яшчэ занадта шмат, каб абаронцы маглі святкаваць перамогу. Аблога працягваецца.
str_hero_taken_prisoner|{s1} з {s3} становіцца палонным {s2}.
str_hero_freed|{s1} з {s3} вызвалены з палону ў {s2}.
str_center_captured|{s2} адбірае {s1} у {s3}.
str_troop_relation_increased|Вашы адносіны з {s1} паляпшаюцца з {reg1} да {reg2}.
str_troop_relation_detoriated|Вашы адносіны з {s1} пагаршаюцца з {reg1} да {reg2}.
str_faction_relation_increased|Вашы адносіны з {s1} паляпшаюцца з {reg1} да {reg2}.
str_faction_relation_detoriated|Вашы адносіны з {s1} пагаршаюцца з {reg1} да {reg2}.
str_party_gained_morale|Ваш атрад атрымлівае {reg1} адзінак баявога духу.
str_party_lost_morale|Ваш атрад губляе {reg1} адзінак баявога духу.
str_qst_follow_spy_noticed_you|Шпіён заўважыў вас! Ён уцякае!
str_father|бацька
str_husband|муж
str_wife|жонка
str_daughter|дачка
str_mother|маці
str_son|сын
str_brother|брат
str_sister|сястра
str_he|Ён
str_she|Яна
str_s3s_s2|{s2} {s2}
str_s5_is_s51|{s5} - {s51}.
str_s5_is_the_ruler_of_s51|{s5} - кіраўнік {s51}. 
str_s5_is_a_nobleman_of_s6|{s5} - дваранін {s6}. 
str_relation_mnus_100|               Варожасць
str_relation_mnus_90|               Варожасць
str_relation_mnus_80|               Варожасць
str_relation_mnus_70|               Нянавісць
str_relation_mnus_60|               Нянавісць
str_relation_mnus_50|               Нездавальненне
str_relation_mnus_40|               Нездавальненне
str_relation_mnus_30|               Падазронасць
str_relation_mnus_20|               Падазронасць
str_relation_mnus_10|               Абыякавасьць
str_relation_plus_0|               Абыякавасьць
str_relation_plus_10|               Абыякавасьць
str_relation_plus_20|               Сімпатыя
str_relation_plus_30|               Сімпатыя
str_relation_plus_40|               Падтрымка
str_relation_plus_50|               Падтрымка
str_relation_plus_60|               Прыязнасць
str_relation_plus_70|               Прыязнасць
str_relation_plus_80|               Адданасьць
str_relation_plus_90|               Адданасьць
str_relation_mnus_100_ns|{s60} хоча вам адпомсціць.
str_relation_mnus_90_ns|{s60} хоча вам адпомсціць.
str_relation_mnus_80_ns|{s60} хоча вам адпомсціць.
str_relation_mnus_70_ns|{s60} ненавідзіць вас.
str_relation_mnus_60_ns|{s60} ненавідзіць вас.
str_relation_mnus_50_ns|{s60} ненавідзіць вас.
str_relation_mnus_40_ns|{s60} злуецца на вас.
str_relation_mnus_30_ns|{s60} абураецца вашымі паводзінамі.
str_relation_mnus_20_ns|{s60} ставіцца да вас няветліва.
str_relation_mnus_10_ns|{s60} ставіцца да вас падазрона.
str_relation_plus_0_ns|{s60} да вас абыякавы.
str_relation_plus_10_ns|{s60} ставіцца да вас з спагадлівасцю.
str_relation_plus_20_ns|{s60} ставіцца да вас гасцінна.
str_relation_plus_30_ns|{s60} ставіцца да вас добразычліва.
str_relation_plus_40_ns|{s60} аказвае вам падтрымку.
str_relation_plus_50_ns|{s60} ставіцца да вас прыязна.
str_relation_plus_60_ns|{s60} ставіцца да вас ласкава.
str_relation_plus_70_ns|{s60} ставіцца да вас цёпла.
str_relation_plus_80_ns|{s60} - ваш надзейны саюзнік.
str_relation_plus_90_ns|{s60} - ваш адданы сябар.
str_relation_reg1| Стаўленне: {reg1}
str_center_relation_mnus_100|Насельніцтва адчайна ненавідзіць вас
str_center_relation_mnus_90|Насельніцтва вельмі моцна ненавідзіць вас
str_center_relation_mnus_80|Насельніцтва моцна ненавідзіць вас
str_center_relation_mnus_70|Насельніцтва ненавідзіць вас
str_center_relation_mnus_60|Насельніцтва адчувае да вас нянавісць
str_center_relation_mnus_50|Насельніцтва настроена да вас надзвычай варожа
str_center_relation_mnus_40|Насельніцтва настроена да вас вельмі варожа
str_center_relation_mnus_30|Насельніцтва наладжана да вас варожа
str_center_relation_mnus_20|Насельніцтва супраць вас
str_center_relation_mnus_10|Насельніцтва супрацьстаіць вам
str_center_relation_plus_0|Насельніцтву няма да вас справы
str_center_relation_plus_10|Насельніцтва прымае вас
str_center_relation_plus_20|Насельніцтва ставіцца да вас з спагадлівасцю
str_center_relation_plus_30|Насельніцтва ў чымсьці вас падтрымлівае
str_center_relation_plus_40|Насельніцтва вас падтрымлівае
str_center_relation_plus_50|Насельніцтва падтрымлівае вас ва ўсім
str_center_relation_plus_60|Насельніцтва дакладна вам
str_center_relation_plus_70|Насельніцтва дакладна вам ва ўсім
str_center_relation_plus_80|Насельніцтва аддана вам
str_center_relation_plus_90|Насельніцтва адчайна аддана вам
str_town_prosperity_0|Горад {s60} нясцерпна бедны.
str_town_prosperity_10|Жабрак горад {s60} практычна апусцеў.
str_town_prosperity_20|Горад {s60} выглядае пустым і струхлелым.
str_town_prosperity_30|Горад {s60} выглядае бедным і закінутым.
str_town_prosperity_40|Горад {s60} з цяжкасцю змагаецца за існаванне.
str_town_prosperity_50|Горад {s60} нічым не адметны.
str_town_prosperity_60|Горад {s60} квітнее.
str_town_prosperity_70|Горад {s60} - квітнеючы і ажыўлены.
str_town_prosperity_80|Горад {s60} выглядае заможным і добраўпарадкаваным.
str_town_prosperity_90|Горад {s60} - заможны і поўны паспяховых людзей.
str_town_prosperity_100|У багатым горадзе {S60} жыццё б'е ключом.
str_village_prosperity_0|Вёска {s60} нясцерпна бедная.
str_village_prosperity_10|Жабрацкая вёска {s60} практычна апусцела.
str_village_prosperity_20|Вёска {s60} выглядае пустой і струхлелай.
str_village_prosperity_30|Вёска {s60} выглядае беднай і закінутай.
str_village_prosperity_40|Вёска {s60} з цяжкасцю змагаецца за існаванне.
str_village_prosperity_50|Вёска {s60} нічым не характэрная.
str_village_prosperity_60|Вёска {s60} квітнее.
str_village_prosperity_70|Вёска {s60} выглядае квітнеючай і ажыўленай.
str_village_prosperity_80|Вёска {s60} выглядае заможнай і добраўпарадкаванай.
str_village_prosperity_90|Вёска {s60} выглядае багатай і квітнеючай.
str_village_prosperity_100|Вёска {S60}, акружаная шырокімі ўрадлівымі палямі, выглядае неверагодна багатай.
str_war_report_minus_4|мы амаль прайгралі вайну
str_war_report_minus_3|становішча незайздроснае
str_war_report_minus_2|нашы справы ідуць не вельмі добра
str_war_report_minus_1|мы можам перамагчы, калі збярэмся
str_war_report_0|нашы і варожыя сілы роўныя
str_war_report_plus_1|у нас ёсць усе шанцы выйграць вайну
str_war_report_plus_2|справы ідуць добра
str_war_report_plus_3|мы з лёгкасцю пераможам іх
str_war_report_plus_4|мы амаль выйгралі вайну
str_persuasion_summary_very_bad|Вы робіце ўсё магчымае, але {S50} не жадае вас слухаць. Ўперамешку з разумнымі довадамі вы прыводзіце непераканаўчыя, і размова даводзіцца пачынаць спачатку. Па заканчэнні гутаркі вы разумееце, што не дамагліся роўным лікам нічога, але выставілі сябе на пасмешышча перад суразмоўцам. Нядзіўна, што {s50} не ўражаны.
str_persuasion_summary_bad|Вы праяўляеце цуды перакананні, але {s50} аказваецца значна красамоўней. У выніку вашы самыя важкія довады перастаюць здавацца пераканаўчымі нават вам. {s50}, ясная справа, застаецца пры сваім меркаванні.
str_persuasion_summary_average|{s50} спрактыкаваны ў спрэчках і на ўсялякі ваш аргумент знаходзіць лагічнае пярэчанне. У выніку размова ні да чаго вас не прыводзіць.
str_persuasion_summary_good|Вы не лезеце за словам у кішэню і прыводзіце важкія аргументы, так што {s50} неахвотна згаджаецца з вамі. Аднак {reg51?у яе: у яго ўсё яшчэ засталіся сумневы датычна вашай просьбы.
str_persuasion_summary_very_good|Вы прамаўляеце палымяную гаворка, якая музыкай льецца ў вушы слухачоў. Здаецца, увесь свет заціх і слухае вам. {s50} расчулены вашымі словамі і згаджаецца вам дапамагчы.
str_secret_sign_1|Шафа скача ў ночы...
str_secret_sign_2|Я прадаю лепшыя турэцкія габелены. Ці не хочаш зірнуць?
str_secret_sign_3|Знаёмы майго сябра даслаў...
str_secret_sign_4|З усходу дзьме моцны вецер, і рака становіцца чырвонай...
str_countersign_1|Ён танчыць для камоды або для падсвечніка?
str_countersign_2|Так, сіні ёсць?
str_countersign_3|Але, сябар мой, у знаёмага вашага сябра ніколі не будзе такога сябра, як я.
str_countersign_4|Вы захварэлі?
str_name_1|Сірко
str_name_2|Мазыра
str_name_3|Філон
str_name_4|Бухаць
str_name_5|Нечуй
str_name_6|Рурк
str_name_7|Асмунд
str_name_8|Б'ёрн
str_name_9|Сігвар
str_name_10|Таргейр
str_name_11|Гунстэйн
str_name_12|Чорт
str_name_13|Акунь
str_name_14|Бязносы
str_name_15|Буян
str_name_16|Ходкі
str_name_17|Табаш
str_name_18|Замор
str_name_19|Гудзь
str_name_20|Барнаба
str_name_21|Войцех
str_name_22|Гарша
str_name_23|Байбак
str_name_24|Бахмет
str_name_25|Акун
str_surname_1|{s50} пазначаны
str_surname_2|{s50} Патрашыцель
str_surname_3|{s50} бычыны вачэй
str_surname_4|{s50} цыбаты
str_surname_5|{s50} Каратыш
str_surname_6|{s50} Залатавуст
str_surname_7|{s50} Грамабой
str_surname_8|{s50} Сівы
str_surname_9|{s50} прагны
str_surname_10|{s50} добры
str_surname_11|{s50} высакародны
str_surname_12|{s50} здаравяка
str_surname_13|{s50} худы
str_surname_14|{s50} Шакал
str_surname_15|{s50} хвалько
str_surname_16|{s50} каршун
str_surname_17|{s50} Крыжавік
str_surname_18|{s50} Дубіна
str_surname_19|{s50} вушасты
str_surname_20|{s50} Мушкет
str_surname_21|{s50} белы
str_surname_22|{s50} Чорны
str_surname_23|{s50} руды
str_surname_24|{s50} трунар
str_surname_25|{s50} Жалезны
str_surname_26|{s50} Прасцяк
str_surname_27|{s50} Стары
str_surname_28|{s50} Даўгарукі
str_surname_29|{s50} кныр
str_surname_30|{s50} гарбаты
str_surname_31|{s50} Калабок
str_surname_32|{s50} тоўсты
str_surname_33|{s50} весялун
str_surname_34|{s50} хмурны
str_surname_35|{s50} касой
str_surname_36|{s50} пчаляр
str_surname_37|{s50} нямы
str_surname_38|{S50} стрэлак
str_surname_39|{s50} Сэрцаед
str_surname_40|{s50} мяняла
str_surname_41|{S50} воўк
str_surnames_end|прозвішчы скончаны
str_number_of_troops_killed_reg1|Забіта атрадаў: {reg1}
str_number_of_troops_wounded_reg1|Паранена атрадаў: {reg1}
str_number_of_own_troops_killed_reg1|Забіта сяброўскіх атрадаў: {reg1}
str_number_of_own_troops_wounded_reg1|Паранена сяброўскіх атрадаў: {reg1}
str_retreat|Адступаем!
str_siege_continues|Бой працягваецца...
str_casualty_display|Вашы страты: {s10}^страты ворага: {s11}{s12}
str_casualty_display_hp|^Вы параненыя і страцілі {reg1} ачкоў здароўя.
str_quest_log_updated|Часопіс заданняў абноўлены.
str_banner_selection_text|Вам выпаў гонар несці сцяг, які будзе адлюстроўваць ваш статус і прынясе вам славу. Які сцяг вы вылучыце?
str_retirement_text_1|Занадта позна вы ўсведамляеце, што вашых грошай не хопіць на нябеднае старасць. Бедныя зберажэнні хутка растаюць, і вы зноў адчайна кідаецеся на пошукі прыгод. Вы сканчаеце сваё жыццё ў {s9}, влача жабрацкае існаванне і жывучы за кошт міласці.
str_retirement_text_2|Занадта позна вы ўсведамляеце, што вашых грошай не хопіць на нябеднае старасць. Бедныя зберажэнні хутка растаюць, і вам нічога не застаецца, акрамя як стаць злачынцам у цёмных завулках {s9}, дзе вы рабуеце жанчын і бедных гараджан, адбіраючы ў іх бездапаможныя грошы.
str_retirement_text_3|Занадта позна вы ўсведамляеце, што вашых грошай не хопіць на нябеднае старасць. Бедныя зберажэнні хутка растаюць, і вы адпраўляецеся жабраваць па карчмах. Чуллівыя наведвальнікі часам частуюць вас выпіўкай, каб паслухаць вашыя апавяданні пра вайну. Зрэшты, вам ужо даўно ніхто не верыць.
str_retirement_text_4|Вашы зберажэнні невялікія, але іх хапае на куплю невялікага ўчастка зямлі каля {s7}. Так вы сталі свабодным землеўладальнікам, і хутка на вас звярнулі ўвагу патэнцыйныя {нявесты/жаніхі}. З часам сяляне сталі пачытаць вас як мясцовага героя - вам заўсёды даставалася ганаровае месца за святочным сталом, а пра вашых подзвігі зноў і зноў распавядалі ў піўных і карчмах. 
str_retirement_text_5|Вашы зберажэнні невялікія, але іх хапае на куплю невялікага шынка ў {s9}. Спачатку мясцовыя ставіліся да вас недаверліва, але паступова прынялі вас. З часам ваш кабак стаў папулярным, у ім праводзілася мноства святаў. Дзеля таго каб павячэраць або пераначаваць у вашым установе і паслухаць апавяданні аб вашым гераічным мінулым, некаторыя людзі спецыяльна прыязджалі з іншага горада. 
str_retirement_text_6|За час вашай кар'еры вы ўвесь час адкладалі грошы, а пасля здолелі распарадзіцца сваім багаццем з розумам. Купіўшы некалькі крам і складоў у {s9}, вы неўзабаве становіцеся адным з самых квітнеючых гарадскіх купцоў, прымнажаць свой стан, і неўзабаве слава вашай гандлёвай імперыі становіцца ані не менш вашай баявой славы.
str_retirement_text_7|У вас былі зямельныя ўладанні, няхай і невялікія, таму ваша будучыня было больш-менш наканаванае. Вы пасяліліся ў сваім маёнтку ў {s7}, сачылі за вёскай і палямі, гулялі ролю сусветнага суддзі і выконвалі абавязкі перад кіраўніком. Часам ён загадваў вам выступіць у ролі камандуючага ў сваіх ваенных паходах, але яны праходзілі даволі хутка, і да прыгод сваёй маладосці вы так і не вярнуліся. Грошай вы зарабілі дастаткова, у вас ёсць свая крэпасць і зямлі, так што вы можаце дазволіць сабе ўсё, што толькі пажадаеце.
str_retirement_text_8|Вы выдатна здолелі паклапаціцца пра сябе. Вашы шырокія валодання і назапашаныя зберажэнні дазволяць вам правесці рэшту жыцця ў багацці. Вярнуўшыся ў свой маёнтак {s8}, вы звяртаецеся да палітыкі і хутка становіцеся значнай фігурай у пры двары вашага кіраўніка. Вы разблытваць інтрыгі, палюеце, пируете ў раскошных залах, распавядаючы гасцям шматлікія гісторыі пра вайну. Словам, жыццё атрымалася.
str_retirement_text_9|За вашу выдатную верную службу кіраўнік завітаў вам спадчынны тытул, які дазволіў вам далучыцца да вышэйшай шляхты. Неўзабаве вы сталі спадаром {s7} і адным з самых блізкіх і давераных людзей кіраўніка. Ваша вядомасць прынесла вам ўплыў і немалую палітычную ўладу. Цяпер вы праводзіце свае дні ў справах кіраўнічых, распараджаецеся сваімі маёнткамі і ўспамінаеце старыя дні, поўныя прыгод і славы.
str_retirement_text_10|Вы пачыналі службу з самых нізоў, але кіраўнік высока цаніў вас, і многія былі невымоўна здзіўлены, калі ён завітаў вам наследны тытул {графа/графіні} і маёнтак {s9}. Цяпер у вашым распараджэнні велізарныя валодання і капіталы. Вы хутка становіцеся набліжаным кіраўніка, амаль раўняецеся з ім па сіле і ўплыву, дапамагаеце яму кіраваць дзяржавай. Вы па праву з'яўляецеся адной з самых значных фігур у дзяржаве.
str_loot_village|нападаць на безабаронных сялян
str_steal_from_villagers|красці ў бедных сялян
str_men_hungry|галадаваць
str_men_unpaid|гараваць
str_excessive_casualties|ператвараць любую бітву ў крывавую бойню для сваіх
str_flee_battle|бегчы з поля бою
str_fail_quest|правальваць заданне, за якое дадзена слова гонару
str_squander_money|проматывать давераныя грошы
str_murder_merchant|здзяйсняць стрыманае забойства
str_round_up_serfs|лавіць халопаў па загадзе двараніна
str_battle_fate_1|Мы падзяліліся ў запале бітвы
str_battle_fate_2|Мяне паранілі і пакінулі паміраць
str_battle_fate_3|Удар ворага пазбавіў мяне пачуццяў
str_battle_fate_4|За мяне патрабавалі выкуп
str_battle_fate_5|Мяне паланілі, але мне ўдалося збегчы
str_npc_morale_report|твой выбар спадарожнікаў мне ў агульным {s6} і {s7} твой спосаб вядзення спраў. Да таго ж, мне {s8} расклад рэчаў у цэлым
str_happy|вельмі прыемны
str_content|падабацца
str_concerned|не падабаецца
str_not_happy|зусім не падабаецца
str_miserable|агідны
str_morale_reg1| Баявы дух: {reg1}
str_bar_enthusiastic|                   Воін натхнёны
str_bar_content|              Воін задаволены
str_bar_weary|          Воін стомлены
str_bar_disgruntled|     Воін незадаволены
str_bar_miserable|  Воін у роспачы
str_here_plus_space|тут
str_npc1_intro|Каго я бачу! Ты ж служыў пад пачаткам князя Ярэмы...
str_npc2_intro|Прабачце, мы знаёмыя?
str_npc3_intro|{Сын мой / дачка мая}! Дазволь асвяціць тваю трапезу і прачытаць асаблівую і вельмі прыгожую малітву, якая прынясе табе поспех у баі. Гэта табе абыйдзецца ўсяго-то ў пару кружечек пеністага халоднага піва! 
str_npc4_intro|Здаровы будзь, казаче! Не хочаш выпіць са мной чарку добрай гарылкі?
str_npc5_intro|Гер Рытэр, не адкажы выпіць са мной чарку.
str_npc6_intro|Здаровы будзь, незнаёмы! Гэта ты тут шукаеш паляўнічых людзей? Я Стралец, клічуць Фядотаў...
str_npc7_intro|Калі ты збіраешся прапанаваць мне выпіць, то можаш нават не падыходзіць!
str_npc8_intro|Ісэнмесэ!
str_npc9_intro|Добры дзень, {пане / васпані}. Ты, гадзінай, не з Літвы?
str_npc10_intro|Віктар Дэ ла Бускадор, да тваіх паслуг!
str_npc11_intro|Мы, здаецца, знаёмыя. Мне патрэбна твая дапамога.
str_npc12_intro|Мне не падабаецца колер твайго твару, {спадар / спадарыня}. Ці не хочаш паставіць п'явак?
str_npc13_intro|Калі ты шукаеш варажбітку, то ты не ў час. Я гадаю толькі на малады месяц.
str_npc14_intro|Вітаю, {майстар / фройлен}. А віно тут, не знаходзь?
str_npc15_intro|Чаго тарашчышся, качалкі хочаш паспытаць?
str_npc16_intro|Ты збіраешся прапанаваць мне за дзесяць талераў прайсці ў твой пакой? Улічы, у мяне востры кінжал напагатове.
str_npc1_intro_response_1|Ты пазнаў бацьку. Дарэчы, ці не бачыў ты тут пана Заглобу? Я яго шукаю.
str_npc2_intro_response_1|Пакуль няма. Мяне клічуць {playername}.
str_npc3_intro_response_1|Будзь здаровы, Святы Айцец! З чаго гэта ты па карчмах жабраваць? 
str_npc4_intro_response_1|А чаго б не выпіць, калі чалавек добры...
str_npc5_intro_response_1|Што ж, можна. Адкажы-ка, што робіць шведскі мушкецёр ў тутэйшых месцах?
str_npc6_intro_response_1|Можа, і шукаю. А што гэта ў цябе кафтан истрепан, бердыш яшчэ? Са службы збег?
str_npc7_intro_response_1|Што ты. І ў думках не меў. А вось сам я з задавальненнем чарку перакуліну.
str_npc8_intro_response_1|Прабач, што Ты сказаў?
str_npc9_intro_response_1|Здаецца, ты мяне з кімсьці зблытаў, дружа. 
str_npc10_intro_response_1|Ну і імя. Ты іспанец?
str_npc11_intro_response_1|Не ўзгадваю. А ў чым справа?
str_npc12_intro_response_1|П'явак? А ты што, лекар?
str_npc13_intro_response_1|Цікава. А я думаў, што гадаць лепш у поўню...
str_npc14_intro_response_1|А ты, я гляджу, разбіраешся ў вінах?
str_npc15_intro_response_1|Божа барані! Мне падалося, табе ёсць, што расказаць. Як цябе клікаць-зваць?
str_npc16_intro_response_1|Што ты... Наадварот, хацеў пацікавіцца, ці не крыўдзіць цябе хто...
str_npc1_intro_response_2|Мне цяпер не да шчырых успамінаў.
str_npc2_intro_response_2|Прабач, я пазнаў.
str_npc3_intro_response_2|Вось ужо каго менш за ўсё чакаў убачыць... Ідзі, Святы Айцец, бог падасць...
str_npc4_intro_response_2|Дзякую, але я ўжо з'язджаю.
str_npc5_intro_response_2|Прабач, але я спяшаюся.
str_npc6_intro_response_2|Не, цябе падманулі.
str_npc7_intro_response_2|Ды дзеля бога, мне няма да цябе ніякай справы.
str_npc8_intro_response_2|Ідзі, ідзі, басурманін. Не разумею я па-вашаму.
str_npc9_intro_response_2|Пагаворым пазней, прыяцель. Я спяшаюся.
str_npc10_intro_response_2|Вельмі рады. Убачымся пазней.
str_npc11_intro_response_2|Прабач, я спяшаюся.
str_npc12_intro_response_2|Забірай сваіх чарвякоў і Зьнікні з вачэй маіх, крывапіўца...
str_npc13_intro_response_2|Я не веру варажбіткам. Бывай.
str_npc14_intro_response_2|Прабач, мне цяпер не да гутарак. Прыемнага вечара...
str_npc15_intro_response_2|Не-не! Ужо сыходжу...
str_npc16_intro_response_2|Навошта ж адразу пра дрэннае думаць? У любым выпадку, ужо сыходжу.
str_npc1_backstory_a|Пашанцавала табе, {сынку / Дачка}. Пан Заглоба я і ёсць!
str_npc2_backstory_a|Я апошні прадстаўнік старажытнага роду валашскіх гаспадароў. Мой знакаміты продак-Уладзіслаў Цепеш, па мянушцы Дракула, навальніца туркаў і валадар Трансільваніі!
str_npc3_backstory_a|З нядаўніх часоў я... як бы гэта дакладней сказаць, больш не нашу святарскі сан.
str_npc4_backstory_a|Мяне ўсё клічуць мамай. Я-нашчадак таго самага знакамітага казака, пра які кабзары спяваюць. Вядома, дзесяцёх Ляхаў шараварамі ня прыб'ю, але піку ў руках трымаць ўмею.  
str_npc5_backstory_a|Я не зусім у звальненні. Я ў часовай адстаўцы. 
str_npc6_backstory_a|Тут ты маеш рацыю. Збегчы. Ды і хто не збег бы? Я сам з Тулы, але апошнія гады служыў у маскоўскіх стральцах. Я, бач ты, складаўся здабытчыкам лоўчага загаду. Баравую дзічыну біў для царскага палаца.
str_npc7_backstory_a|Віно, гарылка, шнапс-гэта праклён маім жыцці. Варта мне прыгубіць моцнага напою, як усё цела пачынае зудеть і пакрываецца сыпам...
str_npc8_backstory_a|"А, обознался. Исэнмесе па-татарску значыць "" ці жывы ты яшчэ?""Гэта такое прывітанне накшталт"" як справы?"
str_npc9_backstory_a|Прашу мяне дараваць. Дазволь прадставіцца - я Альгерд. Сваё радавое імя Я палічыў за лепшае б не выдаваць.
str_npc10_backstory_a|Я атожылак старадаўняга роду, пусціў карані ў Старым і Новым Свеце. Бускадоры ўдзельнічалі ці ледзь не ва ўсіх войнах яшчэ з часоў Рэканкісты.
str_npc11_backstory_a|На мяне адкрылі паляванне людзі татарскага хана. Я загнаў трох коней і нарэшце схаваўся тут.
str_npc12_backstory_a|Сам я родам з Кіева. Вучыўся ў Кіева-брацкай Калегіі, асвоіў грамату і падаўся ў лекары. Да нядаўніх часоў карыстаў казакоў з куранёўскага прадмесця. Лячыў ад пахмелля, кроў пускаў, параненым перавязкі рабіў. І жыў бы сабе прыпяваючы, калі б не сустрэў французскага картографа... Як там яго... Гіёма дэ Боплана. Ён праездам быў у Кіеве, занямог, вось мяне і паклікалі яму п'явак ставіць... 
str_npc13_backstory_a|Я Аксана, вядзьмарка. Мастацтва варажбы перадаецца ў маёй сям'і ад бабкі да ўнучкі з спрадвечных часоў.
str_npc14_backstory_a|Яшчэ б. Бо я вайсковая маркитантка з патэнтам ад самога караля Швецыі. Дакладней была да нядаўніх часоў.
str_npc15_backstory_a|Варвара Я. родам з Ноўгарада. Там і пражыла ўсё жыццё, пакуль не заўдавела.
str_npc16_backstory_a|Крыўдзіць? Мяне? Ніводнага з тых, хто сур'ёзна паспрабаваў мяне пакрыўдзіць, даўно ўжо няма ў жывых.
str_npc1_backstory_b|Хутчэй лісце перечтешь ў лесе, чым усіх тых ворагаў, што я зьнішчыў. Будзь у мяне столькі валасоў на галаве, колькі я адзін іх паклаў, цырульнікі багацце б нажылі на подбривке адной маёй чуприны. Будзь Я пракляты, калі схлушу... 
str_npc2_backstory_b|Кароль Венгрыі-люты вораг валахаў-загадаў распаўсюджваць жахлівыя чуткі аб крыважэрнасці майго продка! Гэтыя жудасныя легенды сталі сапраўдным праклёнам нашай сям'і. Нашчадкі Дракулы пакінулі Трансільванію, так што я вырас у памежным Камянцы.  З нядаўніх часоў вымушаны падарожнічаць. Праўда, не па сваёй волі.
str_npc3_backstory_b|"Я ксёндз Спасакукоцкі. Біскуп Рыгі даў мне невялікую сельскую парафію, а праз тыдзень паслаў туды свайго рызнічага, каб праверыць, як я кіруюся. Па завяршэнні нядзельнай імшы гэты зануда прыйшоў у маю сціплую келлю. Спачатку пацікавіўся, што робіць у мяне прыхаджанка, затым пачаў павучаць. Пакуль ён казаў, што кадзілам падчас службы над галавой не круцяць, я цярпеў. Калі заявіў, што малітву трэба заканчваць словам ""Амін"", а не тым, якім я скончыў, я прамаўчаў. Хоць парафіянам-то мая варыяцыя прыйшлася па душы! Але калі ён пачаў крычаць, што ў Рызе на рынку бачыў прадметы з майго царкоўнага начыння, тут я не вытрымаў і адыходзіў нахабніка шостым так, што яго напаўжывога павезлі."
str_npc4_backstory_b|У бітве пад Берестечком, калі ляхі з крымчакамі разграмілі ўшчэнт Хмяльніцкага, я трапіў у татарскі палон. Татары адвезлі мяне ў Кафу, прапаноўвалі ісці ў найміты да турэцкага султану. Але я перабіў варту і збег.
str_npc5_backstory_b|Я служыў у мушкетным палку генерала Ленарта Торстэнсана, лепшага ваеначальніка Швецыі. Удзельнічаў у бітве пад Янковым, дзе мы ўшчэнт разграмілі адборнае войска германцаў. Вось часы былі! 
str_npc6_backstory_b|Усім бы служба добрая, калі б не адзін пад'ячы тайнага загаду. Сам худы, бороденка казліная, на воку бяльмо, а паклаў вока на маю маладую жонку. Але ведаў, гнілуша, што яна мне Дакладная, вось і ўдумаў каверзу па сваім невясёлым ведамству. Нашаптаў нашаму лоўчаму дзяку, быццам я хваліўся прылюдна, што ў лесе каня цудоўнага бачыў, з рогам у ілбе. А гасудар наш да рэдкага звяр'я ахвота. Вось і далі мне даручэнне-здабыць гэтую стварэньне, а інакш са службы далоў і ў астрог за блудаслоўе.
str_npc7_backstory_b|Завуць мяне Елісей. Я чацвёрты сын Разанскага Баярына Скібы. З самага нараджэння Бацька рыхтаваў нас да вайсковай службы. Я вучыўся ездзіць верхам, страляць з пістоля, фехтаваць. 
str_npc8_backstory_b|Я Бахыт. Пятнаццаць гадоў прапрацаваў у Бахчысараі падручным ханскага ката. Праца, вядома, клапотная, але мне падабалася. Пакуль новы хан не прызначыў новага візіра. 
str_npc9_backstory_b|Мой продак атрымаў свой тытул ад вялікага князя Альгерда ў канцы 14 стагоддзя. За вайсковую доблесць яму былі падараваныя шырокія землі ў горада Бранска. З тых часоў усіх старэйшых сыноў у родзе называюць яго імем. Наш род верай і праўдай служыў Вялікаму Княству Літоўскаму на працягу трох стагоддзяў, а нашы памежныя землі заўсёды былі яблыкам разладу паміж Літвой і Масквой. Уладанні нашы патроху прыходзілі ў заняпад, але мы ўсё яшчэ заставаліся іх гаспадарамі. Але нядаўна маскоўскі цар аддаў іх свайму баярыну.
str_npc10_backstory_b|Сюды я прыбыў па запрашэнні князя Радзівіла. Спачатку быў у яго асабістай ахове, затым атрымаў пяхотную харугву. Мы нядрэнна праявілі сябе ў ваенных дзеяннях. Князь нават падумваў выдаць мне полк...
str_npc11_backstory_b|Я-кіраўнік Нагайскай арды, мурза Нагай. Ува мне цячэ кроў вялікага Чынгісхана, а мае продкі зналіся з маскоўскімі царамі. Я не магу спакойна глядзець, як Крымскім ханствам кіруюць бязродныя Гірэі. Я яшчэ і даніну ім плаціць павінен.
str_npc12_backstory_b|Француз апынуўся на рэдкасць гаваркі. Пакуль я яго карыстаў, чаго ён толькі не распавядаў. І што вішні пад Пераяславам растуць не вышэй чым па пояс, і што ракі ва ўкраінскіх рэках велічынёй ледзь не з котку, і што ў татараў дзеці, нібы шчанюкі, нараджаюцца сляпымі і адкрываюць вочы толькі на другі тыдзень... А акрамя іншых гісторый, гэты Боплан распавёў, што казакі на Сечы лечаць ліхаманку, змешваючы гарылку з порахам... 
str_npc13_backstory_b|Я магу рыхтаваць чары зелля, прадказваць будучыню, наваражыць поспех у баі. Яшчэ я выдатна загаворваю зубы і лячу коней.
str_npc14_backstory_b|Я Інгры, родам з Рэвеля. Калі патрэбен запас па самай смешны цане або хочаш збыць утрая даражэй любую тухлятину - смела звяртайся да мяне. Я пастаўляла правіянт і віно прыдворнаму палку Карла Густава, і ўсе былі задаволеныя. Акрамя канкурэнтаў, вядома. Гэтыя ўблюдкі падмянілі адну з бочак з півам, і мае кліенты ў дзень нараджэння караля пачаставаліся за сталом конскай мочой! Не пашанцавала, што тут скажаш! Цяпер у мяне ні патэнта маркитантки, ні зберажэнняў - вольная пташка. 
str_npc15_backstory_b|Муж мой нябожчык, як да медавухі заахвоціўся, пакалочваць мяне стаў. Прыйдзе, бывала, дадому на бровах і хваць за рэмень... Ну, аднойчы я і не вытрымала. Як раз на кухні з тэстам важдалася, а рука ў мяне цяжкая... Рушыла качалкай па цемечку ды галаву яму і праламала.
str_npc16_backstory_b|Я родам з Кафы. Ледзь мне споўнілася чатырнаццаць, як мяне забралі ў бацькоў, адвезлі ў Стамбул і сталі навучаць на ахоўніцу. У васемнаццаць я стала целаахоўніцай каханай жонкі султана. Аднак неўзабаве мая ханум чымсьці не дагадзіла Ўладару, і яе задушылі еўнухі. Мяне ж вярнулі ў Кафу. Але не дадому, а на нявольніцкі рынак. На продаж. 
str_npc1_backstory_c|Я гляджу, ты на вайну сабраўся. І калі паклічаш мяне з сабой, то хіба толькі ногі мае пусцяць карані ў зямлю, тады не пайду, ды і то папрашу выкарчаваць. Ужо вельмі мне хочацца яшчэ разок паспытаць шведскага мясца, усё роўна як ваўку бараніны! Ах, прахвосты! Ах, нягоднікі! Блыхі ім усе ногі ў панчошкі поискусали, вось і не сядзіцца ім дома, лезуць у чужыя землі...
str_npc2_backstory_c|Некалькі гадоў таму Камянец абложвала армія Хмяльніцкага. Неўзабаве ў казацкім лагеры ўспыхнула чума, і яны прыбраліся дадому. Аднак страшнае пошасць забрала жыцці многіх гараджан. У тым ліку і маіх бацькоў. Я добраахвотна ўсклаў на сябе абавязкі капітана гарадской варты і быў так заняты на службе, што мог наведваць іх магілы толькі пасля заходу сонца. Могілкавы вартаўнік разбоўтаў пра гэта ў піўной, далучыўшы ад сябе выдумкі аб раскапаных магілах. Крамнікі, раззлаваныя вайной і чумой, абвінавацілі мяне ва ўсіх смяротных грахах і сталі рыхтаваць расправу. Усё, што я паспеў прыхапіць, уцякаючы з горада, - гэта шпага і трактат аб воінскім мастацтве.  
str_npc3_backstory_c|Даведаўшыся пра гэта, біскуп выслаў за мной атрад наймітаў. Але я чакаць іх не стаў, сабраў пажыткі ды змыўся ў лес. Неўзабаве даведаўся, што біскуп пазбавіў мяне сану і адлучыў ад царквы.
str_npc4_backstory_c|Вярнуўшыся дадому ўбачыў, што на Сечы ўсё змянілася.
str_npc5_backstory_c|Наш полк быў выведзены на адпачынак у багаты вялікапольскі гарадок. Мы, салдаты Яго Вялікасці караля Карла, дазволілі сабе крыху расслабіцца. А тое, што я нібыта прадаў заезджаму гандляру сваю алебарду, каб замовіць выпіўку ўсёй карчме, нахабная хлусня! Я, прынамсі, гэтага не памятаю... Назаўтра пра тое было даложана камандзіру палка, і ён пазбавіў мяне вайсковага патэнта. Але я не губляю надзеі вярнуцца ў строй. Я ўжо падрыхтаваў петыцыю і хачу асабіста ўручыць яе каралю Карлу. Але стаўка нашага найсвятлейшага манарха пастаянна перамяшчаецца разам з войскам, і ў пагоні за ёй я растраціў усе свае зберажэнні.
str_npc6_backstory_c|Дзявацца няма куды-і так мне ў астрог, а жоначка маёй да подьячему на пярыну. Узяў дзядоў бердыш, пайшоў да подьячему на падворку і закалоў яго, як свінню. А жонку Настассю за дзень да гэтага ўпотай адправіў у Астрахань, да далёкай радні. 
str_npc7_backstory_c|Калі мне споўнілася пятнаццаць, бацька адправіў мяне ў Маскву. Я паступіў у полк новага ладу і праслужыў там месяц. Да першай гулянкі. Пасля таго як я наадрэз адмовіўся піць за здароўе нашага ваяводы, усе адвярнуліся ад мяне. Я спрабаваў знайсці сабе месца ў якім-небудзь ведамстве,але каму ў Маскве патрэбен непітушчы? 
str_npc8_backstory_c|Стары візір быў адпраўлены ў адстаўку. Я рыдаў, зацягваючы на яго шыі Шаўковы шнурок. А новы апынуўся скупым, як Стамбульскі мяняла. Ён вырашыў, што падручны кату ні да чаго, і мяне ў той жа дзень выставілі з палаца. Цяпер я перабіваюся выпадковымі заробкамі. Падручным ў мясным шэрагу, раздельщиком туш на бойні. Дакаціўся нават да таго, што за дзесяць талераў пагадзіўся свінню забіць у адным казацкім хутары, падзяры шайтан гэта жывёла, праклятае Алахам... 
str_npc9_backstory_c|Усё што ў мяне засталося - прадзедаўскі меч ды рыцарская гонар.
str_npc10_backstory_c|Як кажуць французы, сherchez la femme. Я сустрэў у гэтых месцах выдатную паненку-кіяўлянку і закахаўся ў яе так, што неадкладна пакінуў службу і арандаваў для нас гарадскі асабняк. Тры месяцы праляцелі як адзін дзень. Але пасля таго як у мяне скончыліся грошы і гаспадар выставіў нас з хаты, паночка збегла з праезджым гандляром пушнінай.
str_npc11_backstory_c|Мне надакучыла цярпець знявагі, і я прагнаў ханскіх Баскакаў. Праз два тыдні ў нашы прыдняпроўскія стэпы з боку Перакопа прыйшло вялікае войска. Мне давялося бегчы. 
str_npc12_backstory_c|На наступны дзень мяне паклікалі да галля казачаму палкоўніку на Куранёўку. Вось я яму гэта пойла і прапісаў. Небарака, як аблажыў шклянку, закрычаў як рэзаны. Так і лямантаваў да самага вечара, потым дуба даў. Салетра, што ў пораху, яму ўсё кішкі спаліла.Куранёўцы, даведаўшыся ў чым справа, гналіся за мной ледзь не ўсім палком. Абяцалі шкуру на барабан нацягнуць.
str_npc13_backstory_c|Сама я родам з Палтавы. Жыла б сабе і не тужыла, ды як на злосць восенню здарыўся склон жывёлы. Мясцовы бацюшка даўно тачыў на мяне зуб, маўляў, я ў яго паству адбіраю. Я вінаваціў быдла заваражыла. У той жа вечар маю хату абмазалі дзёгцем і спалілі. На шчасце, знайшліся добрыя людзі, апярэдзілі мяне своечасова-і я паспела збегчы.
str_npc14_backstory_c|Цяпер вось шукаю камандзіра, які б па вартасці ацаніў мае здольнасці.
str_npc15_backstory_c|Шум падняўся, прыбеглі стражнікі, хацелі мяне на суд весці. А я так раззлавалася, што сябе ўжо не памятала. Адабрала ў аднаго сякера на доўгай палцы ды загнала ўсіх траіх па шыю ў Волхаў. Сама падалася да сястры... Яна да нядаўніх часоў тут жыла, але тыдзень таму аддала богу душу.
str_npc16_backstory_c|Але яны забыліся, з кім маюць справу. На другі дзень я перарэзала ўсю ахову і растварылася ў ночы.
str_npc1_backstory_later|Я, хоць і дажыў да сівізны, але яшчэ поўны сіл. Так што бяры мяне з сабой, не раздумвай.
str_npc2_backstory_later|Я дваранін і маю ваенны вопыт. Але па прычыне свайго гаротнага становішча вымушаны выконваць любую працу-наймацца ў ахову купцам, несці начную варту ля дамоў дваран. Яшчэ я зарабляю гульнёй у карты. Дарэчы, табе не патрэбен тлумачальны спадарожнік? 
str_npc3_backstory_later|Вось шукаю, чым цяпер заняцца... 
str_npc4_backstory_later|Цяпер шукаю адчайных хлопцаў, каб разам з імі па ляшскім маеткам пагуляць.
str_npc5_backstory_later|Хачу пацікавіцца, ці не патрэбны табе ў атрадзе ветэран-ландскнехт? 
str_npc6_backstory_later|Вось і шукаю цяпер, з кім бы далей шлях трымаць. 
str_npc7_backstory_later|Дадому мне вяртання няма, вось спрабую знайсці сабе хоць нейкую справу.
str_npc8_backstory_later|У адстаўнога ката шмат ворагаў. Сваякам пакараных не патлумачыш, што гэта ўсяго толькі мая праца. Ды і паспрабуй уладкуйся з такой рэпутацыяй на новае месца. Але калі табе патрэбен чалавек, выдатна валодае пятлёй і сякерай, я да тваіх паслуг.
str_npc9_backstory_later|Я гатовы пайсці за тым, хто змагаецца за правае справа.
str_npc10_backstory_later|Сяджу тут ужо каторы дзень і праядаю апошнія грошы.
str_npc11_backstory_later|Я займаюся чым патрапіла. Рэдкі камандзір пагодзіцца ўзяць на службу Стары мяшок костак накшталт мяне, нават калі я адолею ў баі палову такіх, як ён.
str_npc12_backstory_later|Цяпер шукаю сабе надзейнага заступніка, якога я б пазбавіў ад любых хворасцяў. 
str_npc13_backstory_later|Я засталася без прытулку і перабіваюся прыдарожнай варажбой. Але тулянні ў адзіночку - не для маладой дзяўчыны.
str_npc14_backstory_later|Дарэчы, {майстар/фраў}, ці не патрэбна табе дасведчаная маркитантка? Калі ў абозе поўна правіянту, у бочачцы прызапашаны добры порах, а ў дні адпачынку заўсёды пад рукой бутлю добрага віна - і ваюецца весялей.
str_npc15_backstory_later|Вось сяджу і думу думаю, куды цяпер мне падацца.
str_npc16_backstory_later|Цяпер вось шукаю добрага чалавека, які мае патрэбу ў надзейнай ахове.
str_npc1_backstory_response_1|Даўно марыў мець у дарадцах знакамітага воіна.
str_npc2_backstory_response_1|Што ж, вострая шпага ў атрадзе лішняй не бывае.
str_npc3_backstory_response_1|Капелан, хоць і расстрыга, у атрадзе лішнім не будзе.
str_npc4_backstory_response_1|Едзем са мной. Лёгкую жыццё не абяцаю, але на гарылку і трафеі можаш разлічваць.
str_npc5_backstory_response_1|Салдат, які ваяваў пад пачаткам самога Торстенссона, мне спатрэбіцца...
str_npc6_backstory_response_1|Едзем са мной. Каня рагатай не абяцаю, але ў іншай дзічыны недахопу не будзе. 
str_npc7_backstory_response_1|Непітушчы салдат? Што ж, мне як раз такі і патрэбны.
str_npc8_backstory_response_1|Што ж, рубакі мне ў атрадзе патрэбныя...
str_npc9_backstory_response_1|Ну што ж, раз так, то далучайся да мяне. 
str_npc10_backstory_response_1|Ці не хочаш адправіцца са мной?
str_npc11_backstory_response_1|Буду рады прыняць цябе ў атрад, калі ты пагодзішся.
str_npc12_backstory_response_1|Лекар у атрадзе патрэбны. Далучаць.
str_npc13_backstory_response_1|А ці не хочаш праявіць свае таленты пад маім пачаткам?
str_npc14_backstory_response_1|Што ж, у маім атрадзе ты лішняй не будзеш.
str_npc15_backstory_response_1|Кажаш, мужу качалкай чэрап праламала, а трох стражнікаў разагнала алебардай?
str_npc16_backstory_response_1|Ты можаш Спатрэбіцца мне ў атрадзе.
str_npc1_backstory_response_2|Я б рады цябе ўзяць, Бацька, але не цяпер, а крыху пазней.
str_npc2_backstory_response_2|Я цяпер не маю патрэбы ў спадарожніках. 
str_npc3_backstory_response_2|Ну ўжо няма. Мне зносін з табой за вочы хапіла.
str_npc4_backstory_response_2|Не думаю, што гэтак славуты воін пагодзіцца ваяваць пад маім пачаткам.
str_npc5_backstory_response_2|Ты павінен вярнуцца ў шведскую армію. Нам з табой не па дарозе.
str_npc6_backstory_response_2|Сумная гісторыя. Зрэшты, дзесьці я яе ўжо чуў. Бывай!
str_npc7_backstory_response_2|"Казакі кажуць:""Непитуча людына або хвора, або падлюка"". Так што сам разумееш..."
str_npc8_backstory_response_2|Прабач, але кат мне ні да чаго. Звярніся да каго-небудзь іншаму.
str_npc9_backstory_response_2|Правае справа всяк разумее па-свойму. Думаю, я не лепшы спадарожнік табе.
str_npc10_backstory_response_2|Раю табе вярнуцца на службу.
str_npc11_backstory_response_2|Да уж, адзін у полі не воін. Знайдзі сабе новую арду... 
str_npc12_backstory_response_2|Ну ўжо не, дружа! Гэтак ты і мяне якой-небудзь атрутай попользуешь.
str_npc13_backstory_response_2|Я заўсёды лічыў ведзьмакоў ашуканцамі. Падобна на тое, табе дасталася разам.
str_npc14_backstory_response_2|Баюся, што мой кашалёк не здзюжыць пры тваіх талентах. Пакуль мой адказ-не.
str_npc15_backstory_response_2|Да уж. Таму, хто з табой звяжацца, не пазайздросціш...
str_npc16_backstory_response_2|Падобна на тое, з табой небяспечна звязвацца...
str_npc1_signup|Вось і хвалебна. А зараз паабедаем і ў дарогу!
str_npc2_signup|Спадзяюся, ты выбачыш мяне, калі я не састаўлю табе кампанію. Я ўжо абедаў і ніколі не вячэраю.
str_npc3_signup|З задавальненнем прымаю тваю прапанову, {сын мой / дачка мая}! Клянуся Дзевай Марыяй, ты пра гэта не пашкадуеш.
str_npc4_signup|Дабро. Будзь па-твойму. 
str_npc5_signup|Вось і выдатна. Я ж не толькі добры стралок і копейщик. Яшчэ я выдатна кіруюся з палоннымі і магу ўзяць на сябе Збор трафеяў.
str_npc6_signup|Мне дзявацца няма куды, мала хто збеглага Стральца на службу ўзяць рызыкне. З радасцю пайду з табой. Я ж вавёрцы ў вока трапляю з лука, а ў чытанні слядоў мне няма роўных.
str_npc7_signup|Вось дзякуй, {пане / васпані}. За такое не грэх перакуліць кружку добрага квасу...
str_npc8_signup|Міласэрны Алах, які паслаў мне добрага спадара. Дарэчы, ад добрага абеду я не адмоўлюся. Толькі ніякай свініны!
str_npc9_signup|Дзякуй табе. Я вадзіў у атакі эскадроны і змагу замяняць цябе ў баі. А ва ўменні кіравацца з пікай мне няма роўных.
str_npc10_signup|Вядома! Клянуся, ты не пашкадуеш. Я буду трэніраваць тваіх байцоў днём і ноччу, так што яны хутка стануць сапраўднымі салдатамі.
str_npc11_signup|Я нарадзіўся ў сядле, выдатна валодаю шабляй і ўмею знаходзіць шлях у стэпе.
str_npc12_signup|Премного ўдзячны. Я ж не толькі ліхаманку лячыць магу і п'явак ставіць. Яшчэ я навучаны рабіць перавязкі ў баі.
str_npc13_signup|Ты прапануеш далучыцца да твайго атраду? Што ж, я не супраць. 
str_npc14_signup|Добра, я гатовая ісці за табой. Цяпер за ўсё, што звязана з купляй і продажам, буду адказваць я. Пры гэтым я магу не толькі гандляваць, але і шаблю ў руках трымаць ўмею. Абозы часта даводзіцца абараняць...
str_npc15_signup|Ды я, калі не злуюся, ціхая, як мыш. Але калі вывесці з сябе, то каго хошь кулаком прыб'ю. Узяць бы табе мяне з сабой, {Паважаны/паважаная}, я пірагі печ ўмею!
str_npc16_signup|Гатовы ісці за табой Хоць у пашчу шайтана. Я выдатна валодаю нажом і трапна страляю. 
str_npc1_signup_2|Толькі Запомні: салдаты заўсёды павінны быць добра накормлены і своечасова атрымліваць жалаванне.
str_npc2_signup_2|Я выдатна валодаю шпагай, доўга навучаўся тактыцы, а ў выпадку хваробы не баюся зрабіць кровапусканне.
str_npc3_signup_2|Царкоўная служба - не адзіная мая прафесія. Я выдатна валодаю дзідай, а калі трэба чаго дамагчыся, магу і мёртвага ўгаварыць. Толькі вось баязліўцаў не люблю...
str_npc4_signup_2|Толькі ўлічы: з таго часу, як я ў палоне пабываў, не пераношу тых камандзіраў, што бягуць з поля бою.
str_npc5_signup_2|Толькі ўлічы, у шведскай арміі я прывык да таго, што салдат кормяць рэгулярна, а жалаванне не затрымліваюць. І супраць сваіх я, сам разумееш, ваяваць не буду.
str_npc6_signup_2|Спадзяюся, ты сумленны воін, а не які-небудзь рабаўнік. Я ж на службе многае пабачыў і не трываю, калі крыўдзяць безабаронных.
str_npc7_signup_2|Толькі ўлічы, я ад свайго камандзіра ганьбы не пацярплю.
str_npc8_signup_2|Нармальная кармленне-залог маёй вернасці, ага. І яшчэ, я стараюся далей трымацца ад жанчын... Бязбожныя стварэння!
str_npc9_signup_2|Галоўнае, каб наш атрад не срамил рыцарскай гонару. Таму што гонар для літоўскага двараніна, хай і спустошанага, вышэй за ўсё.
str_npc10_signup_2|Галоўнае, каб наш атрад быў адзіным цэлым. Ніякіх парушэнняў дысцыпліны, прагулаў, даўгоў і нявыплачаных жалаванняў!
str_npc11_signup_2|Толькі памятай, што з крымчакамі мне лепш не сустракацца.
str_npc12_signup_2|Толькі адзінае... Сам я з простага роду і запал як не люблю тых спадароў, што нажываюцца, абіраючы простага люду...
str_npc13_signup_2|Маё рамяство забараняе забіваць людзей. Акрамя выпадкаў самаабароны. Але ва ўсім, што тычыцца мірнай дзейнасці, я карысная як ніхто іншы.
str_npc14_signup_2|Галоўнае-каб вакол не было іншых жанчын. Інакш будзе не жыццё, а суцэльныя сваркі.
str_npc15_signup_2|Увогуле, калі чаго трэба па гаспадарцы-гэта да мяне.
str_npc16_signup_2|Адзінае, чаго я не трываю, гэта баязлівасці і непрыстойнасці.
str_npc1_signup_response_1|Я ніколі не эканомлю на правіянце, Бацька. Так што за гэта не перажывай.
str_npc2_signup_response_1|Ну што ж, далучайся да майго атраду.
str_npc3_signup_response_1|Спадзяюся, твой доўгі мова прынясе нам карысць.
str_npc4_signup_response_1|Тут я з табой салідарны. Выпі за мой кошт і збірай рэчы, хутка выступаем.
str_npc5_signup_response_1|Добра, збірайся, ландскнехт. Паглядзім, які ты ў справе.
str_npc6_signup_response_1|Мне як раз такі і патрэбны. Пасля вячэры рыхтуйся да выступлення.
str_npc7_signup_response_1|Пі свой квас, юнак, і ні пра што не турбуйся.
str_npc8_signup_response_1|Рабі сваю справу і наконт кармлення не турбуйся.
str_npc9_signup_response_1|Рады, што мы разумеем адзін аднаго.
str_npc10_signup_response_1|Такі памочнік мне спатрэбіцца!
str_npc11_signup_response_1|Што ж, нага, лічы, што ты прыняты ў атрад.
str_npc12_signup_response_1|Я заўсёды раблю па гонару. Ідзі, рыхтуйся да ад'езду.
str_npc13_signup_response_1|Спадзяюся, ты зможаш прычараваць мне поспех.
str_npc14_signup_response_1|Я думаю, што ты зможаш ўжыцца з маімі спадарожнікамі. Збірацца.
str_npc15_signup_response_1|Пірагі, кажаш?  Здаецца мне, ад цябе будзе больш карысці ў баі, чым на кухні.
str_npc16_signup_response_1|Ну што ж, збірайся. Хутка ў дарогу.
str_npc1_signup_response_2|На вайне даводзіцца туга зацягваць пояс. Так што прабач ...
str_npc2_signup_response_2|Падарожнічаць са сваяком Дракулы? Няма ўжо, дзякуй.
str_npc3_signup_response_2|Ты альбо крыж здымі, альбо кірасу надзень. Пагаворым, калі вызначышся.
str_npc4_signup_response_2|Прайграўшы бой, можна выйграць вайну. Пашукай сабе іншага напарніка.
str_npc5_signup_response_2|Ты нешта пераблытаў, ландскнехт. Я камандую не каралеўскім палком.
str_npc6_signup_response_2|На вайне грань паміж подзвігам і разбоем часам неадметная. Нам не па шляху.
str_npc7_signup_response_2|Непітушчы мараліст? Мы не богу малітвы ўзносім, а ратнай працай зарабляем.
str_npc8_signup_response_2|Кат-жанчынаненавіснікі, ды яшчэ і абжора... Баюся, нам не па дарозе.
str_npc9_signup_response_2|Не думаю, што ты ўжывешся з хлопцамі ў маім атрадзе. Шчасліва!
str_npc10_signup_response_2|Баюся, такі Цэрбер, як ты, распужае мне ўсіх наймітаў.
str_npc11_signup_response_2|Браць цябе з сабой небяспечна. Не хачу сварыцца з татарамі.
str_npc12_signup_response_2|А для чаго тады існуюць прастачыны? Мне ў атрадзе бунтары не патрэбныя.
str_npc13_signup_response_2|Адзін пацыфіст у атрадзе па разбуральнай сіле роўны кирасирскому паліцу.
str_npc14_signup_response_2|Ну ўжо няма. Зладзеяватая жанчынаненавісніца мне не патрэбна.
str_npc15_signup_response_2|Была ў Францыі жанчына-воін, Жанна з Арка. Яна дрэнна скончыла...
str_npc16_signup_response_2|Целаахоўнік з уласнымі паняццямі аб прыстойнасці? Гэта хутчэй канваір...
str_npc1_payment|Я табе вельмі прыгожы, {пане / васпані}. Магу на што хочаш спрачацца. Толькі вось ёсць адна справа, перад тым як мы адправімся ў шлях... Ты не пазычыш мне {reg3} талераў? Сорамна прызнаць, але я моцна прытрымаўся... Я жыў у гэтай карчме некалькі тыдняў, і гаспадар больш не верыць, што ў мяне ёсць золата, каб расплаціцца за ўсё. Можа здарыцца канфлікт, калі ён убачыць, што мы з табой сыходзім, не заплаціўшы...
str_npc2_payment|З задавальненнем. Адзіная просьба. Мінулай ноччу мне крыху не пашанцавала ў гульні. Не мог бы ты пагасіць мой доўг? Сума-існая дробязь, усяго {reg3} талераў. Тады я змагу пакінуць гэты горад з чыстым сэрцам і сумленнем.
str_npc3_payment|.
str_npc4_payment|Ёсць толькі адна дробязь. Я тут драбніцу завінаваціўся карчмар. Учора гуляў, частаваў усіх, хто быў у карчме. Потым мы крыху пабіліся з заезджымі ляхамі... Не мог бы ты мяне ну накшталт як выкупіць? Гаворка ідзе пра нейкія {reg3} талерах.
str_npc5_payment|І вось яшчэ што. Пазбавіўшыся сродкаў да існавання, я быў вымушаны закласці сваю кірасу. Не мог бы ты выдаць мне авансам {reg3} талераў, каб разлічыцца з ліхвяром? Бо без кірасы ад мяне ў баі карысці не больш, чым ад чарапахі без панцыра.
str_npc6_payment|Толькі вось ёсць закавыка. Жонка мая засталася без гроша. Вось калі б ты мне даў {reg3} талераў, каб я змог ёй пераслаць на пражыццё, то я б гэты ж гадзіну пайшоў куды скажаш. А інакш, каб здабыць хоць нейкія грашанкі, прыйдзецца мне падацца ў разбойнікі. 
str_npc7_payment|Я гатовы. Адзіная просьба-выдзеліў мне {reg3} талераў на новы кафтан. Мой зусім пазносіўся, не хацелася б ісці ў такім выглядзе.
str_npc8_payment|Мой сякера добра паслужыць табе, ага. Калі, вядома, ты дасі мне {reg3} талераў, каб я заплаціў за новую рукаяць для сякеры. Месяц я працаваў на тутэйшай бойні, вось ён і прыйшоў у непрыдатнасць. 
str_npc9_payment|Я рады, {пане / васпані}, што мы зладзілі. Але ў мяне ёсць да цябе невялікая просьба. Мне трэба тэрмінова здабыць {reg3} талераў, каб выкупіць генеалагічнае дрэва, якое мне склаў і зацвердзіў пячаткай цудам сустрэўся ў шляху герольдмайстар. Маючы на руках такі пергамент, я змагу патрабаваць вяртання сваіх зямель...
str_npc10_payment|Вось і дамовіліся. І, раз ужо мы цяпер, як той казаў, у адной лодцы, смею папрасіць аб невялікім ласцы. Гаворка ідзе пра суму ў {reg3} талераў. Менавіта столькі просіць тутэйшы ювелір за колца. Я адшлю яго сваёй паненцы, і, можа быць, яна вернецца да мяне.
str_npc11_payment|Алах Акбар! Выдзеліў мне {reg3} талераў на новае сядло. 
str_npc12_payment|{Спадар / спадарыня}, засталося ўладзіць невялікую фармальнасць. Я хацеў бы атрымаць авансам невялікую суму. Усяго толькі {reg3} талераў. 
str_npc13_payment|Раз ужо мы дамовіліся, то адважуся прасіць аб невялікім ласцы. Тут у мяне жыве далёкая сваячка, якая мяне прытуліла. Не мог бы ты даць мне {reg3} талераў, каб я аддзячыла яе за дабро?
str_npc14_payment|Ёсць толькі адзін непрыемны момант. Тут на днях праходзіў кірмаш, і я перапрадала невялікую партыю віна без дазволу тутэйшай гандлёвай гільдыі. Пакуль я не выплачу штраф у {reg3} талераў, варта не выпусціць мяне з горада.
str_npc15_payment|Ой, радасць-то якая. {Паважаны / Паважаная}, не пашкадуй мне {reg3} талераў на новыя саф'янавыя боцікі. А то ў анучах я куды пайду?
str_npc16_payment|Дзякую Табе! Але перш выдай мне {reg3} талераў. Я прыгледзела ў Зброевай краме выдатную споднюю кальчугу. Без яе які з мяне целаахоўнік?
str_npc1_payment_response|Добра.
str_npc2_payment_response|Вось {reg3} талераў.
str_npc3_payment_response|Добра.
str_npc4_payment_response|Пра што гаворка. Атрымлівай {reg3} талераў.
str_npc5_payment_response|У гэтым Кошаль {reg3} талераў. Спадзяюся, ты адпрацуеш іх вернай службай.
str_npc6_payment_response|Сям'я-справа святая. Вось, атрымай.
str_npc7_payment_response|Безумоўна. Вазьміце грошы.
str_npc8_payment_response|Вазьмі і пералічы.
str_npc9_payment_response|Радавод для двараніна-першая справа. Вазьміце грошы. 
str_npc10_payment_response|Вось {reg3} талераў. Але не думаю, што гэта надзейнае ўкладанне...
str_npc11_payment_response|Добра, атрымай {reg3} талераў.
str_npc12_payment_response|Спадзяюся, ты паслужыш мне верай і праўдай. Трымаць.
str_npc13_payment_response|Ад турмы ды ад торбы не заракаюцца. Вось, вазьмі грошы.
str_npc14_payment_response|Браць. Думаю, што гэта ўкладанне хутка акупіцца.
str_npc15_payment_response|Добра, трымай. Рады, што ты цяпер з намі.
str_npc16_payment_response|Трэба значыць трэба. Вось {reg3} талераў. 
str_npc1_morality_speech|Паслухай-ка, {сынку / Дачка}! Не люблю я {s21}! Я ж цябе папярэджваў.
str_npc2_morality_speech|Прашу мяне дараваць, але я не люблю {s21}. Гэта няварта двараніна.
str_npc3_morality_speech|Гэта невыносна! Зноў {s21}. Колькі гэта будзе працягвацца?
str_npc4_morality_speech|Гэй, казаче, {s21} - ганьба для сечевика. У наступны раз добранька падумай, перш чым так паступіць.
str_npc5_morality_speech|Нам даводзіцца {s21}? Гэтага я не чакаў. Клопат пра салдат павінен быць на першым месцы.
str_npc6_morality_speech|Ты загадаў {s21}! Такога ўгавору не было.
str_npc7_morality_speech|Значыць, {s21}? Гэта ўзрушыла мяне да глыбіні душы.
str_npc8_morality_speech|Ага, {s21}, загрызі мяне шайтан! Мне гэта зусім не па нутры.
str_npc9_morality_speech|Для мяне ганьба {s21}! Такая служба не па мне.
str_npc10_morality_speech|Для мяне {s21} - ганьба. Камандзір, які дазваляе сабе такое, ніколі не будзе карыстацца маім даверам.
str_npc11_morality_speech|Мы воіны і не павінны {s21}. Так мы неўзабаве разгубім усіх сваіх салдат.
str_npc12_morality_speech|{Пан начальнік / Пані начальніца}, я лекар і не магу спакойна глядзець, як ты дазваляеш {s21}. Будзь літасцівей да простых людзей.
str_npc13_morality_speech|Паслухай, {s21} не лепшы занятак для чалавека, якому я давяраю сваё жыццё. Не дапускай гэтага надалей, не гневі лёс.
str_npc14_morality_speech|Я маркитантка і не дазволю {s21}. Пастарайся ў будучыні не дапусціць падобнага.
str_npc15_morality_speech|Вось што я скажу, {s21} - гэта грэх. Калі так пойдзе і далей, то я ўжо проста і не ведаю...
str_npc16_morality_speech|Гаспадар, я ж папярэджвала, што для мяне няма нічога горш, чым {s21}. Спадзяюся, гэта не паўторыцца.
str_npc1_2ary_morality_speech|І зноў {S21}! Не, чорт пабяры, так справа не пойдзе!
str_npc2_2ary_morality_speech|Ты адважыўся {s21}. Калі так пойдзе і далей, нам прыйдзецца расстацца.
str_npc3_2ary_morality_speech|Ну вось, {s21}. Я не ўхваляю падобнага.
str_npc4_2ary_morality_speech|Слава і гонар - вышэй за ўсё. А ты ўзяўся {s21}, гарэць табе ў пекле!
str_npc5_2ary_morality_speech|[Няма другасных маральных нормаў]
str_npc6_2ary_morality_speech|[Няма другасных маральных нормаў]
str_npc7_2ary_morality_speech|Я лічу недапушчальным {s21}. Калі так будзе працягвацца, я пашукаю іншага камандзіра.
str_npc8_2ary_morality_speech|[Няма другасных маральных нормаў]
str_npc9_2ary_morality_speech|[Няма другасных маральных нормаў]
str_npc10_2ary_morality_speech|[Няма другасных маральных нормаў]
str_npc11_2ary_morality_speech|[Няма другасных маральных нормаў]
str_npc12_2ary_morality_speech|[Няма другасных маральных нормаў]
str_npc13_2ary_morality_speech|Ты лёгка можаш {s21}? Баюся, мы не паладзім.
str_npc14_2ary_morality_speech|[Няма другасных маральных нормаў]
str_npc15_2ary_morality_speech|[Няма другасных маральных нормаў]
str_npc16_2ary_morality_speech|[Няма другасных маральных нормаў]
str_npc1_personalityclash_speech|Вось што, {сын мой / дачка мая}! З таго часу, як з намі гэты пракляты {s11}, я месца сабе не знаходжу. Гэты святоша-жулік і злодзей на самай справе.
str_npc2_personalityclash_speech|Не магу больш трываць. Гэты расстрыга, {s11}, мяне ўвесь час перасьледуе. Не ведаю, што ён убіў сабе ў галаву, але кожны вечар ён чэрці мелам круг і моліцца ў ім, пры гэтым кідаючы на мяне дзіўныя погляды. А ўчора спрабаваў акрапіць вадой...
str_npc3_personalityclash_speech|Вось што я скажу, пан начальнік. Стары {S11} - вельмі злы чалавек. Ён літаральна не дае мне праходу, пастаянна абражае і абвінавачвае ва ўсіх смяротных грахах.
str_npc4_personalityclash_speech|Слухай, дружа. {s11} у мяне на падазрэнні. Яго гісторыя пра ўцёкі з Масквы белай ніткай шыта, а пад выглядам лістоў у Астрахань, крыж на пуза скарбу, ён адпраўляе камусьці таемныя даносы.
str_npc5_personalityclash_speech|Дазвольце звярнуцца, {Гер / спадарыня} {playername}! Мне здаецца, што гэты {s11} уяўляецца вельмі падазроным. Ён не любіць яркага святла, блукае па начах па лагеры і наогул паводзіць сябе дзіўна.
str_npc6_personalityclash_speech|Дазволь слова мовіць! Гэты {s11} з яго замашкамі ката мне не даспадобы. Як падумаю, што калі не ўцякаў бы з Масквы, то трапіў бы такому ж у лапы, прама мароз па скуры.
str_npc7_personalityclash_speech|Капітан, я не магу больш маўчаць. Стары {S11} з кожным днём усё больш невыносны. Даведаўшыся, што я не выношу нават паху спіртнога, ён увесь час наровіць дыхнуць прама мне ў твар. А нясе ад яго, як з піўной бочкі.
str_npc8_personalityclash_speech|Паслухай, ага! {s11} - ханум-страшная жанчына, клянуся Алахам. Яна ўжо забіла свайго мужа, а цяпер, я адчуваю, точыць зуб і на мяне.
str_npc9_personalityclash_speech|{playername}! Хачу табе сказаць, што {s11} апынуўся далёка не лепшай кампаніяй. Ён увесь час называе маю Браншчыну спрадвечна рускімі землямі, хоць любому адукаванаму чалавеку вядома, што яны заўсёды належалі Літве! 
str_npc10_personalityclash_speech|Колькі, скажы, мне яшчэ трываць гэтага неачэсанага шведа? {s11} можа служыць хіба што дзеншчыкам. А папросіш яго аб нейкім дробным ласцы-топырит пёры, нібы паўлін ў Версальскім садзе. 
str_npc11_personalityclash_speech|Гэты нахабны хлапчук пастаянна выводзіць мяне з сябе! Так, Так, ён самы, {s11}. Ні дня не праходзіць, каб ён не блытаўся ў мяне пад нагамі.
str_npc12_personalityclash_speech|Я не хацеў гаварыць, літасцівы пан, але {s11} даводзіць мяне да адчаю. У яго вачах я смерд, халоп, які не мае права нават вочы падняць.
str_npc13_personalityclash_speech|Калі {s11} не спыніць тарашчыцца на мяне, як на дзеўку з прыдарожнага карчмы, то я яму такую ворожбу навяду, што мала не падасца!
str_npc14_personalityclash_speech|{Майстар / фраў}, хачу табе прама заявіць, мне не даспадобы дваранчык, які лічыць мяне дарожнай брудам, прыліплай да яго высакародным ботаў. Так, Так, я пра {s11}. Я армейская маркитантка, а не нейкая прыгонная дзеўка! 
str_npc15_personalityclash_speech|Ты ўжо даруй дурную бабу, але скажы шчыра, хто цябе надумаў ўзяць у атрад гэтага ўпіра? {s11}, хто ж яшчэ?! Як і ў казках яго бабулі.
str_npc16_personalityclash_speech|Паслухай, гаспадар! Я ўсё разумею, але вядзьмарка ў атрадзе ніяк не месца. Гэтая {s11} з яе шаманскімі штучкамі мне зусім не падабаецца.
str_npc1_personalityclash_speech_b|Калі гэты {s11} яшчэ раз паспрабуе мяне вызнаваць, то не будзь я шляхціц, калі не адыходжу яго кулакамі!
str_npc2_personalityclash_speech_b|Я, вядома, паважаю чужыя рэлігійныя пачуцці, але ўсяму ж ёсць мяжа!
str_npc3_personalityclash_speech_b|А яго непрыстойныя жартачкі ў мой адрас пастаянна выклікаю смех у неотесанной салдатні. Я не буду цярпець гэта бясконца.
str_npc4_personalityclash_speech_b|Упэўнены, што ён лазутчык. І калі ты і далей будзеш яго трываць, то прыйдзецца выбіраць-ён ці я!
str_npc5_personalityclash_speech_b|А Аднойчы, прачнуўшыся, я ўбачыў над сабой яго бледны твар і шчараныя зубы. Мне не вельмі-то падабаецца служыць пад адным штандарам з гэтым вампірам.
str_npc6_personalityclash_speech_b|Хадзіць у бой бок аб бок з гэтым пачварай для мяне кожны раз усё боязь. Я не з нясмелага дзясятка, але падстаўляць спіну заплечных спраў майстру - не па мне.
str_npc7_personalityclash_speech_b|Яшчэ ён увесь час гарланіць польскія песні і абзывае царскіх ваяводаў баязліўцамі і бандытамі. Маё цярпенне на мяжы!
str_npc8_personalityclash_speech_b|А што я ёй такога сказаў? Наадварот пахваліў. У маім гарэме, кажу, ты была б трэцяй ці нават другой жонкай! Не разумею гэтых рускіх жанчын.
str_npc9_personalityclash_speech_b|Калі ён будзе настойваць, то справа абавязкова скончыцца дуэллю.
str_npc10_personalityclash_speech_b|Аснова дысцыпліны гэта строгае падзел начальнікаў і падначаленых. Прабач, але панібрацтва не па мне.
str_npc11_personalityclash_speech_b|Але галоўнае, ён увесь час крычыць на мяне ў баі, паказваючы, што мне рабіць. У апошні раз я па яго віне выпусціў выдатны ясырь. Навучы яго паводзіць сябе, мурза, ці я зраблю гэта сам. 
str_npc12_personalityclash_speech_b|А я ж такі ж член атрада, як і ён! Таксама мне, дваранін, у якога няма нават надзела пад агарод. Я не магу бясконца мірыцца з падобнымі прыніжэннямі.
str_npc13_personalityclash_speech_b|Я сумленная дзяўчына і не пацярплю салдацкай грубасці.
str_npc14_personalityclash_speech_b|"І калі ён яшчэ раз шпурне мне свой камзол, працадзіўшы скрозь зубы ""што б да раніцы памыла"", я пашукаю сабе іншую кампанію."
str_npc15_personalityclash_speech_b|Можа, ён воін і добры, ды толькі мне з таго не лягчэй. Калі ён па начах тут блукае, душа сыходзіць у пяткі. Не мне адной ён не даспадобы. Так што ўжо вырашай...
str_npc16_personalityclash_speech_b|Учора яна падышла і прапанавала паваражыць на ўдачу. Гэта мне, мусульманка, кода Алах праклінае паганства як смяротны грэх...
str_npc1_personalityclash2_speech|Казак у атрадзе-быць бядзе! А ўжо калі яго завуць {s11}, так у сто разоў. Калі ён і далей будзе з намі, мне прыйдзецца з табой развітацца, {сынку / Дачка}.
str_npc2_personalityclash2_speech|Можа быць, я не ў час, {пане / васпані}, але гэтая {s11} сапраўды сапраўдная ведзьма. Я сустракаў яе некалькі разоў месяцовай ноччу на могілках. Яна там збірала нейкія карэньчыкі. Страшна падумаць, што яна з іх рыхтуе...
str_npc3_personalityclash2_speech|Клянуся Дзевай Марыяй, казак {s11} - сапраўднае вырадак пекла! Не кажучы ўжо пра яго нянавісці да нас, сумленным каталікам. Я шмат чаго пабачыў, але каб чалавек мог выпіць спрасонку поўны кухняў гарылкі, а потым блукаць па лагеры і шукаць, з кім бы пабіцца... Так, такое бачу ўпершыню.
str_npc4_personalityclash2_speech|Щось я не разумею. Гэты {s11} гарылкі не п'е! Які ж з яго тады, пад тры рыса, рыцар?
str_npc5_personalityclash2_speech|{Герр камандзір / спадарыня}, прашу дараваць за шчырасць, але гэты літоўскі выскачка {s11} мне праходу не дае. Ён уявіў сябе афіцэрам і патрабуе, каб я выконваў пры ім абавязкі дзяншчыка.
str_npc6_personalityclash2_speech|Вось што, {спадар / спадарыня}! Я чалавек прамы і скажу шчыра. Дарма ты гэтую вядзьмарку з сабой цягаеш. {s11} са сваімі зеллямі, варажбой і змовамі нам ні да чаго.
str_npc7_personalityclash2_speech|Капітан, паслухай. {s11} ператварыла маё жыццё ў існы пекла. Спачатку ўзялася мяне апекаваць, называла сынком і ўсё спрабавала прыбудавацца на прывале бліжэй да маёй намёце.
str_npc8_personalityclash2_speech|І яшчэ такая справа, {playername} - ага! Гэтая твая ахоўніца, {s11}, неўзлюбіла мяне з першага дня. Так і чакаю ад яе якога-небудзь падвоху. 
str_npc9_personalityclash2_speech|{s11}! Зноў ён у мяне пад носам заняў лепшае месца і нават не папрасіў прабачэння! Калі гэты татарын не навучыцца сябе паводзіць як належыць культурнаму чалавеку, я преподам яму добры ўрок!
str_npc10_personalityclash2_speech|{s11} небяспечны чалавек. Лекар з яго, як з мяне Іерусалімскі патрыярх, ды і наогул, што ён забыўся ў нашым атрадзе?
str_npc11_personalityclash2_speech|{s11} - шпіёнка Гірэяў! Яе падаслалі спецыяльна, каб расправіцца са мной.
str_npc12_personalityclash2_speech|Я ўсім бы быў задаволены і не скардзіўся б на жыццё, калі б не {s11}. Яна мяне ненавідзіць. Кажа, што я нагадваю ёй нябожчыка мужа.
str_npc13_personalityclash2_speech|Я доўга цярпела, але ўсяму ёсць мяжа. Гэты {s11}, падобна, пачынае блытаць мяне з той паненкай, якая так ліха абвяла яго вакол пальца. Гэтыя яго заляцанні і намёкі мне зусім не па нутро.
str_npc14_personalityclash2_speech|Скажы мне прама, навошта мы трымаем у атрадзе гэтага канавала? {s11} - шарлатан і лайдак. Ад яго мікстур ў мяне ўвесь час баліць жывот, а калі ён мне яшчэ хоць раз пакажа сваіх жудасных п'явак, я іх яму ж і скармлю...
str_npc15_personalityclash2_speech|Ну ўсё, мочанькі маёй больш няма. Гэтая {s11}, твая басурманская камерсантка, зноў купіла тухлае мяса і млявыя гародніна. І як я, па-твойму, з усяго гэтага зраблю нармальны абед?
str_npc16_personalityclash2_speech|{s11} - выскачка з вар'яцкімі ідэямі пра незалежнае ханства нагайцаў. Павер майму слову, ён накліча на нас бяду.
str_npc1_personalityclash2_speech_b|Ён жа ўвесь час п'е гарылку ды думае, каго б абрабаваць...
str_npc2_personalityclash2_speech_b|Ты, напэўна, хочаш спытаць, што я рабіў ноччу на могілках? Проста праходзіў міма. Улічы, калі так будзе працягвацца і далей, мне давядзецца пакінуць атрад.
str_npc3_personalityclash2_speech_b|"А ў апошнім баі ён ледзь не прыбіў мяне, пераблытаўшы з ворагам. Гэтыя крыкі: ""пракляты схізматык""! Я са старадаўняга шляхецкага роду Спасакукоцкіх і не дазволю прастачына здзекавацца над сабой."
str_npc4_personalityclash2_speech_b|І ты вже звиняй, але калі хлопцы ўгледзяць мяне ў адным атрадзе з гэтым хлюпікі, то смеху будзе на ўсю Сеч.
str_npc5_personalityclash2_speech_b|Я шведскі ландскнехт і служу толькі таму, хто плаціць мне жалаванне. Прадаецца мая шпага, але не мая салдацкая гонар. Калі так будзе працягвацца і далей, то мы, урэшце, расстанемся.
str_npc6_personalityclash2_speech_b|"Учора яна ўсім раздавала адвар""для адварот куль"". Я піць не стаў, а наадварот схадзіў у бліжэйшую царкву і паставіў свечку. Але калі так і далей пойдзе, то мне ніякіх свечак не хопіць."
str_npc7_personalityclash2_speech_b|А з нядаўніх часоў на мяне за нешта ўзлавалася. Абзывае мяне тупым нячулым балванам і няўдзячным смактуном. Яшчэ некалькі такіх вечароў, і я адпраўлюся на пошукі новых таварышаў.
str_npc8_personalityclash2_speech_b|Вядома, пры маёй ранейшай працы цяжка разлічваць на цёплае стаўленне землякоў, але ж яна можа ў любы момант прырэзаць мяне, як барана!
str_npc9_personalityclash2_speech_b|"Да ўсяго іншага, у баі ён думае толькі пра палонных, а не аб выкананні пастаўленай задачы. Толькі і чуваць ад яго""ясырь, ясырь"". Наш атрад ператвараецца ў сапраўдную арду."
str_npc10_personalityclash2_speech_b|Прыгледзься да яго больш уважліва, інакш мая прысутнасць у атрадзе будзе пад вялікім пытаннем.
str_npc11_personalityclash2_speech_b|Хай трымаецца ад мяне далей, інакш прыйдзецца табе выбіраць-ці яна, ці я!
str_npc12_personalityclash2_speech_b|Калі яна бярэ ў рукі зброю, у мяне мурашкі бягуць па скуры. У апошнія дні толькі пра тое і думаю.
str_npc13_personalityclash2_speech_b|А калі ён хоць бы падумае, што адзінокая дзяўчына будзе маўчаць у адказ на яго непрыстойныя жартачкі, то ён глыбока памыляецца.
str_npc14_personalityclash2_speech_b|На тваім месцы, {майстар / фраў}, я даўно б паказала яму на дзверы. Альбо я буду шукаць сабе іншага падрадчыка.
str_npc15_personalityclash2_speech_b|Я так скажу. Двум гаспадыням у адной печы зроду месца не было. Вы ж не татары якія, каб па чатыры жонкі мець. Так што калі і далей яна будзе ў гаспадарку совацца...
str_npc16_personalityclash2_speech_b|Варта табе толькі вокам міргнуць, і я адпраўлю яго ў шэрую стэп на сустрэчу з продкамі. Я трываю яго прысутнасць з апошніх сіл.
str_npc1_personalitymatch_speech|Падабаецца мне гэты {s11}. Дарма што басурманин і кат, А ў баі адважваўся ды і мне аказвае павагу.
str_npc2_personalitymatch_speech|Карыстаючыся выпадкам, хачу сказаць. Пабольш бы ў нашым атрадзе воінаў накшталт {s11}! Уяві сабе, ён вельмі адукаваны чалавек і выдатна разбіраецца ў кровапусканні. 
str_npc3_personalitymatch_speech|Карыстаючыся выпадкам, хачу сказаць, што {s11} - адзіны прыстойны чалавек у атрадзе, хоць і мусульманін. 
str_npc4_personalitymatch_speech|Я так табе скажу. {s11}, ох і гарна дзеўка. Учора я яе за бок ўшчыкнуў, а яна мяне недоуздком так адыходзіла - ледзь ногі панёс...
str_npc5_personalitymatch_speech|Скажу прама, калі і ёсць у нашым атрадзе прыстойны чалавек, то гэта {s11}. Я хоць і лютэранін, лічу яго сваім духоўным бацькам. Асабліва пасля таго дзеепрыметнікі, калі мы ўдваіх ўгаварылі за ноч бочачку добрага такайскага віна.
str_npc6_personalitymatch_speech|{Спадар / спадарыня}, я адчуваю сябе здаровым і поўным сіл. {s11} толькі што ставіў мне п'явак. Гэты лекар заслугоўвае пашаны і павагі.
str_npc7_personalitymatch_speech|Выбачайце, калі я лезу не ў сваю справу, капітан, але я хацеў бы звярнуць Вашу ўвагу на кагосьці. {s11} - вось сапраўдны воін і баявы таварыш!
str_npc8_personalitymatch_speech|Што б там не казалі, а татары і казакі - сапраўдныя браты! Учора ноччу я і {s11} вярталіся з карчмы, ішлі ў абдымку і спявалі песні. Ён-казацкія, я-татарскія. Выйшла вельмі добра, сяляне павыскаквалі з хат хто ў чым, каб нас паслухаць.
str_npc9_personalitymatch_speech|Будзь дабраславёны той дзень, калі ў нас з'явілася {s11}! Ежа, пітво і... іншыя радасці армейскага жыцця шмат значаць для нас, службовых людзей.
str_npc10_personalitymatch_speech|Хм. А {s11} - не з нясмелага дзясятка. І зусім не баіцца крыві.
str_npc11_personalitymatch_speech|Мы, нагайцы, заўсёды шанавалі ўкраінскіх дзяўчат. З іх выходзяць лепшыя жонкі і наложніцы. А наша {s11} - сапраўдная жамчужына. Як толькі даб'юся незалежнасці для нагайцаў і стану ханам, у той жа дзень вазьму яе за жонку. Любімы.
str_npc12_personalitymatch_speech|Карыстаючыся выпадкам, хачу сказаць, што {s11} - выдатны хлопец. Ён не пышыцца шляхетнасцю свайго роду, як некаторыя, і заўсёды гатовы дапамагчы таварышу.
str_npc13_personalitymatch_speech|Я б даўно ўжо пакінула цябе, калі б не {s11}. Стары замяніў мне нябожчыка бацькі. Гэта адзіны чалавек, побач з якім я адчуваю сябе ў бяспецы!
str_npc14_personalitymatch_speech|{Майстар / фраў}, кажуць, жаночага сяброўства не існуе, але я табе так скажу - на {s11} я заўсёды магу спадзявацца. Яна вылечыла ўсіх абозных коней, а мне зварыла адвар супраць ліхаманкі, так што я ачуняла за адзін дзень. 
str_npc15_personalitymatch_speech|Што за вершнік удалечыні? Ужо не {s11} ці з Дазору круціцца? Нічога не скажу, спадар ён тонкі, абыходлівы. І страпню маю заўсёды хваліць, і... наогул...
str_npc16_personalitymatch_speech|{s11}, вось хто сапраўдны воін. Хай яго жарты грубыя, а норавы простыя, затое ён умее пастаяць за сябе!
str_npc1_personalitymatch_speech_b|І калі ўжо мяне калі-небудзь прысудзяць да смяротнага пакарання, я б не супраць быў, каб галаву мне сек менавіта ён.
str_npc2_personalitymatch_speech_b|А зусім нядаўна яго пазнання ў медыцыне выратавалі мне жыццё. 
str_npc3_personalitymatch_speech_b|Як ні дзіўна, але мы з ім хутка знайшлі агульную мову. Калі б мне ўдалося звярнуць яго ў хрысціянскую веру, то біскуп б абавязкова зняў з мяне адлучэнне.
str_npc4_personalitymatch_speech_b|А дамавітая якая! Дарма што з Ноўгарада, боршч з галушкамі навучылася варыць такі, што пальчыкі абліжаш. Правільна ты зрабіў, што яе ўзяў.
str_npc5_personalitymatch_speech_b|Да таго ж наш святы айцец, як высветлілася, незаменны ў баі. У апошні раз, напрыклад, ён так лаяўся, што коні суперніка збіліся з алюра.
str_npc6_personalitymatch_speech_b|Той бальзам, які ён прыклаў да маіх ранам пасля бою, вылечыў мяне за нейкіх пару дзён. Я рады, што ў нашым атрадзе ёсць гэты вучоны чалавек.
str_npc7_personalitymatch_speech_b|Спачатку ён здаўся мне ганарыстым, але потым аказалася, што гэта чалавек, на якога можна пакласціся ва ўсім. 
str_npc8_personalitymatch_speech_b|Хочаш сказаць, што Алах забараняе піць віно? Гэта так, але {s11} добра разбіраецца ў рэлігіі. Ён мне растлумачыў, што пра гарылку ў Каране не сказана ні слова...
str_npc9_personalitymatch_speech_b|І ва ўсім наша баявая маркітантка на вышыні. Далібог, не будзь яна нізкага паходжання, прапанаваў бы ёй руку і сэрца - лепшай гаспадыні для маіх маёнткаў не знайсці на ўсім свеце.
str_npc10_personalitymatch_speech_b|Я табе так скажу, мы з ім у баі - страшная сіла. 
str_npc11_personalitymatch_speech_b|І калі яна так жа майстэрская ў любоўных уцехах, як у сваім шаманстве, то яна будзе купацца ў раскошы!
str_npc12_personalitymatch_speech_b|Шкада, што ён выбраў вайсковую сьцежку. З яго атрымаўся б выдатны лекар.
str_npc13_personalitymatch_speech_b|І ён, падобна, прыкіпеў да мяне душой. Схаджу-ка я ў лес, пашукаю там траў, каб вылечыць яго ад падагры.
str_npc14_personalitymatch_speech_b|Я лічу, што яна самы каштоўны чалавек у атрадзе. І перадай усім: калі хто паспрабуе яе пакрыўдзіць, будзе ўсю дарогу харчавацца тухлай канінай.
str_npc15_personalitymatch_speech_b|Сустрэнеш яго, скажы, каб хутчэй да абеду ішоў. Я яму сёе-тое смачненькае зберагла. Вось калі б мой муж быў такім станістым ды галантным, хіба ж я стала б качалкай размахваць?
str_npc16_personalitymatch_speech_b|Мне здаецца, гаспадар, табе трэба добра да яго прыгледзецца і годна узнагародзіць. Гэты чалавек ніколі не падвядзе.
str_npc1_retirement_speech|Вось што, {сынку / Дачка}! Не тыя ў мяне ўжо гады, каб казлом скакаць ды шашкай размахваць. Грошонок я трохі назапасіў, куплю сабе хутарок ды буду там старасць сустракаць...
str_npc2_retirement_speech|{Пане / васпані}, я вымушаны гэта сказаць. З самага пачатку ў нас усё ідзе зусім не так, як я разлічваў. Прабач, але я пакіну цябе. Пашукаю спадарожнікаў, якія будуць лепш ставіцца да мяне і маіх звычак.
str_npc3_retirement_speech|Тут такая справа, пан начальнік! Уначы мне было бачанне. Дзева Марыя сказала: ідзі ў Рыгу да біскупа, пакайся. Ён з цябе адлучэнне здыме і верне прыход. Не першы раз ужо з'яўляецца, трэба б схадзіць...
str_npc4_retirement_speech|Таке дило, хлопче. Тут браты-донцы сабраліся ў Персію, таварам разжыцца. Мяне з сабой клічуць. Так што ты не обессудь, я ўжо з імі пайду.
str_npc5_retirement_speech|Вінаваты, {Гер камандзір / спадарыня}, але я вымушаны настойваць на ануляванні нашага кантракту. Месца салдата не ў атрадзе наймітаў, а ў рэгулярнай Каралеўскай арміі. Няхай табе заўсёды спадарожнічае ўдача! 
str_npc6_retirement_speech|Паслухай, {спадар / спадарыня}. Сэрца ў мяне не на месцы, усё за жонку сваю перажываю, як там яна адна на чужыне. Так што ты ўжо не обессудь, але я цябе пакіну на час.
str_npc7_retirement_speech|Капітан! Даруй велікадушна, але ў апошні час я адчуваю сябе лішнім. Паспрабую пашукаць іншы атрад. Дзе мяне змогуць ацаніць па вартасці.
str_npc8_retirement_speech|Ты ўжо даруй, ага, але тут такая справа. У суседнім горадзе кат па старасці гадоў пакінуў сваю пасаду. Калі б ты ведаў, як я сумую па любімай працы. Па начах мне ўвесь час сняцца то сякера, то пятля, то Шаўковы шнурок. Так што я, мабыць, адпраўлюся туды і паспрабую ўладкавацца па спецыяльнасці...
str_npc9_retirement_speech|{playername}, настаў час расстацца. Я дачуўся, што пад Бранскам пачаліся баявыя дзеянні, і хачу адправіцца туды, каб вярнуць адабраныя землі. Так што дзякуй табе за ўсё і не памінай ліхам. 
str_npc10_retirement_speech|Не буду хадзіць вакол ды каля. Я салдат поспехі, а ў цябе ў апошні час справы ідуць не бліскуча. І мне зрабілі выгадную прапанову. Спадзяюся, не сустрэну цябе на полі бою. Бывай.
str_npc11_retirement_speech|Прыбыў ганец з стэпе, мурза! Прыйшоў час, нагайская Арда гатовая выступіць у паход, каб вызваліцца ад турэцкага прыгнёту. Я павінен быць там, Бывай!
str_npc12_retirement_speech|Ну вось, прыйшоў час мне пакінуць цябе, літасцівы пан. Тутэйшыя жыхары ўгаварылі мяне застацца з імі і лячыць іх. Я ўдзячны табе за дапамогу і абарону, а калі трэба будзе паставіць п'явак, абавязкова звяртайся.
str_npc13_retirement_speech|Я стамілася ад бясконцых паездак і бітваў, {playername}! Паспрабую знайсці сабе ціхі куток, дзе можна спакойна жыць і займацца сваёй справай. На развітанне я табе поворожу на вайсковую ўдачу.
str_npc14_retirement_speech|Даруй, {майстар / фраў}, але цярпенне маё высілілася. Твае салдаты пражэрлівыя і няўдзячныя, Спадарожнікі грубыя і неотесанны. Да таго ж займацца пастаўкамі, не папаўняючы пры гэтым уласную кішэню-ганебна для майго рамяства. Вось Справаздача, тут распісаны ўсе прыбыткі і выдаткі. Спадзяюся, расстаемся па-добраму?
str_npc15_retirement_speech|Няма больш мачы, {пан/пані}, ад гэтай качавы жыцця. Цягаемся па палях і лясах, роўна шатуны якія. Пайду-ка я, мабыць, паспрабую дадому вярнуцца. Дзякуй табе за хлеб-соль, за прытулак ды навуку.
str_npc16_retirement_speech|Прабач, але больш я не магу быць табе надзейнай абаронай. Твае Спадарожнікі, твае справы непрымальныя для мяне. Бывай, можа, яшчэ сустрэнемся.
str_npc1_rehire_speech|Ведаеш, {сынку / дачка}, я хоць і немалады, але спакойнае мірнае жыццё не па мне. Асабліва калі вакол ворагі. Так што калі ты загадаеш паднесці мне кухню добрага віна, я з радасцю вярнуся пад твой пачатак.
str_npc2_rehire_speech|Павінен прызнацца, што ты быў лепшым спадарожнікам з усіх, каго мне давялося сустрэць. Мой сыход быў вялікай памылкай.
str_npc3_rehire_speech|Гэта ты, пан начальнік! Казаў жа мне рызнічны Домскага сабора, што верыць снам - грэх і забабон. Тыя дні, што мне давялося правесці ў епархіяльнай вязніцы, я дагэтуль успамінаю з жахам. Увогуле, можаш на мяне цалкам разлічваць.
str_npc4_rehire_speech|Здаровенькі булы! Чуяло маё сэрца, што нічога добрага з таго паходу не выйдзе. Доля мая аказалася такой, што я яе ў першым жа какаке ўсю і пакінуў. Так што калі назад возьмеш, буду рады.
str_npc5_rehire_speech|{Гер / спадарыня} {playername}! Некалькі тыдняў таму ў Менску мне хапіла сілаў, каб зразумець сваю памылку. Замест таго каб ваяваць, мы з раніцы да ночы займаліся шагістыкай, а калі я вярнуўся са звальнення ледзь падпіўшы, то атрымаў дзесяць сутак карцэра. Седзячы ў мокрым халодным склепе, я ўспамінаў нашы з табой паходы як лепшы час майго жыцця. Я вось ужо пергамент купіў і кантракт напісаў. Ці не дазволіш паставіць на ім свой подпіс?
str_npc6_rehire_speech|Нарэшце я цябе знайшоў. Ну што ж, жонка мая ў добрым здароўі, так што я гатовы зноў стаць пад Тваю руку.
str_npc7_rehire_speech|Жадаю здароўя, капітан. Я памыляўся, разлічваючы знайсці сабе лепшых спадарожнікаў. Ты не супраць, калі я зноў далучуся да вас?
str_npc8_rehire_speech|Не чакаў цябе тут сустрэць, ага. Аказалася, што ў гэтых землях Каты прызначаюцца толькі з мясцовых ураджэнцаў. Так што я зноў сноўдаюся ў пошуках выпадковых заробкаў. Ці не прымеш мяне назад?
str_npc9_rehire_speech|Што табе сказаць, {playername}... Напэўна, прасцей будзе атрымаць на службе ў цябе новыя ўладанні, чым вярнуць сабе старыя! - А ты не супраць, каб мы зноў ваявалі пад адным штандарам?
str_npc10_rehire_speech|"Вакол адны ашуканцы і падлюкі! ""Выгаднае прапанову"" заставалася такім толькі да дня выплаты жалавання! Гэтых грошаў мне не хапіла нават на новую перавязь. Калі ты не супраць, я гатовы вярнуцца ў атрад."
str_npc11_rehire_speech|І ў гэты раз Алах быў не на нашым баку. Мы пацярпелі паразу, але барацьба за незалежнасць яшчэ не скончана. Прашу, Вазьмі мяне назад, калі я табе яшчэ патрэбны.
str_npc12_rehire_speech|З тых дары, якія мне прыносілі сяляне, я ледзь ногі не працягнуў. Няма ўжо, служыць лекарам пры ваенных нашмат лепш. Ці магу я зноў служыць у цябе?
str_npc13_rehire_speech|І вось мы зноў сустрэліся. Ты меў рацыю, вайна паўсюль і спакойных месцаў на зямлі больш, падобна, не засталося. Таму я б аддала перавагу быць сярод воінаў. 
str_npc14_rehire_speech|{Мой добры майстар / Мая добрая фраў}! як я рада, што цябе сустрэла. Доля вольнай маркитантки горкая і незайздросная - войскі не маюць патрэбы ў пастаўшчыках, камандзіры проста абіраюць сустракаемыя ім на шляху паселішча. Таму забудзься ўсё, што я нагаварыла ў апошні раз, і даруй дурную шведку. Я магу вярнуцца, бо праўда?
str_npc15_rehire_speech|Эх, {пан / пані}! Няма ў жыцці шчасця беднай ўдавіцы. Мой хацінка па загадзе ваяводы ў казну адышоў, і вось я зноў вандроўніца пераходжу. Вазьмі мяне назад да сябе, служыць буду верай і праўдай.
str_npc16_rehire_speech|З таго часу, як мы рассталіся, ты моцна змяніўся. Спадзяюся, не ў горшы бок. Але мы гэта хутка праверым. Бо я зноў у цябе на службе, праўда?
str_npc1_home_intro|Вадавіцы! Каронныя землі Вялікай Польшчы. Тут прайшло маё дзяцінства і юнацтва! 
str_npc2_home_intro|Камянец! Праклятае і адначасова цудоўнае месца.
str_npc3_home_intro|Кракаў. Старажытная сталіца Польшчы. Горад вялікіх каралёў і дбайных каталікоў.
str_npc4_home_intro|А я ж родам адсюль. Бацька быў прыпісаны да корсунскага палка.
str_npc5_home_intro|Я нарадзіўся і вырас у гэтых мясцінах.
str_npc6_home_intro|Скрытнае, недаступнае месца для абароны, прытулку, або для зняволення. Вось што азначае слова Тула. Дарэчы, так завецца Мой родны горад.
str_npc7_home_intro|Разань-першы рускі горад, які загінуў пад напорам манголаў. Я родам з гэтых мясцін.
str_npc8_home_intro|Тут, дзе Дон ўпадае ў Азоўскае мора, мае родныя мясціны.
str_npc9_home_intro|Я чую звон Віленскай званіцы! Старажытная сталіца Літвы, з ёй звязана шмат успамінаў.
str_npc10_home_intro|Пазнаю гэтыя месцы! Тут я калісьці выдатна паваяваў, упершыню апынуўшыся ў вашых землях.
str_npc11_home_intro|Стэп ды стэп вакол... родныя мясціны.
str_npc12_home_intro|Мы пад'язджаем да Кіева!
str_npc13_home_intro|Палтава. Імя гэтага мястэчка цяпер нікому нічога не кажа, але мае варажбы паказваюць, што неўзабаве там адбудзецца бітва, якая праславіць Мой горад на ўвесь свет і будзе апета лепшымі кабзарамі!
str_npc14_home_intro|Яшчэ некалькі міль, і мы ўбачым сцены Рэвеля!
str_npc15_home_intro|Гэтая ціхая Лясная рака завецца Волхаў. Адсюль рукой падаць да Ноўгарада.
str_npc16_home_intro|Чую шум прыбою. Яшчэ крыху, і ты ўбачыш маю Кафу.
str_npc1_home_description|Менавіта з гэтых месцаў і пайшла гаворка Посполита. Наша шляхта самая свабодалюбная ва ўсім Божым свеце. І кароль у нас заўсёды абіраўся, а таму быў першы сярод роўных. 
str_npc2_home_description|Адсюль не далёка да Валахіі, якую мы дагэтуль лічым сваёй радзімай. Гэты горад-сапраўднае памежжа. На каго толькі не Лілі смалу з яго сцен. Тут пабывалі тумены Батыя і харугвы Альгерда. Яго аблажылі Налівайка і Крыванос, Богун і сам Хмяльніцкі.
str_npc3_home_description|Тут у 1386 быў ахрышчаны літоўскі князь Ягайла. А яго шлюб з каралевай Ядвігай паклаў пачатак аб'яднанню Польшчы і Літвы ў нашу рэспубліку - Рэч Паспалітую.
str_npc4_home_description|Корсунь заклаў яшчэ князь Яраслаў Мудры, а цяпер ён з усіх украінскіх гарадоў саступае хіба што Чыгірын. 
str_npc5_home_description|Выбарг, горад шведскіх крыжакоў, якія прыйшлі ў гэтыя землі яшчэ ў трынаццатым стагоддзі, каб несці святло хрысціянскага вучэння дзікім і невуцкім Карэлам. Першую крэпасць тут пабудавалі ў 1293 па загадзе караля Толгильса Кнутсена. 
str_npc6_home_description|Паўстагоддзя таму Тулу захапіў Дзмітрый самазванец і тут чакаў, калі падзе Масква. Трыма гадамі пазней тут аб'явіўся яшчэ адзін самазванец-Тушынскі злодзей. 
str_npc7_home_description|Цяперашні горад размешчаны ў пяцідзесяці вёрстах ад таго, старога. Але менавіта там мая Радзіма. 
str_npc8_home_description|Азак-Кале, старажытная Тана, якую данскія казакі клічуць Азовам. Прадзед распавядаў, што нашымі продкамі былі якія валодалі горадам генуэзцы. І ўжо тады яны горда насілі званне гарадскіх катаў!
str_npc9_home_description|Чуеце, ваўкі выюць? Гэта добры знак. Старыя кажуць, што князь літоўскі Гедымін паляваў у тутэйшых месцах і забіў тура. Заначаваўшы пасля палявання, ён убачыў у сне вялізнага жалезнага ваўка. Сон апынуўся прарочым-неўзабаве на ўзгорку, дзе князю здаўся воўк, была закладзена крэпасць.
str_npc10_home_description|Мая радзіма знаходзіцца вельмі далёка адсюль...
str_npc11_home_description|Мы, нашчадкі ільханаў, прыйшлі ў гэты стэп не як уцекачы, а як законныя кіраўнікі. Але турэцкі султан палічыў за лепшае нам крымскіх Гірэяў. З тых часоў мы жывем, нібы рабы.
str_npc12_home_description|Гэта выдатны горад, літасцівы пан. Гады яго не пашкадавалі, але сталіца старажытнай Русі і цяпер - самае цудоўнае месца на зямлі.
str_npc13_home_description|Тутэйшыя палі славяцца сваім чарназёмам, а лясы поўныя дзічыны. У гэтых месцах жывуць добрыя, хлебасольныя людзі. Калі б не вайна...
str_npc14_home_description|Рэвель, да таго як стаць шведскім, быў вольным горадам і ўваходзіў у Ганзейскі саюз. Мая сям'я жыла там яшчэ пры Лівонскім ордэне.
str_npc15_home_description|Вялікі горад, багаты. Маё дзяцінства прайшло ў пасадзе. 
str_npc16_home_description|Мой родны горад - самы буйны цэнтр гандлю. Праўда, тавар у нас асаблівы. Нявольнікі патрабуюць адмысловага сыходу і ўтрымання, бо іх кошт залежыць ад таго, як яны выглядаюць.
str_npc1_home_description_2|Калі памру, то пахавайце мяне ў ціхай гайку непадалёк ад роднага паселішча.
str_npc2_home_description_2|Я разам з іншымі апалчэнцамі абараняў галоўную вежу і бачыў горад у асяроддзі незлічоных казацкіх палкоў. І вось як адплацілі мне яго жыхары...
str_npc3_home_description_2|Гэты горад для мяне больш чым проста Радзіма. Тут адчуваецца дыханне даўніны...
str_npc4_home_description_2|Тут была вялікая бітва, калі Хмель ушчэнт разграміў шляхту. Я тады як раз быў у татарскім палоне.
str_npc5_home_description_2|Мой горад ахоўвае Гасподзь. У верасні 1495 Выбаргскім крэпасць аблажылі паліцы маскоўскага цара Івана III. І вось, калі горад ужо рыхтаваўся спусціць сцягі і адкрыць вароты, у небе з'явіўся крыж. Стральцы, спалохаўшыся Божага гневу, пакінулі горад. У нашай сям'і аповяд пра гэта перадаецца з пакалення ў пакаленне.
str_npc6_home_description_2|У тутэйшых лясах бацька вучыў мяне лоўчай справе. Пазней, калі я ўжо навучыўся расплятаць заячыя сляды і трапляць стралой вавёрцы ў вока, мяне прыслалі ў Маскву.
str_npc7_home_description_2|І хай мой горад невялікі, мы, разанскія баяры, ганарымся сваёй зямлёй і сваімі продкамі!
str_npc8_home_description_2|Хто тут толькі не пабываў-скіфы, грэкі, русічы, печанегі. І цяпер гэтая крэпасць - ключ ад Таўрыі. 
str_npc9_home_description_2|Былі часы, калі ў Вільні сядзелі князі, кіруючыя землямі ад Паўночнага да Чорнага мора...
str_npc10_home_description_2|Але пра гэта як-небудзь у іншы раз.
str_npc11_home_description_2|У нас няма ні гарадоў, ні палацаў, ні войска - ва ўсім мы падпарадкаваныя Бахчысараю. Але ж слаўны Нугай-Мая Радзіма. І я буду за яе змагацца да апошняга ўздыху.
str_npc12_home_description_2|Калі б не страшныя куранёўскай казакі, я б у жыцці не пакінуў Роднае Падольскае падворак. Але лёс не пытаецца, Чаго ты хочаш. Асабліва людзей з такой няўдзячнай прафесіяй, як мая.
str_npc13_home_description_2|Я не вінавачу непісьменных хутаран за тое, што яны мяне выгналі. Калі-небудзь я зноў сюды вярнуся. Назусім.
str_npc14_home_description_2|Для жыхароў Рэвеля гандаль-звычайная справа. Мой бацька вазіў у Англію рускую пяньку, а я вось збегла і ўладкавалася пры войску.
str_npc15_home_description_2|Я не любіла лялек і гуляла з хлапчукамі ў бабкі. Потым, калі падрасла, стала кіравацца ля печы. Там і высветлілася, што качалку ў моцнай руцэ нічым не горш мяча.
str_npc16_home_description_2|Калі-небудзь я вярнуся сюды і адкрыю ўласную справу. Гандаль рабамі-занятак вельмі прыбытковы.
str_npc1_home_recap|Я вялікапольскі шляхціц і ў сваяцтве з магутнымі магнатамі Рэчы Паспалітай.
str_npc2_home_recap|Мой род шмат стагоддзяў правілаў Валахіяй. Але нарадзіўся і вырас я ў Камянцы.
str_npc3_home_recap|Мой бацька-дробны шляхціц з Кракаўскага прадмесця. Я-то хацеў стаць ваяром, але ён аддаў мяне ў духоўную акадэмію.
str_npc4_home_recap|Казацкі хутар непадалёк ад жоўтых Вод. Тут я першы раз узяў у рукі шашку і раскурыў сваю першую калыску.
str_npc5_home_recap|Мой род-нашчадкі крыжакоў, якія змагаліся з язычнікамі ў Карэліі, ды так і аселі ў тых месцах.
str_npc6_home_recap|Горкая мой лёс. Праязджаючы праз родны горад я павінен хавацца і не магу наведаць бацькоўскія магілкі!
str_npc7_home_recap|Наш Маёнтак - недалёка ад Старой Разані. Менавіта там я і з'явіўся на свет.
str_npc8_home_recap|Гляджу на гэты бераг, дзе мы яшчэ дзецьмі гулялі ў катаў-разбойнікаў, і слёзы на вочы наварочваюцца.
str_npc9_home_recap|У маіх бацькоў быў уласны дом у Старым горадзе. Менавіта там мая матушка вырашылася ад цяжару.
str_npc10_home_recap|Юнацтва маё прайшло ў палацы, у параўнанні з якім Тутэйшыя манаршыя палаты здадуцца бруднай хатай...
str_npc11_home_recap|Дзе я нарадзіўся? У стэпе. Ні адзін качэўнік не пакажа месцы дакладней.
str_npc12_home_recap|Невялікі домік на схіле Щекавицы, з якога адкрываўся від на Днепр і Глыбочицкую гавань. Гэта мае першыя ўспаміны дзяцінства.
str_npc13_home_recap|Лепш не ўспамінаць. Калі я думаю пра сваю мазанку на Палтаўскай вобласці, слёзы засцілаюць вочы.
str_npc14_home_recap|Рэвель, Рэвель... Вось бы хоць адным вокам зірнуць на вузкую вулачку, дзе стаяў наш дом.
str_npc15_home_recap|Ноўгарад-Мая Радзіма. Няма горада лепш на ўсёй Русі.
str_npc16_home_recap|Я нарадзілася ў Старажытнай Кавярні.
str_npc1_honorific|{сынку / Дачка}
str_npc2_honorific|{пане / васпані}
str_npc3_honorific|{пан начальнік / пані начальніца}
str_npc4_honorific|дружа
str_npc5_honorific|{Гер / спадарыня} {playername}
str_npc6_honorific|{спадар / спадарыня}
str_npc7_honorific|капітан
str_npc8_honorific|{playername} - ага
str_npc9_honorific|{playername}
str_npc10_honorific|{мансеньёр / мадам}
str_npc11_honorific|мурза
str_npc12_honorific|{літасцівы пан / літасцівая пані}
str_npc13_honorific|{лагоднасць / лагоднасць}
str_npc14_honorific|{майстар / фраў}
str_npc15_honorific|{пан / пані}
str_npc16_honorific|гаспадар
str_comment_intro_liege_affiliated|Кажуць, ты прысягнуў майму праціўніку. Але думаю, худа не здарыцца, калі мы пагаворым.
str_comment_intro_famous_liege|Твая слава бяжыць наперадзе цябе! Думаецца мне, што табе пара б пайсці на службу да якога-небудзь ваеначальніка.
str_comment_intro_famous_martial|Чуў пра твае подзвігі.  Дасць бог, калі небудзь сустрэнемся і ў баі...
str_comment_intro_famous_badtempered|А я цябе ведаю. Вось толькі не мастак я весці свецкую гутарку, так што калі ёсць што сказаць - кажы!
str_comment_intro_famous_pitiless|Тваё імя мне знаёма, яно ўсяляе ў людскія сэрцы жах. Можа стацца, што нам ёсць, пра што патаўкаваць.
str_comment_intro_famous_cunning|Нарэшце мы сустрэліся. Падобна на тое, ты {сапраўдны баец / адважная жанчына}. Нам не перашкодзіць час ад часу сустракацца, каб перакінуцца парай слоў.
str_comment_intro_famous_sadistic|Тваё імя мне знаёма. Часцей за ўсё я чую яго разам са словам «адшукваецца»...  Ну ды гэта не мая справа.
str_comment_intro_famous_goodnatured|Наслышан пра цябе! Нарэшце сустрэліся.
str_comment_intro_famous_upstanding|Зямля чуткамі поўніцца, быццам ты - неверагодна адважны воін. Спадзяюся, гонару і спагады ў табе не менш, чым смеласці.
str_comment_intro_noble_liege| Умелыя воіны мне патрэбныя, аднак спачатку ты павінен праявіць сябе.
str_comment_intro_noble_martial|Дзесьці я ўжо чуў тваё імя, толькі вось дакладна не ўзгадаю, дзе менавіта. Ну, нічога, калі сустрэнемся ў баі, то даведаемся адзін пра аднаго пабольш.
str_comment_intro_noble_badtempered|Упершыню бачу Твой сцяг. Яшчэ адзін іншаземец... Як быццам нам і так іх не хапае.
str_comment_intro_noble_pitiless|Твой сцяг высакародны, але я бачу яго ўпершыню. Яшчэ адзін сцярвятнік прыляцеў пажывіцца пладамі вайны!
str_comment_intro_noble_cunning|Ты падобны на высакароднага чалавека, але зрэшты, цяпер многія бязродныя авантурысты выглядаюць як дваране.  Зрэшты, заўсёды карысна пазнаёміцца з тым, хто аднойчы можа стаць знакамітым палкаводцам.
str_comment_intro_noble_sadistic|Дзіўна, але тваё імя мне не знаёма. Ты, напэўна, з новых «дваран»? Ці ўвогуле прысвоіў сабе неіснуючы тытул?
str_comment_intro_noble_goodnatured|Не здзіўляйся, але твой сцяг мне не знаёмы. Даруй мне маё невуцтва, {спадар / спадарыня}! Мне прыемна з табой пазнаёміцца.
str_comment_intro_noble_upstanding|Мне Тваё імя не знаёма. Застаецца толькі паверыць табе на слова, што ты высакароднага паходжання.
str_comment_intro_common_liege|Нават калі ты з простага люду, Я заўсёды шукаю верных і моцных прыхільнікаў... Калі, вядома, яны здолеюць сябе праявіць.
str_comment_intro_common_martial|Хай ты і не высакароднай крыві, але калі ты сумленны і адважны, я буду лічыць цябе раўней. Толькі на полі бою, вядома.
str_comment_intro_common_badtempered|Гавары хутка, калі ёсць што сказаць! У мяне няма часу на пустаслоўе.
str_comment_intro_common_pitiless|Найміт? Яшчэ адзін на нашу галаву. Хутка ад салдат поспехі тут будзе не праціснуцца...
str_comment_intro_common_cunning|Што ж... Я не ведаю цябе, але ты з першага погляду выклікаеш давер. Напэўна цябе чакае годнае будучыню.
str_comment_intro_common_sadistic|Адзінае, што можа ад мяне атрымаць халоп ў адказ на любое пытанне - Гэта добрую зуботычину. Але сёння я ў добрым настроі, так што кажы.
str_comment_intro_common_goodnatured|Рады цябе бачыць.
str_comment_intro_common_upstanding|Вітаю цябе, пане / васпані}. Не забывай, што высакародны воін павінен быць справядлівы і сумленны.
str_comment_you_raided_my_village_enemy_benevolent|Ты напаў на безабаронных сялян у {s51}. Гэтыя людзі знаходзяцца пад маёй абаронай... Цяпер тваё жыццё не варта і талера!
str_comment_you_raided_my_village_enemy_spiteful|Ты напаў на маю вёску {s51}, разбурыў дома і забіў маіх людзей! За гэта ты заплаціш крывёю!
str_comment_you_raided_my_village_enemy_coldblooded|Ты напаў на маю вёску {s51}, разбурыў дома і забіў людзей! Хочаш застацца цэлы-трымайся далей ад маіх уладанняў. 
str_comment_you_raided_my_village_enemy|Ты напаў на маю вёску {s51}, разбурыў дома і забіў людзей, якія знаходзіліся пад маёй абаронай! Ты заплаціш за сваё злачынства!
str_comment_you_raided_my_village_unfriendly_spiteful|Ты напаў на {s51}! Гэта мая вёска. Прыйдзецца адказаць за разбой...
str_comment_you_raided_my_village_friendly|Ты напаў на {s51}! Гэта мая вёска. Пасля гэтага нам няма пра што казаць.
str_comment_you_raided_my_village_default|Ты напаў на {s51}! Гэта мая вёска. На гэтым нашы сяброўскія адносіны скончыліся.
str_comment_you_robbed_my_village_enemy_coldblooded|Ты абрабаваў маіх людзей у вёсцы {s51}. Я прымаю гэта як асабістую абразу!
str_comment_you_robbed_my_village_enemy|Ты абрабаваў сялян у вёсцы {s51}. Яна знаходзіцца пад маёй абаронай! Рыхтуйся адказаць за разбой!
str_comment_you_robbed_my_village_friendly_spiteful|Мне сказалі, што ты пачысціў свірны ў маіх падданых у {s51}. Час, вядома ваеннае, але за ўсё ў гэтым жыцці трэба плаціць.
str_comment_you_robbed_my_village_friendly|Мне сказалі, што ты адабраў харчы ў маіх людзей у {s51}. На вайне-як на вайне, так што ў выпадку чаго - не крыўдуй.
str_comment_you_robbed_my_village_default|Ты абрабаваў маіх людзей у {s51}. Нядрэнна для разбойніка, але вось для чалавека, які шануе маё сяброўства, не самы ўдалы ўчынак...
str_comment_you_accosted_my_caravan_enemy|Ты нападаеш на абозы, якія мне загадана абараняць! У рабаўнікоў у гэтых краях нядоўгая жыццё.
str_comment_you_accosted_my_caravan_default|Ты нападаеш на абозы, якія знаходзяцца пад маёй абаронай. Спадзяюся, што гэта па няведанні. Інакш прыйдзецца цябе правучыць.
str_comment_you_helped_villagers_benevolent|Да мяне дайшлі чуткі, быццам ты дапамог маім людзям у вёсцы {s51}. Я быў далёка і не змог ім дапамагчы, у любым выпадку цяпер я-твой даўжнік.
str_comment_you_helped_villagers_friendly_cruel|Мне сказалі, што ты дапамог маім людзям у вёсцы {s51}. Эо вядома вельмі высакародны ўчынак, але са сваімі людзьмі я прывык разбірацца сам.
str_comment_you_helped_villagers_friendly|Мне далажылі, што ты дапамог маім людзям у вёсцы {s51}. Значыць, любіш гуляць у высакароднасць? Ну што ж, не маю права табе перашкаджаць ...
str_comment_you_helped_villagers_unfriendly_spiteful|Мне паведамілі, што ты дапамог маім людзям у вёсцы {s51}. Я мяркую, што ты проста хочаш уцерціся ў давер да маіх падданых, таму прашу цябе не лезці не ў свае справы.
str_comment_you_helped_villagers_cruel|Я чуў, ты дапамог маім людзям у вёсцы {s51}. Я-спадар і абаронца гэтых людзей, і дапамагаць ім у патрэбе - мой абавязак. Можа, ты хацеў здзейсніць высакародны ўчынак, але гэта падарвала мой аўтарытэт, таму папрашу цябе не лезці не ў сваю справу.
str_comment_you_helped_villagers_default|Кажуць, ты дапамог маім людзям у вёсцы {s51}. Цяпер цяжкія часы, і ты зрабіў гэта з добрымі намерамі, але ўсё ж не затокі такой звычкі. Я не хачу, каб мае халопы прасілі аб дапамозе незнаёмцаў.
str_comment_you_captured_a_castle_allied_friendly|Мне сказалі, што ты аблажыў і захапіў {s51}. Выдатная праца, Я табой ганаруся!
str_comment_you_captured_a_castle_allied_spiteful|Мне сказалі, што ты аблажыў і захапіў {s51}. Выдатная праца! За высокімі сценамі варожых замкаў нас заўсёды чакаюць багатыя трафеі і бочкі добрага віна!
str_comment_you_captured_a_castle_allied_unfriendly_spiteful|Мне сказалі, што ты аблажыў і захапіў {s51}. Не думаю, што табе ўдасца яго ўтрымаць-выскачак ніхто тут не любіць.
str_comment_you_captured_a_castle_allied_unfriendly|Мне сказалі, што ты аблажыў і захапіў {s51}. Што б там ні было паміж намі ў мінулым, віншую з перамогай!
str_comment_you_captured_a_castle_allied|Мне сказалі, што ты аблажыў і захапіў {s51}. Я думаю, гараджан напаткала справядлівая кара.
str_comment_you_captured_my_castle_enemy_spiteful|Кажуць, ты ўварваўся ў {s51}. Гэта маё валоданне! Табе самае месца ў маёй вязніцы!
str_comment_you_captured_my_castle_enemy_chivalrous|Ты заняў {s51}. Гэта маё валоданне! Калі я вярну яго сабе, ты станеш галоўным упрыгожваннем галоўных варот. З пятлёй на шыі.
str_comment_you_captured_my_castle_enemy|{s51} належыць мне, і не спадзявайся, што ты зможаш яго доўга ўтрымліваць!
str_comment_we_defeated_a_lord_unfriendly_spiteful|{s54} памятаеш? Вось і я таксама. Так што сам разумееш, чым гэта табе пагражае.
str_comment_we_defeated_a_lord_unfriendly|Я заўсёды буду памятаць, як быў разбіты наш агульны вораг - {s54}. Ты, вядома, заслугоўваеш падзякі. Калі б не мінулыя справы.
str_comment_we_defeated_a_lord_cruel|Хто б мог падумаць, што {s54} пацерпіць гэтак поўнае паражэнне?
str_comment_we_defeated_a_lord_quarrelsome|Я ніколі не забуду, як быў пераможаны наш вораг - {s54}!
str_comment_we_defeated_a_lord_upstanding|Я заўсёды буду памятаць, як {s54} упаў пад нашым націскам. Думаю, што з гэтай нагоды не супраць падняць куфлі!
str_comment_we_defeated_a_lord_default|Мы ўшчэнт разбілі ворага! Для мяне было вялікім гонарам змагацца побач з табой.
str_comment_we_fought_in_siege_unfriendly_spiteful|{s51} памятаеш? Думаю, ты не супраць выпіць за нашу перамогу. Можа быць, тады я змагу забыцца пра ўсе непрыемнасці, якія ты мне даставіў раней.
str_comment_we_fought_in_siege_unfriendly|Я заўсёды буду памятаць, як упаў наш агульны вораг - {s51}. Але і таго зла, якое ты мне прычыніў, не змагу забыць.
str_comment_we_fought_in_siege_cruel|Я ніколі не забуду, як мы ўварваліся ў крэпасць і перабілі абаронцаў, нібы курапатак! Лепшая паляванне ў маім жыцці!
str_comment_we_fought_in_siege_quarrelsome|Памятаеш, як крычалі ворагі, калі мы прабіліся за сцены? Яны думалі, што ў бяспецы, але мы хутка іх у гэтым пераканалі.
str_comment_we_fought_in_siege_upstanding|Я заўсёды буду памятаць штурм {s51}. Пра такія баях складаюць песні!
str_comment_we_fought_in_siege_default|Мы перамаглі, наш вораг пабіты ўшчэнт! Для мяне было вялікім гонарам змагацца побач з табой.
str_comment_we_fought_in_major_battle_unfriendly_spiteful|{s51} памятаеш? Думаю, ты не супраць выпіць за нашу перамогу. Але толькі за гэта, бо я памятаю ўсе мінулыя крыўды!
str_comment_we_fought_in_major_battle_unfriendly|Я заўсёды буду памятаць бітву, дзе мы змагаліся бок аб бок. Аднак тваіх мінулых учынкаў я таксама не забуду.
str_comment_we_fought_in_major_battle_cruel|Я ніколі не забуду, як мы зламалі варожы лад, і праціўнік бег ад нас на злом галавы. Выдатныя ўспаміны!
str_comment_we_fought_in_major_battle_quarrelsome|{s51} і той слаўны бой! Памятаеш, як беглі ворагі?
str_comment_we_fought_in_major_battle_upstanding|Я не забуду, як мы змагаліся бок аб бок у бітве ў {s51}. Яшчэ раз падзякуем нябёсам і молімся, каб не заганарыцца звыш меры.
str_comment_we_fought_in_major_battle_default|Мы ўшчэнт разбілі ворага! Для мяне было вялікім гонарам змагацца побач з табой.
str_comment_you_defeated_a_lord_allied_liege|Значыць, ты біўся з гэтым нягоднікам {s54} і перамог? Што ж, гэта выдатная вестка!
str_comment_you_defeated_a_lord_allied_unfriendly_spiteful|Мне казалі, што {s54} пацярпеў паразу ў бітве з табой. Ну што ж, і такім як ты часам шанцуе.
str_comment_you_defeated_a_lord_allied_spiteful|Хм, дык значыць, гэты сабака {s54} быў пераможаны? Выдатна! Я б дорага даў, каб паглядзець на яго ганьба.
str_comment_you_defeated_a_lord_allied_unfriendly_chivalrous|Мне сказалі, што {s54} прайграў табе бой. Спадзяюся, гэта праўда.
str_comment_you_defeated_a_lord_allied|Мне сказалі, што {s54} забіты табой у баі. Што ж, віншую з перамогай!
str_comment_you_defeated_me_enemy_chivalrous|Апошні раз ты быў мацнейшы. Паглядзім, што будзе далей.
str_comment_you_defeated_me_enemy_spiteful|Я чакаў нашай сустрэчы. Другі раз табе не ўдасца мяне падмануць, і ты будзеш маліць аб літасці!
str_comment_you_defeated_me_enemy|Калі мы бачыліся ў апошні раз, {playername}, ты перамог. Запэўніваю цябе, больш такога не паўторыцца!
str_comment_i_defeated_you_enemy_spiteful|Дабаўкі захацеў? Пазмагаемся яшчэ раз, і я скормлю твае трыбухі сабакам!
str_comment_i_defeated_you_enemy_chivalrous|Зноў вырашыў пазмагацца са мной, {playername}?
str_comment_i_defeated_you_enemy_benevolent|Вярнуўся? Няўжо ўрок не пайшоў табе празапас?
str_comment_i_defeated_you_enemy_coldblooded|Ты ўпарты і занадта назойлівы.
str_comment_i_defeated_you_enemy|Колькі разоў мне трэба пабіць цябе, каб ты пакінуў мяне ў спакоі?
str_comment_we_were_defeated_unfriendly_spiteful|Падчас нашай апошняй сустрэчы на цябе напаў {s54}. Шкада, што ты выжыў.
str_comment_we_were_defeated_unfriendly|Падчас нашай апошняй сустрэчы на цябе напаў {s54}. Як я пагляджу, цябе ўдалося сысці жывым.
str_comment_we_were_defeated_cruel|Падчас нашай апошняй сустрэчы на цябе напаў {s54}. Не хвалюйся, мы знойдзем яго і прымусім пашкадаваць аб зробленым.
str_comment_we_were_defeated_default|Падчас нашай апошняй сустрэчы на цябе напаў {s54}. Я рады, што ты застаўся цэлы!
str_comment_you_were_defeated_allied_friendly_spiteful|Да мяне дайшоў слых, што {s54} задаў табе спякоту. Думаю, што гэта не сыдзе яму з рук.
str_comment_you_were_defeated_allied_unfriendly_cruel|Да мяне дайшоў слых, што {s54} перарэзаў тваіх людзей, як авечак. Але ты перада мной-і жывы. Які жаль!
str_comment_you_were_defeated_allied_spiteful|Мне сказалі, што {s54} растаптаў цябе, як бык мурашкі. Ха! Няма чаго лезці ў Дарослыя гульні, {шчанюк / дзяўчынка}.
str_comment_you_were_defeated_allied_pitiless|Мне сказалі, што {s54} перамог цябе і разбіў твой атрад. Вельмі шкада...
str_comment_you_were_defeated_allied_unfriendly_upstanding|Мне сказалі, што {s54} перамог цябе. Магчыма, табе варта задумацца-А ну як самі нябёсы караюць цябе?
str_comment_you_were_defeated_allied_unfriendly|Мне сказалі, што {s54} перамог цябе. Я гляджу, што людзі для цябе проста смецце...
str_comment_you_were_defeated_allied|Мне сказалі, што {s54} перамог цябе. Мужайся-хутка ўсё зменіцца!
str_comment_you_helped_my_ally_unfriendly_chivalrous|Мне сказалі, што {s54} выратаваны табой ад паразы. Якім бы ні было маё меркаванне пра цябе, за гэта я магу толькі пахваліць.
str_comment_you_helped_my_ally_liege|Мне сказалі, што ты выратаваў майго падданага {s54} ад дакладнага паразы.
str_comment_you_helped_my_ally_unfriendly_spiteful|Небарака {s54}! Мне сказалі, што ты прымчаўся да яго на дапамогу. Думаў, ён сам бы не разабраўся? Не перажывай, многія дапускалі гэтую памылку.
str_comment_you_helped_my_ally_spiteful|Мне сказалі, што {s54} дзякуючы Табе пазбег ганебнага паразы... Спадзяюся, гэта паслужыць яму ўрокам.
str_comment_you_helped_my_ally_chivalrous|Мне сказалі, што {s54} атрымаў ад цябе дапамогу ў цяжкую хвіліну. Вельмі высакародна.
str_comment_you_helped_my_ally_default|Мне сказалі, што {s54} атрымаў ад цябе дапамогу ў цяжкую хвіліну. Дзякую Табе за гэта!
str_comment_you_abandoned_us_unfriendly_spiteful|Мне сказалі, што {s54} перамог цябе. Дурное паражэнне.
str_comment_you_abandoned_us_unfriendly_pitiless|Мне сказалі, што {s54} перамог цябе. Мужайся-хутка ўсё зменіцца!
str_comment_you_abandoned_us_spiteful|Нікчэмнасць! Ты кінуў нас на разарванне ворагу!
str_comment_you_abandoned_us_chivalrous|Ты кінуў мяне ў баі з ворагам! Тваёй баязлівасці няма апраўдання!
str_comment_you_abandoned_us_benefitofdoubt|Ты знік у самы разгар бою! Спадзяюся, у цябе ёсць годнае тлумачэнне?
str_comment_you_abandoned_us_default|У чым справа? Ты знік з-пад увагі ў самы разгар бою! Спадзяюся, ты быў цяжка паранены, у іншым выпадку ты запляміў сваё імя ганьбай.
str_comment_you_ran_from_me_enemy_spiteful|У чым справа? Цябе хапіліся ў самы разгар бою! Спадзяюся, што цябе паранілі, інакш і не ведаю, што падумаць...
str_comment_you_ran_from_me_enemy_chivalrous|У чым справа? Спачатку ты змагаўся разам з намі, а потым проста знік!
str_comment_you_ran_from_me_enemy_benevolent|Калі мы бачыліся ў апошні раз, ты збег ад мяне, падціснуўшы хвост. Навошта вярнуўся? Зноў гаўкаць на мяне ці ж маліць аб літасці?
str_comment_you_ran_from_me_enemy_coldblooded|У мінулы раз ты збег ад мяне. Чаго можна яшчэ чакаць ад бязроднага выскачкі?
str_comment_you_ran_from_me_enemy|Калі ты збег ад мяне ў апошні раз, ува мне зацеплілася надзея, што мне не давядзецца змагацца з табой зноў.
str_comment_you_ran_from_foe_allied_chivalrous|У мінулы раз ты збег ад мяне - гэта было вельмі разумна з твайго боку.
str_comment_you_ran_from_foe_allied_upstanding|У мінулы раз табе ўдалося ад мяне збегчы, але больш табе такой удачы не выпадзе.
str_comment_you_ran_from_foe_allied_spiteful|Пагаворваюць, быццам ты збег ад ворага, кінуўшы ўсіх сваіх людзей. Малю бога, каб гэта аказалася хлуснёй, інакш мы ўсе будзем зганьбаваныя.
str_comment_you_defeated_my_friend_enemy_pragmatic|А, {playername}.Тваё імя стала шырока вядома сярод маіх саюзнікаў. Нехта {s54}, думаю, да гэтага часу залізвае свае раны.
str_comment_you_defeated_my_friend_enemy_chivalrous|{playername}, я выклікаю цябе на паядынак. {s54} верне свой гонар.
str_comment_you_defeated_my_friend_enemy_spiteful|Ты праславіўся як магутны воін, {playername}. Аднак не дазваляй гонару пераможцы засланяць тваю вайсковую гонар. 
str_comment_you_defeated_my_friend_enemy|Пагаворваюць, быццам кідае ўсіх праціўнікаў, што сустракаюцца табе на шляху. Што ж, калі табе падаравана сіла, распараджайся ёю з розумам.
str_comment_you_captured_a_lord_allied_friendly_spiteful|Твая слава бяжыць наперадзе цябе, {playername}. Думаю, ты сапраўды небяспечны праціўнік.
str_comment_you_captured_a_lord_allied_unfriendly_spiteful|Я ведаю, ты слаўны воін і зямля поўніцца чуткамі пра твае подзвігі. Аднак не забывай пра вайсковую гонару, бо без яе ты ператворышся ў стрыманага забойцу.
str_comment_you_captured_a_lord_allied_chivalrous|Кажуць, што ты ўзяў у палон {s54}. Спадзяюся, ты выціснуў з яго ўсё да апошняга талера.
str_comment_you_captured_a_lord_allied|Кажуць, што ты ўзяў у палон {s54}. Павінна быць, твае скрыні цяпер б'юцца ад здабычы, але ад гэтага ты не станеш радавітым дваранінам!
str_comment_you_let_go_a_lord_allied_chivalrous|Кажуць, што ты ўзяў у палон {s54}. Гэта добра. Спадзяюся, з ім звярталіся, як належыць пры яго чыне?
str_comment_you_let_go_a_lord_allied_upstanding|Кажуць, што ты ўзяў у палон {s54}. Гэта добра. Без яго яго арміі і кроку ступіць не змогуць.
str_comment_you_let_go_a_lord_allied_coldblooded|Мне сказалі, што {s54} трапіў да цябе ў палон, але ты яго адпусціў. Памятай, што, адпускаючы гэтага чалавека, ты здзяйсняеш подласць ў адносінах да яго ворагам.
str_comment_you_let_go_a_lord_allied_unfriendly_spiteful|Мне сказалі, што {s54} трапіў да цябе ў палон, але ты яго адпусціў. Вельмі годны ўчынак, але небяспечны.
str_comment_you_let_go_a_lord_allied|Мне сказалі, што {s54} трапіў да цябе ў палон, але ты яго адпусціў. Вельмі высакародна з твайго боку, але войны выйграюцца зусім не высакароднасцю.
str_comment_you_let_me_go_spiteful|А, няўжо гэта {playername}. Пры мінулай нашай сустрэчы я пацярпеў паразу, і табе прыйшло ў галаву адпусціць мяне дадому без славы і без войска. Мне давядзецца адпомсціць табе за гэта прыніжэньне.
str_comment_you_let_me_go_enemy_chivalrous|Мы зноў сустрэліся, {s54}. Я дзякую Табе за маё вызваленне падчас нашай апошняй сустрэчы. Я спадзяюся, што калі-небудзь змагу адплаціць табе тым жа.
str_comment_you_let_me_go_enemy_coldblooded|Падчас нашай апошняй сустрэчы ты злітаваўся нада мной і адпусціў. Спадзяюся, табе спадабалася гуляць са мной у кошкі-мышкі, але ў наступны раз ужо я буду зневажаць цябе і вырашаць твой лёс!
str_comment_you_let_me_go_enemy|Падчас нашай апошняй сустрэчы ты злітаваўся нада мной і адпусціў. Гэта было вельмі высакародна з твайго боку, і я гэтага не забуду. Але нашы дзяржавы, на жаль, ваююць.
str_comment_you_let_me_go_default|Падчас нашай апошняй сустрэчы ты злітаваўся нада мной і адпусціў. Але мы з табой дагэтуль ворагі, і я не магу абяцаць, што адплачу табе тым жа.
str_comment_pledged_allegiance_allied_martial_unfriendly|Падчас нашай апошняй сустрэчы ты злітаваўся нада мной і адпусціў. Ты вельмі добры, але паміж намі да гэтага часу вайна, не забывай.
str_comment_pledged_allegiance_allied_martial|Падчас нашай апошняй сустрэчы ты злітаваўся нада мной і адпусціў. Ты вельмі добры. Дзякуй богу, што нашы дзяржавы больш не ваююць.
str_comment_pledged_allegiance_allied_quarrelsome_unfriendly|Кажуць, наш спадар {s54} прыняў ад цябе прысягу вернасці. Прашу, не зганьбі нас ганебнымі ўчынкамі.
str_comment_pledged_allegiance_allied_quarrelsome|Кажуць, што наш спадар {s54} прыняў ад цябе прысягу вернасці. Мне не трываецца пайсці з табой На бой з ворагамі!
str_comment_pledged_allegiance_allied_selfrighteous_unfriendly|Кажуць, наш спадар {s54} прыняў ад цябе прысягу вернасці. Цьфу. Будзь ласкавы, трымайся ад мяне далей.
str_comment_pledged_allegiance_allied_selfrighteous|Кажуць, наш спадар {s54} прыняў ад цябе прысягу вернасці. Змагайся з ворагамі, паважай вышэйстаячых, не сварыся са мной-і ўсё ў цябе будзе выдатна.
str_comment_pledged_allegiance_allied_cunning_unfriendly|Кажуць, наш спадар {s54} прыняў ад цябе прысягу вернасці. На яго месцы я б табе і боты чысціць не даверыў.
str_comment_pledged_allegiance_allied_cunning|Кажуць, наш спадар {s54} прыняў ад цябе прысягу вернасці. Змагайся адважна-і атрымлівай ўзнагароду. А аддасі нас-наракай на сябе.
str_comment_pledged_allegiance_allied_debauched_unfriendly|Кажуць, наш спадар {s54} прыняў ад цябе прысягу вернасці. Мне не падабаецца гэтае рашэнне, але, думаю, лепш мець цябе ў сябрах, чым у ворагах.
str_comment_pledged_allegiance_allied_debauched|Кажуць, наш спадар {s54} прыняў ад цябе прысягу вернасці. Гэта добра. Чым больш вопытных салдат будзе ў нас у гэты складаны час, тым лепш. Я буду назіраць за табой.
str_comment_pledged_allegiance_allied_goodnatured_unfriendly|Кажуць, наш спадар {s54} прыняў ад цябе прысягу вернасці. Несумненна, хутка ты аддасі яго, а я з задавальненнем пагляджу, як цябе караюць смерцю за здраду.
str_comment_pledged_allegiance_allied_goodnatured|Кажуць, наш спадар {s54} прыняў ад цябе прысягу вернасці. Выдатна... Думаю, мы з табой хутка станем добрымі сябрамі. Але памятай - калі ты нас аддасі, гэта стане самай вялікай памылкай у тваім жыцці.
str_comment_pledged_allegiance_allied_upstanding_unfriendly|Кажуць, наш спадар {s54} прыняў ад цябе прысягу вернасці. Што ж, не магу сказаць, што я табе давяраю, але спадару лепш відаць.
str_comment_pledged_allegiance_allied_upstanding|Кажуць, наш спадар {s54} прыняў ад цябе прысягу вернасці. Ведай жа, што наш спадар-вельмі высакародны чалавек і за адданасць плаціць дабрынёй і шчодрасцю!
str_comment_our_king_granted_you_a_fief_allied_friendly_cruel|Кажуць, наш спадар {s54} прыняў ад цябе прысягу вернасці. Нажаль, я ведаю пра цябе занадта шмат, каб ставіцца да цябе добра. Спадзяюся, я памыліўся.
str_comment_our_king_granted_you_a_fief_allied_friendly_cynical|Кажуць, наш спадар {s54} прыняў ад цябе прысягу вернасці. Змагайся з ворагамі без страху і не забывай пра гонар і міласэрнасці. Добрае імя гэтак жа каштоўна, як вострая піка і хуткая каня.
str_comment_our_king_granted_you_a_fief_allied_friendly|Кажуць, {s54} дараваў табе {s51}. Не забывай: пашкадуеш бізуна-сапсуеш сялян!
str_comment_our_king_granted_you_a_fief_allied_unfriendly_upstanding|Кажуць, {s54} дараваў табе {s51}. Жадаю табе ўсялякага росквіту, але будзь асцярожны! Людзі злыя, зайздросныя і прагныя да чужога багацця. Трымайся бліжэй да мяне і будзеш у бяспецы.
str_comment_our_king_granted_you_a_fief_allied_unfriendly_spiteful|Кажуць, {s54} дараваў табе {s51}. Няхай вашы новыя землі квітнеюць!
str_comment_our_king_granted_you_a_fief_allied_spiteful|Кажуць, {s54} дараваў табе {s51}. Прашу не забывай, што ганарыстасць-першы прадвеснік падзення.
str_comment_our_king_granted_you_a_fief_allied|Кажуць, {s54} дараваў табе {s51}. Аднак я думаю, што багацце даецца табе толькі для таго, каб за ім рушыла ўслед хваравітае прыніжэньне, калі спадар шпурне цябе назад у бруд, з якой ты выйшаў.
str_comment_you_renounced_your_alliegance_enemy_friendly|Кажуць, {s54} дараваў табе {s51}. Спадзяюся, вы сапраўды заслужылі такую ласку.
str_comment_you_renounced_your_alliegance_friendly|Кажуць, {s54} дараваў табе {s51}. Бачу, справы ў цябе ідуць нядрэнна.
str_comment_you_renounced_your_alliegance_unfriendly_spiteful|Кажуць, ты пасварыўся з {s54}. Мне горка таму, што нам цяпер прыйдзецца сысціся на поле бою.
str_comment_you_renounced_your_alliegance_unfriendly_moralizing|Кажуць, ты пасварыўся з {s54}. Будзем спадзявацца, што да вайны справа не дойдзе.
str_comment_you_renounced_your_alliegance_enemy|Мне заўсёды здавалася, што {s54} можа чакаць ад цябе толькі здрады-так яно і выйшла! Спадзяюся, ты гатовы да ганебнай смерці?
str_comment_you_renounced_your_alliegance_default|Кажуць, што ты і наш спадар - {s54} - цяпер ворагі. З гэтага часу ў маіх вачах ты-здраднік.
str_personality_archetypes|Кажуць, ты нешта не падзяліў з нашым спадаром - {s54}. Нажаль, часам старыя сябры становяцца ворагамі...
str_martial|Кажуць, што ты цяпер варагуеш з нашым спадаром - {s54}. Што ж, справа твая, але ў баі ад мяне літасці не чакай.
str_quarrelsome|са складаным характарам
str_selfrighteous|не ведае жалю
str_cunning|хітрун
str_debauched|садыст
str_goodnatured|добрай душы
str_upstanding|сумленнай душы
str_surrender_demand_default|Здавайся або памрэш!
str_surrender_demand_martial|Сёння табе не пашанцавала. Можаш працягваць бой, але калі здасі, гэта будзе не менш годным учынкам.
str_surrender_demand_quarrelsome|Выхаду ў цябе няма. Здавайся або памрэш, як сабака!
str_surrender_demand_pitiless|Табе мяне не перамагчы, а калі паспрабуеш, я правучу цябе як след. Здавайся!
str_surrender_demand_cunning|Вы сёння відавочна ў меншасці. Здавайся - не пра сябе, так пра людзей сваіх падумай!
str_surrender_demand_sadistic|Здавайся, або вытрыбушыць, як рыбу!
str_surrender_demand_goodnatured|Нас больш. Здавайся, і мы пашкадуем цябе.
str_surrender_demand_upstanding|Можаш змагацца, але многія твае людзі будуць забітыя, а ты пацерпіш паразу. Здавайся, не будзем бессэнсоўна праліваць кроў.
str_surrender_offer_default|Стойце! Я здаюся!
str_surrender_offer_martial|Стойце! Я здаюся!
str_surrender_offer_quarrelsome|Хопіць! Добра, сёння ты перамог! Цьфу, каб цябе!
str_surrender_offer_pitiless|Здаюся, ты перамог. Праклён!
str_surrender_offer_cunning|Хопіць! Здаюся!
str_surrender_offer_sadistic|Здаюся, здаюся! Пакліч сваіх сабак!
str_surrender_offer_goodnatured|Здаюся! Віншую з перамогай, {спадар / спадарыня}.
str_surrender_offer_upstanding|Здаюся! Спадзяюся, ты абыйдзешся са мной па гонару!
str_prisoner_released_default|Дзякую, {спадар / спадарыня}. Я не забуду тваёй дабрыні.
str_prisoner_released_martial|Ты неверагодна высакародны, {спадар / спадарыня}. Я не забуду гэтага!
str_prisoner_released_quarrelsome|Адпускаеш? Ну што ж... Да пабачэння.
str_prisoner_released_pitiless|Дзякуй. Калі ты прайграеш, я папрашу аб хуткай і лёгкай смерці для цябе. Калі, вядома, ты не пяройдзеш на наш бок. А пакуль-Бывай!
str_prisoner_released_cunning|Ты вельмі добры, {спадар / спадарыня}. Я абавязкова аддзячу табе.
str_prisoner_released_sadistic|Ты настолькі жорсткі, што аддаеш перавагу зняважыць мяне свабодай, чым закаваць у кайданы? Што ж, святкуй!
str_prisoner_released_goodnatured|Ты неверагодна высакародны, {спадар / спадарыня}. Я не забуду гэтага!
str_prisoner_released_upstanding|Ты неверагодна высакародны, {спадар / спадарыня}. Я не забуду гэтага!
str_enemy_meet_default|Хто ты, уласна, такі што ідзеш на мяне вайной?
str_enemy_meet_martial|Як цябе завуць, {спадар / спадарыня}? Хацелася б ведаць тваё імя на выпадак, калі трэба будзе пазмагацца.
str_enemy_meet_quarrelsome|А ты яшчэ хто такі?
str_enemy_meet_pitiless|Хто ты? Кажы, я хачу ведаць, каго забіваю.
str_enemy_meet_cunning|Назаві сваё імя, Я хачу ведаць свайго ворага.
str_enemy_meet_sadistic|Хто ты? Адказвай, а не тое выражу мову!
str_enemy_meet_goodnatured|Як цябе завуць, {спадар / спадарыня}? Хацелася б ведаць тваё імя на выпадак, калі трэба будзе пазмагацца.
str_enemy_meet_upstanding|Хто ты, што дазваляеш сабе перашкаджаць нашай праведнай справе са зброяй у руках?
str_battle_won_default|Сёння ты паказаў сябе як самы верны саюзнік!
str_battle_won_martial|Няма большага шчасця, чым як след праявіць сябе на поле бою!
str_battle_won_quarrelsome|Ха! Шляхетна мы правучылі гэтых прыдуркаў, а?
str_battle_won_pitiless|Разам мы ўселім жах у сэрцы ворага, і ён будзе выць ад страху пры нашым з'яўленні!
str_battle_won_cunning|Цяпер мы павінны замацаваць поспех, каб сённяшняе кровапраліцце не было марным.
str_battle_won_sadistic|Цяпер трэба абабраць іх мерцвякоў і пакінуць на з'ядзенне варонай - хай ведаюць, як ваяваць з намі!
str_battle_won_goodnatured|Выдатны быў бой! Няма нічога саладзей перамогі, праўда ж?
str_battle_won_upstanding|Дзякуем жа нябёсы за перамогу і аплачваем лёс усіх загінуўшых.
str_battle_won_grudging_default|Сёння ты дапамог змяніць ход бою. Якім бы ні было маё меркаванне пра цябе, я ўдзячны табе за дапамогу.
str_battle_won_grudging_martial|{playername}, нягледзячы на ўсе твае мінулыя грахі, сёння ты праявіў сябе як верны саюзнік!
str_battle_won_grudging_quarrelsome|Хм. Не скажу, што мне прыемна бачыць цябе, але, думаю, трэба падзякаваць цябе за дапамогу.
str_battle_won_grudging_pitiless|Ваша дапамога неацэнная. Мне ніколі не прыходзіла думка, што ты здольны прыйсці мне на дапамогу, але, тым не менш, дзякуй.
str_battle_won_grudging_cunning|Дзякуй за дапамогу ў цяжкую хвіліну... Дзякуй.
str_battle_won_grudging_sadistic|Аб, як кранальна - {playername} спяшаецца на дапамогу!
str_battle_won_grudging_goodnatured|{playername}! У мінулым мы не вельмі-то ладзілі, але сёння ты змагаўся хвацка. Прымі маю падзяку!
str_battle_won_grudging_upstanding|Магчыма, маё меркаванне наконт цябе было памылковым... Ты прыйшоў як раз своечасова, дзякуй за гэта.
str_battle_won_unfriendly_default|Ой, ты тут. Што ж, лепш позна, чым ніколі.
str_battle_won_unfriendly_martial|У мінулым мы не вельмі ладзілі, але цяпер давай проста парадуемся перамозе!
str_battle_won_unfriendly_quarrelsome|Калі чакаеш падзяк, то чакай далей. Твая дапамога была не асоба патрэбна, ды і ў цябе не было іншых спраў, праўда?
str_battle_won_unfriendly_pitiless|Ты прыйшоў сюды як шакал на труп льва! Ну што ж, частуйся, не буду табе перашкаджаць.
str_battle_won_unfriendly_cunning|{playername}... Што ж, думаю, твая дапамога не перашкодзіць, хоць не магу сказаць, што мне прыемна бачыць цябе.
str_battle_won_unfriendly_sadistic|Прэч, сцярвятнік! Гэта мая перамога, і не думай нават скрасці хоць малую частку маёй славы!
str_battle_won_unfriendly_goodnatured|Аб, гэта ты. Ну што ж, думаю, трэба падзякаваць цябе за дапамогу.
str_battle_won_unfriendly_upstanding|Дзякуй, што прыйшоў да мяне на дапамогу. Мабыць, я пайду, а то яшчэ нагавару лішняга...
str_troop_train_request_default|Мне патрэбен хтосьці накшталт цябе, каб прывесці іх у форму.
str_troop_train_request_martial|Ім патрэбны той, хто растлумачыць ім усю значнасць славы.
str_troop_train_request_quarrelsome|Тоўстыя гультаі. Мяне ад іх ванітуе!
str_troop_train_request_pitiless|Яны баяцца ворага больш, чым мяне, а гэта не справа.
str_troop_train_request_cunning|Людзі, як і мячы, гартуюцца толькі ў агні!
str_troop_train_request_sadistic|Ім патрэбен хтосьці са стрыжнем ўнутры, каб зрабіць іх смялей або забіць на шляху да гэтага.
str_troop_train_request_goodnatured|Яны нядрэнныя хлопцы, але, баюся, пакуль не гатовыя да бітваў.
str_troop_train_request_upstanding|Весці іх у бой у такім стане раўнасільна самагубства.
str_unprovoked_attack_default|Што? Навошта ты нападаеш на нас? А ну кажы!
str_unprovoked_attack_martial|Я не пярэчу супраць бою, але хачу спытаць, навошта ты на нас напаў?
str_unprovoked_attack_quarrelsome|Ты здзяйсняеш вялікую памылку, {шчанюк / дзяўчынка}. Што гэта ты ладзіш?
str_unprovoked_attack_pitiless|Праўда? Калі ты вырашыў сёння памерці, я табе з радасцю дапамагу, але мне цікава, што ты задумаў.
str_unprovoked_attack_cunning|Да ну? Ты робіш вельмі па-дурному. Чаго ты спадзяешся дасягнуць?
str_unprovoked_attack_sadistic|Што гэта? Любіш, калі табе вочы выколваюць?
str_unprovoked_attack_goodnatured|Навошта ты гэта робіш? Нам жа няма чаго сварыцца, {спадар / спадарыня}.
str_unprovoked_attack_upstanding|Я лічу гэты напад незаконным і прыму меры. Навошта ты гэта робіш?
str_unnecessary_attack_default|Калі прыйдзецца, я заб'ю цябе без ваганняў, але спачатку дам табе шанец выратавацца.
str_unnecessary_attack_martial|Я з задавальненнем прыму твой выклік, {спадар / спадарыня}, але ўсё ж дам табе час перадумаць.
str_unnecessary_attack_quarrelsome|Цьфу! У мяне няма часу на глупства! А ну з дарогі!
str_unnecessary_attack_pitiless|Сёння ў мяне добры настрой, і я прыкінуся, што ты нічога не сказаў.
str_unnecessary_attack_cunning|Не ведаю, навошта ты шукаеш са мной варожасці. Можа, табе лепш проста з'ехаць?
str_unnecessary_attack_sadistic|Я не збіраюся марнаваць на цябе час, нікчэмнасць. Прэч з дарогі!
str_unnecessary_attack_goodnatured|Не ведаю, навошта ты шукаеш са мной бойкі, {спадар / спадарыня}. Лепш едзь.
str_unnecessary_attack_upstanding|Калі ты хочаш бою, {спадар / спадарыня}, то ты яго атрымаеш, але спачатку падумай як след.
str_lord_challenged_default|Як хочаш. Рыхтуйся да смерці!
str_lord_challenged_martial|Так і быць. Абараняйся!
str_lord_challenged_quarrelsome|Паганы сабака! Зараз атрымаеш!
str_lord_challenged_pitiless|Калі ты так хочаш памерці, то я не стану табе ў гэтым адмаўляць.
str_lord_challenged_cunning|Што ж, ты не пакідаеш мне выбару...
str_lord_challenged_sadistic|Бруднае нікчэмнасць! Цяпер жа Пашкадуеш, што з'явіўся на свет!
str_lord_challenged_goodnatured|Добра. Шкада, што нам не ўдалося пазбегнуць гэтага, але выбару ў мяне няма.
str_lord_challenged_upstanding|Так і быць. Шкада, што пераканаць цябе мне не ўдалося.
str_lord_mission_failed_default|Ты мяне расчараваў, але ў цябе будзе яшчэ шмат шанцаў апраўдацца.
str_lord_mission_failed_martial|Праваленае заданне не робіць табе гонару, але я прыму твае словы на веру.
str_lord_mission_failed_quarrelsome|Не выйшла? Цьфу. Нічога іншага я і не чакаў.
str_lord_mission_failed_pitiless|Не атрымалася? Вельмі дрэнна... Ты мяне расчараваў, і вельмі дарма.
str_lord_mission_failed_cunning|Ты расчараваў мяне, але гэта нічога. Няўдачы з усімі здараюцца.
str_lord_mission_failed_sadistic|Праўда? Тыя, хто падводзяць мяне, не заўсёды дажываюць да таго моманту, калі могуць пра гэта пашкадаваць.
str_lord_mission_failed_goodnatured|Ох. Ну, асаблівай надзеі ў мяне і не было. Дзякуй за старанні!
str_lord_mission_failed_upstanding|Ну што зрабіць... Я веру, што ты прыклаў нямала намаганняў.
str_lord_follow_refusal_default|Ісці за табой? Ты забываешся, {спадар / спадарыня}.
str_lord_follow_refusal_martial|Калі калі-небудзь ты ўвянчаеш сябе вайсковай славай, я пайду за табой. Але не сёння.
str_lord_follow_refusal_quarrelsome|Ісці за кімсьці накшталт цябе? Няма ўжо.
str_lord_follow_refusal_pitiless|Дваране накшталт мяне не ідуць за такімі, як ты, {спадар/спадарыня}.
str_lord_follow_refusal_cunning|Спачатку дакажы, што не завабіш мяне ў пастку. Пасля гэтага я, можа, і пайду з табой.
str_lord_follow_refusal_sadistic|Няма ўжо! Лепш ты ідзі за мной, як дварняк за гаспадаром.
str_lord_follow_refusal_goodnatured|У мяне цяпер шмат спраў. Давай потым.
str_lord_follow_refusal_upstanding|Спачатку дакажы, што за табой і сапраўды варта ісці, а там паглядзім.
str_lord_insult_default|сука
str_lord_insult_martial|змея подколодная
str_lord_insult_quarrelsome|баязлівая задніца
str_lord_insult_pitiless|бязроднае стварэнне
str_lord_insult_cunning|халопская падсцілка
str_lord_insult_sadistic|смярдзючая псина
str_lord_insult_goodnatured|чумная пацук
str_lord_insult_upstanding|тупая скаціна
str_rebellion_dilemma_default|[падданы]
str_rebellion_dilemma_martial|{s45} не заслугоўвае гэтага. І хоць я прысягнуў у вернасці {s46}, я не стану падтрымліваць яго, калі ён заняў трон незаконна.
str_rebellion_dilemma_quarrelsome|Хм-м. {s46} ніколі не плаціў мне, так што я яму не абавязаны. Але і {s45} можа апынуцца не лепш, а {s46} хоць неяк праявіў сябе.
str_rebellion_dilemma_pitiless|Хм-м. {s45} сцвярджае, што трон па праве належыць {reg3?ёй: яму}. Гэта вызваляе мяне ад прысягі, дадзенай {s46}. Але мне ўсё роўна трэба ўсё абдумаць.
str_rebellion_dilemma_cunning|Хм-м. {s46} прыняў у мяне прысягу вернасці, аднак тыя, у чыіх руках улада, не так моцна звязаны клятвамі, як простыя людзі. Мы павінны толькі кіраваць, загадваць і не дапускаць вайны.
str_rebellion_dilemma_sadistic|Хм-м. у гэтым жорсткім свеце трэба клапаціцца пра сябе, таму што больш ніхто гэтага не зробіць. Дык што там для мяне?
str_rebellion_dilemma_goodnatured|Я не ведаю, што сказаць. {s46} прыняў маю клятву вернасці, але раз ён сам кіруе незаконна, то і клятва яму не мае сілы.
str_rebellion_dilemma_upstanding|З гэтым будуць праблемы. Нельга проста так прыйсці і сказаць, што мая прысяга {s46} несапраўдная, бо пасля гэтага ўся краіна ўпадзе ў анархію! Але ад мяне патрабуецца падтрымліваць права атрымання ў спадчыну, а {s45} - больш чым законны прэтэндэнт на трон.
str_rebellion_dilemma_2_default|[падданы]
str_rebellion_dilemma_2_martial|Але з іншага боку, {s46} не кідае сваіх людзей ні ў ваенны, ні ў мірны час, і мне вельмі непрыемна парушаць сваю клятву.
str_rebellion_dilemma_2_quarrelsome|Скажы, з чаго б мне даводзіць да агульнага вядомага мярзотніка дзеля {reg3?невядомай мярзоты: невядомага}?
str_rebellion_dilemma_2_pitiless|Гэта небяспечней за ўсё-адказваць на пытанне, хто, па-мойму, варты кіраваць гэтай зямлёй. Гэта выдатная магчымасць загадзя заручыцца ласкай будучага кіраўніка!
str_rebellion_dilemma_2_cunning|{s46} дазволіў пахіснуць сваё становішча, і ён ужо не зможа кіраваць гэтак жа надзейна як той, у чыёй улады ніхто ніколі не сумняваўся. Аднак калі {s45} захопіць трон сілай, {reg3?яе: яго кіраванне будзе не так надзейна, як улада таго, хто заняў яго мірным шляхам.
str_rebellion_dilemma_2_sadistic|Магчыма, калі {S45} прыме мяне да сябе, пакуль {reg3?яе: яго} ўлада слабая, пасля {reg3?яна: ён узнагародзіць мяне. Але калі я прынясу {S46} тваю галаву, мая ўзнагарода можа быць яшчэ вышэй!
str_rebellion_dilemma_2_goodnatured|{s46} заўсёды звяртаўся са мной годна, але вось {s45}, вядома, такога сказаць не можа. Мне цяжка парушыць дадзеную клятву, але падтрымліваць беззаконне таксама не хочацца.
str_rebellion_dilemma_2_upstanding|Думаю, мне трэба зрабіць тое, што я лічу правільным, каб у краіне не пачалася грамадзянская вайна, і яна не стала лёгкай здабычай для ворагаў.
str_rebellion_prior_argument_very_favorable|Мне ўжо называлі прычыны, па якіх варта падтрымаць твайго прэтэндэнта на трон, і я, мабыць, пагаджуся з імі.
str_rebellion_prior_argument_favorable|Мне ўжо называлі прычыны, па якіх варта падтрымаць твайго прэтэндэнта на трон, і я, мабыць, пагаджуся з імі.
str_rebellion_prior_argument_unfavorable|Мне ўжо называлі прычыны, па якіх варта падтрымаць твайго прэтэндэнта на трон, але яны для мяне непераканаўчыя.
str_rebellion_prior_argument_very_unfavorable|Мне ўжо называлі прычыны, па якіх варта падтрымаць твайго прэтэндэнта на трон, але з большасцю з іх я не магу пагадзіцца.
str_rebellion_rival_default|[падданы]
str_rebellion_rival_martial|Твой саюзнік, {s44}, аднойчы засумняваўся ў маім гонару і адвазе. Нячаста выпадае магчымасць пазмагацца з ім у баі і прымусіць яго пашкадаваць пра свае словы.
str_rebellion_rival_quarrelsome|Твой саюзнік - {s44}. Ён вельмі хітры, і я ні кроплі яму не веру.
str_rebellion_rival_pitiless|Цябе, здаецца, падтрымлівае {s44} - мяккі і слабы чалавек, які не здольны кіраваць нават маёнткам. Я пагарджаю яго.
str_rebellion_rival_cunning|{s44}, з якім ты аб'яднаў намаганні, адрозніваецца упартасцю і глупства. Ён таксама мае даўгі.
str_rebellion_rival_sadistic|{s44} - твой саюзнік, але я не жадаю змагацца побач з тым, хто напускае на сябе такі ванітна-праведны выгляд.
str_rebellion_rival_goodnatured|Мне б не хацелася быць на тым жа баку, што і {s44} - слава аб яго жорсткасці Грыміць па ўсёй краіне.
str_rebellion_rival_upstanding|Твой саюзнік - {s44} - небяспечны, ненадзейны і зусім беспрынцыповы чалавек
str_rebellion_argument_favorable|Твае довады цалкам лагічныя
str_rebellion_argument_neutral|Твае довады збольшага пераканаўчыя
str_rebellion_argument_unfavorable|Мяне не пераконваюць твае довады
str_rebellion_persuasion_favorable| ты, У цэлым, справу кажаш
str_rebellion_persuasion_neutral| твае матывы мне зразумелыя
str_rebellion_persuasion_unfavorable| табе не ўдасца мяне пераканаць
str_rebellion_relation_very_favorable| я адчуваю да цябе глыбокую павагу.
str_rebellion_relation_favorable| я цябе вельмі паважаю.
str_rebellion_relation_neutral| я не так добра цябе ведаю.
str_rebellion_relation_unfavorable| я табе не веру.
str_and_comma_3|І больш за тое
str_but_comma_3|Аднак
str_and_comma_1|, і
str_but_comma_1|, але
str_and_comma_2|. Трэба сказаць,
str_but_comma_2|. Прызнацца,
str_rebellion_agree_default|[падданы]
str_rebellion_agree_martial|Добра, рашэнне я прыняў. {s45} мае ўсе правы на трон.
str_rebellion_agree_quarrelsome|Мабыць, ты справу кажаш. Ды я і сам-то ніколі не ўхваляў дзеянняў {s46}. На троне павінен сядзець куды больш годны чалавек.
str_rebellion_agree_pitiless|Я, так і быць, далучуся да цябе, але не прымушай мяне шкадаваць аб гэтым рашэнні і не думай, што я раблю гэта дзеля цябе.
str_rebellion_agree_cunning|Небяспечная справа ты задумаў... Але мабыць, я да цябе далучуся. Будзем спадзявацца на лепшае.
str_rebellion_agree_sadistic|Што ж... Я не супраць падтрымаць {reg3?тваю прэтэндэнтку:твайго прэтэндэнта}. Але прашу цябе паабяцаць, што {reg3?яна: ён годна ўзнагародзіць мяне!
str_rebellion_agree_goodnatured|Так і быць. Мяркую, {reg3?твая прэтэндэнтка: твой прэтэндэнт} будзе кіраваць годна. Я з табой.
str_rebellion_agree_upstanding|Так таму і быць. Мой першы абавязак-перад гэтай краінай, і, каб зберагчы яе ад беззаконня, Я падтрымаю {s45} і парушу клятву, дадзеную {s46}. Хай даруе мяне Усявышні, калі я раблю няправільна!
str_rebellion_refuse_default|[падданы]
str_rebellion_refuse_martial|Вымушаны цябе засмуціць. Я веру, што {s45} будзе кіраваць годна, але {s46} не заслугоўвае маёй здрады.
str_rebellion_refuse_quarrelsome|Мой адказ няма. {s45} усё роўна не зможа тут правіць, так што я не стану перабягаць з боку на бок.
str_rebellion_refuse_pitiless|Не. Я не буду падтрымліваць тваё паўстанне. Твой гнеў - усяго толькі гнеў дзіцяці, якому адмовілі ў чарговай цаццы. {s46} кіруе тут па законе, і кіруе справядліва!
str_rebellion_refuse_cunning|Прабач, але я не веру ў тваю перамогу. Многія памруць, і я не хачу быць у іх ліку, так што застануся пры сваім.
str_rebellion_refuse_sadistic|Не, я не гуляю ў такія гульні. Ты цягнешся да кароны, але ў выніку твая галава апынецца на пласе, і {s46} разам са мной будзе глядзець, як яе адсячэ кат.
str_rebellion_refuse_goodnatured|Прабач, але {s46} не заслугоўвае маёй здрады. Спадзяюся, ты не будзеш трымаць на мяне зла за маю адмову.
str_rebellion_refuse_upstanding|Прабач, але я не веру, што {s45} здолее кіраваць па сумленні і не дапусціць бунту сярод халопаў. Я застануся пры сваім, і хай даруюць мяне нябёсы, калі я раблю няправільна.
str_talk_later_default|[падданы]
str_talk_later_martial|Не час цяпер казаць пра палітыку! Мы прыйшлі на бой, і табе таксама лепш бы падрыхтавацца.
str_talk_later_quarrelsome|Нас з усіх бакоў атачаюць ворагі, а ты заводзіш размовы пра здраду? Ты за каго мяне трымаеш?
str_talk_later_pitiless|Прытрым мова! Я не збіраюся абмяркоўваць гэта цяпер, знаходзячыся ў сэрцы нашай арміі!
str_talk_later_cunning|Цяпер не час і не месца для такіх гутарак. Думаецца мне, што можна абмеркаваць гэта пазней, з чым чорт не жартуе... Але пакуль што мы ўсё яшчэ ворагі.
str_talk_later_sadistic|Зачыніце рот! Як думаеш, што зробяць іншыя дваране, пачуўшы, што мы з табой абмяркоўваем здраду?
str_talk_later_goodnatured|Хочаш абмеркаваць здраду? Не самы ўдалы час... Калі нас не будзе атачаць армія, я абавязкова выслухаю цябе.
str_talk_later_upstanding|Што б там ні было з гэтым правам атрымання ў спадчыну, я не збіраюся абмяркоўваць гэта тут і цяпер. Калі мы сустрэнемся яшчэ раз і зможам пагаварыць сам-насам, я цябе выслухаю. Але пакуль што мы з табой ворагі.
str_gossip_about_character_default|Кажуць, што {s6} не валодае ніякімі забаўнымі рысамі характару.
str_gossip_about_character_martial|Кажуць, што {s6} нічога не любіць так, як вайну.
str_gossip_about_character_quarrelsome|Кажуць, што {s6} ледзь не пабіўся з іншым дваранінам, таму што той пажартаваў наконт яго носа.
str_gossip_about_character_selfrighteous|Мне казалі, што {s6} загадаў пакараць смерцю двараніна за тое, што той прыстрэліў аленя ў яго лесе.
str_gossip_about_character_cunning|Кажуць, што {s6} адрозніваецца неверагоднай хітрасцю.
str_gossip_about_character_sadistic|Кажуць, што {s6} любіць катаваць ворагаў. Мне зусім не хочацца з ім сварыцца.
str_gossip_about_character_goodnatured|Кажуць, што {s6} - вельмі добры чалавек, і годна звяртаецца з тымі, хто жыве на яго землях. Рэдка калі пачуеш такое пра кіраўніка.
str_gossip_about_character_upstanding|Кажуць, што {s6} - вельмі добры кіраўнік. Ён добры да сваіх падданым і ўзнагароджвае іх за верную службу.
str_latest_rumor|Апошні слых, у якім згадваецца {s6}, гэта:
str_swadian_rebellion_pretender_intro|Я вялікі гетман літоўскі-князь Януш Радзівіл.
str_vaegir_rebellion_pretender_intro|Я-Данскі атаман. Сцяпанам Разіна клічуць. 
str_khergit_rebellion_pretender_intro|Мяне завуць Мехмет. Я з роду крымскіх Гірэяў.
str_nord_rebellion_pretender_intro|Маё імя Крысціна, я шостая каралева Швецыі, валадарка готаў і вендаў.
str_rhodok_rebellion_pretender_intro|Клікаць мяне Іван Барабаш. Так, Так, я той самы гетман, якога даўно лічаць загінулым.
str_swadian_rebellion_pretender_story_1|Мы, Радзівілы, такія ж нашчадкі вялікага князя літоўскага Гедыміна, як і кіруючыя ў Рэчы Паспалітай Ягелоны. Цяперашнія каралі ў параўнанні з намі выскачкі, якія не маюць ніякіх правоў на польскую і літоўскую кароны.
str_vaegir_rebellion_pretender_story_1|Не раз рабіў набегі на татараў па просьбе маскоўскага цара. І што ж атрымаў у падзяку? Брата майго пакаралі смерцю па паклёпе, а самога мяне шукаюць, каб пасадзіць у астрог. 
str_khergit_rebellion_pretender_story_1|Я старэйшы сын хана Селямета. Да нядаўніх часоў па праве займаў Ханскі палац у Бахчысараі, але бліскучы султан Парты, якому прыносяць прысягу ўсе Гиреи, палічыў, што я дрэнна спраўляўся са сваімі абавязкамі, і паставіў на маё месца майго малодшага брата, ісламу!
str_nord_rebellion_pretender_story_1|Я адзіная дачка караля Густава II Адольфа і Марыі Элеаноры Брандэнбургскай. Усе саслоўі Швецыі прынеслі мне прысягу, калі мне споўніўся год. Як будучая каралева я атрымала бліскучую адукацыю. Я вывучыла сем моў-нямецкі, дацкая, галандскі, італьянскі, іспанскі, грэцкі і латынь; чытала Эзопа, Юстына, Лівія, Цэзара, Вяргілія. Ужо да дванаццаці гадоў я нядрэнна разбіралася ў палітыцы і ваенных справах.
str_rhodok_rebellion_pretender_story_1|Я-патомны казак. Быў палкавым есаулам, абраны Чаркаскім палкоўнікам, а потым наказным гетманам Войска Запарожскага. Я заўсёды стараўся жыць у міры з польскай шляхтай, але вайсковы пісар, Багдан Хмяльніцкі, адправіўся на Сеч, узбаламуціў запарожцаў і падняў мяцеж. Рэестравыя казакі, якія засталіся пад маім пачаткам, дапамагалі каронным войску ўціхамірваць бунтаўнікоў, але перад бітвай пры жоўтых Водах Хмелю ўдалося перавабіць на свой бок ўсю старшыну.
str_swadian_rebellion_pretender_story_2|Польскі кароль абіраецца сенатарамі. У гэтым-то галоўная наша бяда. Пакуль на троне не запануе праўдзівы манарх, які будзе насіць тытул не па капрызе капрызнай шляхты, але па праве крыві, Рэч Паспалітая не будзе вялікай дзяржавай.
str_vaegir_rebellion_pretender_story_2|Рускі цар спіць і бачыць, як задушыць усе вольнасці данскія, але казакі сябе за проста так прыдушыць не дадуць. Як толькі аб'явіцца законны спадчыннік на пасад, неадкладна падымем бунт. І тады ўжо трымайся, Аляксей Міхайлавіч!
str_khergit_rebellion_pretender_story_2|Маё зрушэнне-жахлівая несправядлівасць. Іслам-Гірэй нічога не разумее ў дзяржаўных справах і, замест таго, каб падтрымліваць Рэч Паспалітую, зноў імкнецца да саюзу з казакамі. Толькі ў саюзе з польскім каралём мы можам утрымаць Маскоўскага Цмока, які рвуцца на поўдзень...
str_nord_rebellion_pretender_story_2|Узышоўшы на пасад, я вырашыла застацца нявінніцай па прыкладзе Лізаветы ангельскай, а сваім спадчыннікам абвясціла стрыечнага брата - Карла Густава Пфальцкага. Але падступны Карл не задавальняўся натуральным ходам рэчаў і пажадаў стаць каралём яшчэ да таго, як я аддам душу Усявышняму!
str_rhodok_rebellion_pretender_story_2|У ноч перад бітвай яны ўварваліся ў Гетманскім намёт. Але мяне паспелі папярэдзіць, і я выратаваўся. Яны вырашылі, што я мёртвы, убачыўшы пасечанае цела. Гэта быў мой слуга. Ведаеш, што я табе скажу? Хмяльніцкаму справы няма да будучыні нашага народа, ім рухае ганарыстасць і помста. Ён абавязкова загубіць Украіну.
str_swadian_rebellion_pretender_story_3|Мне патрэбныя рашучыя людзі, каб выступіць супраць узурпатара і аднавіць вялікую Літву. І на гэта я як стараста Жмудскі, віленскі ваявода і вялікі гетман літоўскі маю поўнае права!
str_vaegir_rebellion_pretender_story_3|"Паклаўшы руку на сэрца я б ужо даўно клікнуў: ""Сарынь на кичку!""Ды толькі дзе ўзяць таго, хто мог бы прад'явіць правы на царскі трон?"
str_khergit_rebellion_pretender_story_3|Я шукаю надзейных прыхільнікаў. Бо калі крымскія мурзы выступяць на маім баку, то султан нікуды не дзенецца і зноў прызначыць мяне ханам. 
str_nord_rebellion_pretender_story_3|Заручыўшыся падтрымкай вайскоўцаў, ён пагрозамі вымусіў мяне адрачыся ад пасаду. І гэта пасля таго, як я выйграла Трыццацігадовую вайну і абсыпала дваран нябачанымі прывілеямі! Я ўпэўненая, што дастаткова толькі кінуць кліч, і Швецыя вернецца пад маю руку!
str_rhodok_rebellion_pretender_story_3|Зноў стаўшы гетманам, я ўладжу ўсе справы з Рэччу Паспалітай, і тады Украіна будзе квітнець ў сям'і брацкіх народаў!
str_swadian_rebellion_monarch_response_1|Калі ты вядзеш таемныя перамовы з Радзівілам, то я вымушаны цябе расчараваць. Гэтыя пратэстанты-жмудзіны вельмі высокай думкі пра свой род, але яны не больш чым ганарыстыя літоўскія магнаты, чый кашэль гэтак жа тоўсты, як вялікія іх амбіцыі. 
str_vaegir_rebellion_monarch_response_1|Кажуць, на Доне ўзбунтаваўся адзін з казачых Атаманаў? Як яго там... Стэнька Разін, ці што? Чакаю яго ў Маскоўскім Крамлі з нецярпеннем. У кайданах, само сабой.
str_khergit_rebellion_monarch_response_1|Бачу, ты паспеў пагаварыць з гэтым няўдачнікам, Мехметам? Так, ён быў ханам, але пасля таго як ён баязліва аддаў маскоўскаму цару нашы землі на Каўказе і перайшоў на бок казакоў, сиятельнейший султан, ды працягнуцца яго дні на вякі вякоў, аднавіў справядлівасць і перадаў стырно праўлення мне. 
str_nord_rebellion_monarch_response_1|Крысціна засумавала па троне? Яна заўсёды была непрадказальная. Спачатку ледзь не давяла краіну да поўнага спусташэння - удвая павялічыла колькасць дваран, раздала каронныя землі, усю дзяржаўную казну змарнавала на палацавыя забавы і цацанкі для сваіх фаварытаў. Затым раптам стукнулася ў каталіцтва.
str_rhodok_rebellion_monarch_response_1|Іван Барабаш даўно з трыбухамі прадаўся клятым ляхам. Стаўшы наказным гетманам, ён, каб выслужыцца перад польскім каралём, абклаў казакоў непасільнымі паборамі і дапамагаў садзіць каталіцкую унію. Гэты здраднік вядзе Украіну назад у польскае рабства.
str_swadian_rebellion_monarch_response_2|Хутчэй бязладны вялікапольскі шляхціц стане каралём Рэчы Паспалітай, чым хто-небудзь з гэтых віленскіх схізматыкаў.
str_vaegir_rebellion_monarch_response_2|Мы, Раманавы, законныя спадчыннікі шапкі Манамаха, а тым бунтаўшчыкамі, што супраць нас выступаць надумалі, вісець на дыбе ды круціцца на крывавым коле. Так што калі ты з ім звязаўся па дурасці аль здзіўлення, лепш тут жа ідзі ў Таемны загад ды ўсё раскажы як на духу, інакш худа будзе.
str_khergit_rebellion_monarch_response_2|Не думаю, што яго вяртанне ўзрадуе нашых мурз. Так што ад усёй душы раю табе забыцца пра яго існаванне. Адзіны, хто па ім сумуе ў Бахчысараі, - гэта мой новы кат.
str_nord_rebellion_monarch_response_2|І што б яна цяпер ні казала-адраклася яна добраахвотна. Яе адрачэнне на маю карысць афіцыйна прынята на рыксдагу і прызначаныя даходы з Готланда, Эланда, Эзеля, Памераніі і іншых абласцей. Швецыя-краіна салдат-пратэстантаў, і ёй не патрэбна каралева-каталічка, якая спрабуе адлюстроўваць з сябе Лізавету ангельскую.
str_rhodok_rebellion_monarch_response_2|Пераяслаўская рада ўсім казакам пастанавіла прысягаць маскоўскаму цару. Толькі пад крылом праваслаўнай дзяржавы наш народ здабудзе сапраўдную волю. І ўжо павер мне, што будучыня нашай зямлі зусім не ў саюзе з каталіцкай Польшчай. Толькі гетман, пазбаўлены розуму, будзе ваяваць супраць Расеі...
str_credits_1|"Mount & Blade^ "" агнём і мячом. Вялікія бітвы"" ^ над гульнёй працавалі:"
str_credits_2|"Студыя ""СіЧъ"" (Кіеў)^ ^ кіраўнік праекта: ^ Максім Горбань ^ ^ Мастакі: ^ Андрэй Домрачаў^Сяргей Шатэрны^ ^ Гульнявы дызайнер: ^ Аляксей Федорыч^ ^ Аўтар сцэнарыя: ^ Аляксандр Трубнікаў"
str_credits_3|"Таксама над гульнёй працавалі: ^ Akrit^Девлет Герай-хан^niko^АВС^Rebalancer^Йомен^Bestt^ ^ асобная падзяка:^Форуму і ўсёй супольнасці ""СіЧъ"" (http://empiretw.ru),^Unicorn Games і асабіста Мікалаю Маційчуку"
str_credits_4|Snowberry Connection (Стакгольм)^ ^ выканаўчы прадзюсар: ^ Аляксандр Суслаў
str_credits_8|Snowball Studios (Масква)^ ^ тэхнічныя прадзюсары: ^ Міхаіл Бруханаў^Аляксандр Радкевіч ^ ^ рэдактар: ^ Ульяна Сарокіна^ ^ Вокладка: ^ Ганбат Бадамханд
str_credits_5|Мастакі: ^ Кацярына Ладатка^Аляксей Чыстоў^ ^ Мастак па інтэрфейсах: ^ Міхаіл Колбасников^ ^ паліграфія: ^ Міхаіл Колбасников
str_credits_6|Кампазітары: ^ Вадзім Ганкін ^ Пётр Сальнікаў^Уладзімір Качаткоў^ ^ выканаўцы вакальных партый: ^ Святлана Шчаголькова^Таццяна Рослікава^Святлана Амерыканцава-Щеголькова^ ^ Рэжысёр гуказапісу:^Эвеліна Новікава
str_credits_9|Гукарэжысёр: ^ Міхаіл Мацвееў (Студыя RWS)^ ^ тэстары: ^ Аляксандр Радкевіч^Віктар Чашчын^Ягор ботаў^Сяргей Ягораў^Дзмітрый Кіяткін
str_credits_7|Асобная падзяка: кампутарнаму клубу Playground, Масква
str_credits_10|Сяргей Кіяткін^Дзмітрый Клімантаў^Станіслаў Лабачоў ^ Андрэй Машкоў^Васіль Панарын^Аляксандр Шышоў
str_credits_11|Тэхнічны дырэктар: ^ Віталь Клімаў
str_credits_12|Taleworlds Entertainment (Анкара)^ ^ Праграмаванне: ^ Армаган Явуз ^Чэм Чыменбічэр
str_multi_scene_12|Выпадковыя раўніны (сярэдняя)
str_multi_scene_13|Выпадковыя раўніны (вялікая)
str_multi_scene_14|Выпадковая стэп (сярэдняя)
str_multi_scene_15|Выпадковая стэп (вялікая)
str_scn_mp_swed_zamok|Выбарг
str_scn_mp_nomad_camp|Татарскі лагер
str_scn_mp_mosk_kreml|Не гатова
str_scn_mp_novgorod_fortress|Крэпасць у пагорках
str_scn_mp_rus_fortress|Арэшак
str_scn_mp_tevt_zamok|Не гатова
str_scn_mp_mosk_monastyr|Манастырскі замак
str_scn_mp_old_castle|Стары замак
str_scn_mp_arena|Арэна
str_scn_mp_marketplace|Рынкавая плошча
str_scn_mp_swamp_delta|Дэльта ракі
str_scn_mp_forest_camp|Лясны лагер
str_scn_mp_polya|Палі
str_scn_mp_hillroad|Узгорыстая дарога
str_scn_mp_hutor|Хутар
str_scn_mp_river_village|Сяло каля ракі
str_scn_mp_forest_edge|Лясная ўзлесак
str_scn_mp_forest_road|Дарога ў лесе
str_multi_scene_end|канец мульты-сцэны
str_multi_game_type_1|Бой да смерці
str_multi_game_type_2|Камандны бой да смерці
str_multi_game_type_3|Бітва
str_multi_game_type_5|Захоп сцяга
str_multi_game_type_6|Заваяванне
str_multi_game_type_7|Аблога
str_multi_game_type_8|Дуэль
str_multi_game_type_9|Капітан
str_multi_game_type_10|Капітаны-Аблога
str_multi_game_type_11|Капітаны-Бітва
str_poll_kick_player_s1_by_s0|{s0} задавальняе галасаванне, каб выдаліць гульца {s1}.
str_poll_ban_player_s1_by_s0|{s0} задавальняе галасаванне, каб выгнаць гульца {s1}.
str_poll_change_map_to_s1_by_s0|{s0} задавальняе галасаванне, каб змяніць карту на {s1}.
str_poll_change_map_to_s1_and_factions_to_s2_and_s3_by_s0|{s0} задавальняе галасаванне, каб змяніць карту на {s1} і замяніць фракцыі на {s2} і {s3}.
str_poll_change_number_of_bots_to_reg0_and_reg1_by_s0|{s0} задавальняе галасаванне, каб змяніць лік ботаў з {reg0} да {reg1}.
str_poll_kick_player|Выдаліць гульца {S0}: 1 = Так, 2 = Няма
str_poll_ban_player|Выгнаць гульца {S0}: 1 = Так, 2 = Няма
str_poll_change_map|Змяніць карту на {s0}: 1 = Так, 2 = Няма
str_poll_change_map_with_faction|Змяніць карту на {s0} і фракцыі на {s1} і {s2}: 1 = Так, 2 = Няма
str_poll_change_number_of_bots|Змяніць лік ботаў на {reg0} для фракцыі {s0} і {reg1} для фракцыі {s1}: 1 = Так, 2 = Няма
str_poll_time_left|(засталося {reg0} сек.)
str_poll_result_yes|Большасць прагаласавала за.
str_poll_result_no|Большасць прагаласавала супраць.
str_total_item_cost_reg0|Агульны кошт: {reg0}
str_server_name|Сервер:
str_game_password|Пароль гульні:
str_map|Карта:
str_game_type|Тып гульні:
str_max_number_of_players|Максімум гульцоў:
str_number_of_bots_in_team_reg1|Колькасць ботаў у камандзе {reg1}:
str_team_reg1_faction|Фракцыя каманды {reg1}:
str_enable_valve_anti_cheat|Античит Valve (патрабуецца дзеючы рахунак Steam)
str_allow_friendly_fire|Стральба па сваіх
str_allow_melee_friendly_fire|Ўдары па сваіх
str_friendly_fire_damage_self_ratio|Страты па сабе (%):
str_friendly_fire_damage_friend_ratio|Страты па сваіх (%):
str_spectator_camera|Камера гледача:
str_control_block_direction|Указанне кіраўніка блока:
str_map_time_limit|Абмежаванне па часе (у хвілінах):
str_round_time_limit|Абмежаванне раўнда па часе (у секундах):
str_players_take_control_of_a_bot_after_death|Пераключэнне на бота пасля смерці:
str_team_points_limit|Ліміт камандных ачкоў:
str_point_gained_from_flags|Камандныя ачкі за Сцягі (%):
str_point_gained_from_capturing_flag|Ачкі за захоп сцягоў:
str_respawn_period|Час адраджэння (у секундах):
str_add_to_official_game_servers_list|У афіцыйны спіс сервераў
str_combat_speed|Хуткасць бою:
str_combat_speed_0|Мінімальны
str_combat_speed_1|Нізкі
str_combat_speed_2|Сярэдні
str_combat_speed_3|Высокі
str_combat_speed_4|Максімальны
str_defender_spawn_count_limit|Лік адраджэнняў абаронцаў:
str_unlimited|Бясконцы
str_automatic|Аўтаматычны
str_by_mouse_movement|Па руху мышы
str_free|Свабодны
str_stick_to_any_player|Замацавана за гульцом
str_stick_to_team_members|Замацавана за членамі каманды
str_stick_to_team_members_view|Замацавана за выглядам членаў каманды
str_make_factions_voteable|Зрабіць фракцыі аб'ектамі галасавання
str_make_kick_voteable|Выключаць гульцоў галасаваннем
str_make_ban_voteable|Зачыняць доступ на сервер галасаваннем
str_bots_upper_limit_for_votes|Дадаваць ботаў галасаваннем:
str_make_maps_voteable|Мяняць карты галасаваннем
str_valid_vote_ratio|Неабходную колькасць галасоў (%):
str_auto_team_balance_limit|Парог автобаланса каманд (розніца):
str_welcome_message|Прывітальнае паведамленне:
str_initial_gold_multiplier|Пачатковае золата (%):
str_battle_earnings_multiplier|Бонус золата ў баі (%):
str_round_earnings_multiplier|Бонус золата за раўнд (%):
str_allow_player_banners|Дазволіць асабістыя Сцягі
str_force_default_armor|Абавязаць нашэнне броні
str_respawning_in_reg0_seconds|З'яўленне праз {reg0} сек...
str_no_more_respawns_remained_this_round|Жыцця на гэты раўнд выдаткаваныя
str_reg0_respawns_remained|(Засталося жыццяў: {reg0})
str_this_is_your_last_respawn|(Гэта ваша апошняе жыццё)
str_wait_next_round|(Чакайце наступнага раунда)
str_yes_wo_dot|Так
str_no_wo_dot|Не
str_we_resign|У нас не засталося сіл для працягу бою. Мы здаемся на вашу ласку, {playername}.
str_i_resign|Я не хачу паміраць сёння, я здаюся.
str_s1_returned_flag|{S1} - гульцы вярнулі сцяг на сваю базу!
str_s1_auto_returned_flag|{s1} - сцяг аўтаматычна вярнуўся на базу!
str_s1_captured_flag|{S1} - гульцы захапілі чужы сцяг!
str_s1_taken_flag|{s1} - гульцы забралі чужы сцяг!
str_s1_neutralized_flag_reg0|{s1} - гульцы абясшкодзілі сцяг боку {reg0}.
str_s1_captured_flag_reg0|{s1} - гульцы захапілі сцяг боку {reg0}!
str_s1_pulling_flag_reg0|{s1} - гульцы пачалі перамяшчаць сцяг боку {reg0}.
str_s1_destroyed_catapult|{S1} - гульцы знішчылі катапульту!
str_s1_destroyed_trebuchet|{S1} - гульцы знішчылі требушет!
str_s1_destroyed_all_targets|{S1} - гульцы знішчылі ўсе мэты!
str_s1_saved_1_target|{s1} - гульцы збераглі адну мэту.
str_s1_saved_2_targets|{s1} - гульцы збераглі ўсе мэты.
str_s1_defended_castle|{S1} - гульцы абаранілі свой замак!
str_s1_captured_castle|{S1} - гульцы захапілі замак!
str_auto_team_balance_in_20_seconds|Аўтабаланс: будзе выкананы за 20 секунд.
str_auto_team_balance_next_round|Аўтабаланс: будзе выкананы ў наступным раўндзе.
str_auto_team_balance_done|Каманды аўтаматычна збалансаваны.
str_s1_won_round|{s1} - перамога ў раўндзе!
str_round_draw|Час выйшаў. Раўнд завяршыўся нічыёй.
str_round_draw_no_one_remained|Усе загінулі. Раўнд завяршыўся нічыёй.
str_death_mode_started|Не марудзьце! Захопіце поле бою!
str_reset_to_default|Безумоўна
str_done|Зроблены
str_player_name|Імя гульца
str_kills|Ахвяра
str_deaths|Смерць
str_ping|Пінг
str_dead|Труп
str_reg0_dead|Трупы: {reg0}
str_bots_reg0_agents|Боты: {reg0}
str_bot_1_agent|Боты
str_score|Рахунак
str_score_reg0|Лік: {reg0}
str_flags_reg0|(Сцягі: {reg0})
str_reg0_players|(Гульцы: {reg0})
str_reg0_player|(Гулец {reg0})
str_open_gate|Адкрыць вароты
str_close_gate|Зачыніць вароты
str_open_door|Адкрыць дзверы
str_close_door|Зачыніць дзверы
str_raise_ladder|Падняць лесвіцу
str_drop_ladder|Апусціць лесвіцу
str_back|Назад
str_start_map|Запуск карты
str_choose_an_option|Выберыце Налады:
str_choose_a_poll_type|Выберыце тып галасавання:
str_choose_faction|Выбар фракцыі
str_choose_a_faction|Выберыце фракцыю:
str_choose_troop|Выбар класа войскаў
str_choose_a_troop|Выберыце клас войскаў:
str_choose_items|Выбар рыштунку
str_options|Налады
str_redefine_keys|Змена кіравання
str_submit_a_poll|Стварэнне галасавання
str_administrator_panel|Панэль адміністратара
str_kick_player|Выдаленне гульца
str_ban_player|Выгнанне гульца
str_mute_player|Пазбаўленне голасу
str_unmute_player|Надзяленне голасам
str_quit|Выхад
str_poll_for_changing_the_map|Іншая карта
str_poll_for_changing_the_map_and_factions|Іншая карта і фракцыі
str_poll_for_changing_number_of_bots|Іншае лік ботаў у камандах
str_poll_for_kicking_a_player|Выдаленне гульца
str_poll_for_banning_a_player|Выгнанне гульца
str_choose_a_player|Выберыце гульца:
str_choose_a_map|Выберыце карту:
str_choose_a_faction_for_team_reg0|Выберыце фракцыю для каманды {reg0}:
str_choose_number_of_bots_for_team_reg0|Выберыце лік ботаў для каманды {reg0}:
str_spectator|Глядач
str_spectators|Глядач
str_command|Каманда:
str_profile_banner_selection_text|Выберыце сцяг з вашага профілю:
str_use_default_banner|Выкарыстоўваць сцяг фракцыі
str_party_morale_is_low|Баявы дух некаторых вашых салдат знаходзіцца на вельмі нізкім узроўні!
str_weekly_report|Справаздача
str_has_deserted_the_party|пакідае атрад.
str_have_deserted_the_party|пакідае атрад.
str_space| 
str_us_|Мы
str_allies_|Саюзнік
str_enemies_|Вораг
str_routed|Уцякач
str_maximum_seconds_for_round_is_reg0|Максімум секунд на раўнд: {reg0}.
str_respawn_period_is_reg0_seconds|Перыяд адраджэння ў секундах: {reg0}.
str_bots_upper_limit_for_votes_is_reg0|Верхняя мяжа ботаў для галасавання: {reg0}.
str_map_is_voteable|За карту можна галасаваць.
str_map_is_not_voteable|За карту нельга галасаваць.
str_factions_are_voteable|За фракцыі можна галасаваць.
str_factions_are_not_voteable|За фракцыі нельга галасаваць.
str_players_respawn_as_bot|Гульцы адраджаюцца ў целах ботаў.
str_players_do_not_respawn_as_bot|Гульцы не адраджаюцца ў целах ботаў.
str_kicking_a_player_is_voteable|Гульцоў можна выдаляць галасаваннем.
str_kicking_a_player_is_not_voteable|Гульцоў нельга выдаляць галасаваннем.
str_banning_a_player_is_voteable|Гульцоў можна блакаваць галасаваннем.
str_banning_a_player_is_not_voteable|Гульцоў нельга блакаваць галасаваннем.
str_player_banners_are_allowed|Гульцы могуць выкарыстоўваць свае сцягі.
str_player_banners_are_not_allowed|Гульцы не могуць выкарыстоўваць свае сцягі.
str_default_armor_is_forced|Абавязаць нашэнне броні.
str_default_armor_is_not_forced|Нашэнне броні не абавязкова.
str_percentage_of_yes_votes_required_for_a_poll_to_get_accepted_is_reg0|Працэнт галасоў для паспяховага галасавання: {reg0}%.
str_auto_team_balance_threshold_is_reg0|Парог автобаланса каманд: {reg0}.
str_starting_gold_ratio_is_reg0|Стартавы ўзровень золата: {reg0}%.
str_combat_gold_bonus_ratio_is_reg0|Бонуснае золата ў баі: {reg0}%.
str_round_gold_bonus_ratio_is_reg0|Бонуснае золата за раўнд: {reg0}%.
str_point_gained_from_flags_is_reg0|Камандныя ачкі за Сцягі: {reg0}%.
str_point_gained_from_capturing_flag_is_reg0|Камандныя ачкі за захоп сцягоў: {reg0}%.
str_map_time_limit_is_reg0|Мяжа часу гульні на карце (у хвілінах): {reg0}.
str_team_points_limit_is_reg0|Мяжа камандных ачкоў: {reg0}.
str_defender_spawn_count_limit_is_s1|Лік адраджэнняў абаронцаў: {s1}.
str_reg4_killed_reg5_wounded_reg6_routed|забіта: {reg4}, паранена: {reg5}, збегла: {reg6}
str_reg4_killed_reg5_routed|забіта: {reg4}, збегла: {reg5}
str_reg4_killed_reg5_wounded|забіта: {reg4}, паранена: {reg5}
str_reg4_wounded_reg5_routed|паранена: {reg4}, збегла: {reg5}
str_quick_battle_scene_1|Дэльта ракі
str_quick_battle_scene_2|Сяло каля ракі
str_quick_battle_scene_3|Хутарок
str_quick_battle_scene_4|Драўляны форт
str_quick_battle_scene_5|Крэпасць каля ракі
str_quick_battle_troop_1|"Рэйтары аб'ядноўваюць у сабе даспехі рыцараў і агнястрэльную зброю. Яны здольныя аслабіць ворага агнём і дабіць у рукапашнай. Тым не менш яны саступаюць і добрым стрэлках, і ""правільнай"" цяжкай кавалерыі.^У рэйтарскіх паліцах было да 2 тысяч коннікаў (ням. Ritter-рыцар): адна рота - копейщики, а астатнія - Конныя стрэлкі. Атакавалі яны шэраг за побач, падскокваючы да суперніка па чарзе і страляючы залпамі з пісталетаў."
str_quick_battle_troop_2|Гэтая унікальная кавалерыя польскай арміі, магчыма, з'яўляецца лепшай цяжкай кавалерыяй у свеце! Выхадцы з адважнай шляхты, крылатыя гусары адрозніваюцца высокай баявой і матэрыяльнай падрыхтоўкай. Імкліва атакуючы ў цяжкай брані і на магутных конях, гусары палохаюць ворага адным сваім выглядам і здольныя прарваць шэрагі любых відаў войскаў. Тым не менш ім варта баяцца вялікіх навал стралкоў - асабліва на нязручнай для кавалерыі мясцовасці. Час славы гусар надышоў пад Венай, калі дзякуючы ім было спынена турэцкае нашэсце ў Еўропу.^У 17 стагоддзі гусарыя лічылася лепшай кавалерыяй ва ўсім свеце!
str_quick_battle_troop_3|"Баяры выдатна навучаны і ўзброены. Яны злучаюць у сабе націск Заходняй і хуткасць Усходняй кавалерыі. І хоць некаторыя еўрапейцы лічаць іх перажыткам феадалізму, ніхто не рызыкне сказаць гэта ім у твар!Баяры-вышэйшы пласт феадальнага грамадства ў Рускай дзяржаве X-XVII стст.з XV ст. у Рускай дзяржаве баярын - гэта вышэйшы чын сярод ""служылых людзей па айчыне"". Званне Баярына давала права ўдзельнічаць у пасяджэннях Баярскай думы, было вышэйшым думным чынам. Адмена ў 1682 месніцтва канчаткова падарвала ўплыў баяраў. Баярскі чын быў адменены Пятром I у пачатку XVIII ст."
str_quick_battle_troop_4|Кірасіры (у літаральным перакладзе-латнікі, фр. cuirasse-латы) - род кавалерыі апранутай у лёгкія даспехі-кірасы. З'явіліся ў XVI стагоддзі ў многіх краінах Еўропы як цяжкая кавалерыя, створаная ў мэтах кампенсацыі малалікасці рыцарскай кавалерыі і апранутая ў адносна недарагія няпоўныя латы, званыя кірасірскімі, ад якіх да XIX стагоддзя засталіся толькі шлем і кіраса. Першапачаткова, падчас іх паралельнага суіснавання з рыцарамі, асноўным узбраеннем кірасіраў быў рыцарскі меч, але затым ён змяніўся на палаш, а ў некаторых войсках на цяжкую шаблю.
str_quick_battle_troop_5|Джасакі былі асновай татарскага войска. Хоць яны і не адрозніваліся выбітнымі баявымі якасцямі, але дзякуючы сваёй шматлікасці і манеўранасці прадстаўлялі сур'ёзную пагрозу. Ўзбраенне гэтых воінаў складаецца з добрага лука і пасрэднай шаблі. Яны выдатныя стрэлкі, асабліва эфектыўныя пры непрамых нападах.
str_quick_battle_troop_6|Мушкецёры гэта ядро любой арміі. Адно ўменне страляць ўжо робіць іх грознай сілай на поле бою, бо часам адзін або некалькі залпаў могуць вырашыць зыход бітвы. Але не варта забываць, што ў рукапашнай сутычцы яны безабаронныя супраць кавалерыі або цяжкай пяхоты, таму іх неабходна адпраўляць у бой з надзейным прыкрыццём: пикинерами або кавалерыяй.У сярэдзіне XVI стагоддзя мушкет стаў асноўным зброяй, выкарыстоўваным на вайне. Эфектыўнасць гэтага прылады пераўзыходзіла лук і арбалет, якія выкарыстоўваліся да яго. Пасля нядоўгай падрыхтоўкі любы чалавек мог авалодаць мушкетам і стаць паўнавартасным салдатам. Радавымі мушкецёры часцей за ўсё станавіліся сяляне і гараджане.
str_quick_battle_troop_7|Нецягі зарэкамендавалі сябе як ударныя групы. Адсутнасць броні яны кампенсуюць мужнасцю і баявым духам. Пісталетны залп ва ўпор значна павялічвае іх шанцы на поспех, але супраць кавалерыі ім не выстаяць. Марскія паходы не былі для казакоў з шэрагу прэч якія выходзяць падзеямі-па сваёй сутнасці яны былі разбойніцкімі набегамі і сфармавалі новы род войскаў. Высадка на варожы бераг не заўсёды праходзіла бязбольна, ды і купецкія караблі не былі так ужо безабаронныя. Нецягі неслі вялікія страты, пераскокваючы з палубы на бераг або палубу варожага карабля, не маючы дастаткова часу на пабудову і падрыхтоўку, не валодаючы цяжкімі даспехамі і ўзбраеннем. Нецягі прыцягваліся і для асабліва сухапутных бітваў, дзе зарэкамендавалі сябе як ударныя групы, гатовыя нанесці першы ўдар або вытрымаць першапачатковы націск праціўніка.
str_quick_battle_troop_8|Гэтыя навучаныя воіны ў поўным даспеху змагаюцца двухручнымі мячамі. Цяжкая пяхота ідзе ў першых шэрагах, прарываючы абарону праціўніка. Галоўнае, зберагчы іх ад варожага агню, а ў рукапашнай яны самі паклапоцяцца пра сябе!
str_quick_battle_troop_9|У другой палове XVI пачатку XVII стагоддзяў састарэлых ландскнехтаў змяніў новы тып войскаў-рундашыры. Рундашыры - гэта высока дысцыплінаваныя войскі, узброеныя мячом і невялікім круглым шчытом і апранутыя ў кірасу. Яны здольныя эфектыўна весці блізкі бой як з варожай пяхотай, так і з лёгкай конніцай. Але ў выпадку сутыкнення з варожымі мушкецёрамі або цяжкай конніцай, рундашыры апынуцца ў незайздросным становішчы. Паступова такі род пяхоты вымірае з-за імклівага развіцця агнястрэльнай зброі і, адпаведна, замены рукапашнага сутыкнення боем на адлегласці. Пікінерам было наканавана праіснаваць даўжэй-у асобных краінах яны выкарыстоўваліся аж да пачатку XIX стагоддзя.
str_quick_battle_troop_10|Пікінеры доўга захоўвалі свае пазіцыі ў еўрапейскіх войсках. З развіццём агнястрэльнай зброі ўдзельная вага даспехаў памяншаўся, і ў рэшце рэшт на копейщиках засталася толькі кіраса, добра абараняла ад удараў халоднай зброяй, і металічны шлем, які прыкрываў галаву. Пікінеры былі ўзброены доўгімі пікамі. Яны будаваліся цесна стуленымі радамі і былі прызначаныя для прыкрыцця мушкецёраў ад імклівых кавалерыйскіх нападаў праціўніка. Агнястрэльную зброю было ўсё яшчэ недасканала, і пяхотнікі, як правіла, паспявалі зрабіць адзін залп, пасля чаго ішлі ў рукапашную на праціўніка або перабудоўваліся з яшчэ не стралялі радамі. У такіх умовах частка пяхоты абавязкова павінна была мець даспехі і халодная зброя для рукапашнага бою. У асобных арміях пікінеры выкарыстоўваліся аж да пачатку XIX стагоддзя.
str_quick_battle_troop_11|Шатландцы заўсёды славіліся ў Еўропе выдатнымі байцамі. Яшчэ з часоў Эдуарда III і паўстання Уільяма Уоллеса шатландскія копейщики паспяховага грамілі кавалерыю ангельцаў. Шатландскія алебардзьеры-гэта паслядоўнікі слаўных баявых традыцый нямецкіх ландскнехтаў і швейцарскіх пяхотнікаў. У XV-XVI стагоддзях такі род пяхоты панаваў на палях бітваў, але ўсё ж і ў канцы XVI і ў XVII стагоддзі гэты від салдат усё яшчэ быў запатрабаваны. Алебардзьеры былі здольныя эфектыўна супрацьстаяць непрыяцельскай конніцы і з-за тэхнічнай недасканаласці зброі далёкага бою таго часу маглі прымаць на сябе ўдар варожай пяхоты.
str_map_basic|Карта
str_game_type_basic|Тып гульні
str_battle|Захоп
str_siege_offense|Аблога (напад)
str_siege_defense|Аблога (абарона)
str_character|Персанаж
str_biography|Апісанне
str_player|Гулец
str_enemy|Вораг
str_faction|Фракцыя
str_army_composition|Склад арміі
str_army_size|Памер арміі
str_reg0_men|{reg0} чалавек
str_start|Пачатак
str_tutorial_training_ground_warning_no_weapon|- А вы не лічыце, што спачатку трэба ўзяць у рукі зброю? Вунь там павінна што-небудзь валяцца. Вазьмі, што табе спадабаецца.
str_tutorial_training_ground_attack_training_down|Зрабіце выпад! (Ссуньце мыш ўніз, утрымліваючы левую кнопку).
str_tutorial_training_ground_attack_training_up|Вырабіце ўдар зверху! (Ссуньце мыш уверх, утрымліваючы левую кнопку)
str_tutorial_training_ground_attack_training_left|Вырабіце ўдар злева! (Ссуньце мыш налева, утрымліваючы левую кнопку)
str_tutorial_training_ground_attack_training_right|Вырабіце ўдар справа! (Ссуньце мыш направа, утрымліваючы левую кнопку)
str_merch_t_1|Пяхота
str_merch_t_3|Стрэлка
str_merch_t_5|Вершнік
str_merch_k_1|Пяхота
str_merch_k_3|Стрэлка
str_merch_k_5|Вершнік
str_merch_p_1|Пяхота
str_merch_p_3|Стрэлка
str_merch_p_5|Вершнік
str_merch_s_1|Пяхота
str_merch_s_3|Стрэлка
str_merch_s_5|Вершнік
str_merch_m_1|Пяхота
str_merch_m_3|Стрэлка
str_merch_m_5|Вершнік
str_oim_potop_horse_warn|Казакі вас пазналі. Прыйдзецца прабівацца з боем...
str_oim_potop_horse_warn_defenders|Казакі вас пазналі. Прыйдзецца прабівацца з боем, яны выклікалі падмацаванне...
str_oim_polish_defeated|"^А ў лета Гасподняе 1656 круль Польскі шляхецкі парлямэнт, што завецца соймам, сілай разагнаў і абвясьціў сябе самадзержцам на манер Маскоўскага гаспадара. Ды толькі няправільная шляхта яму гэтага не спусціла, і пайшлі бунты па землях Вялікапольскім, Літоўскім, русінскім і ўкраінскім, якія круль стаў ўціхамірваць наёмнымі нямецкімі ландскнехтамі. Неўзабаве ўся гэтая польска-літоўская Рэспубліка згарэла ў пажарах вайны, нібы вязанка сухога галля. Сам жа Ян Казімір, пазбавіўшыся падтрымкі дваран і народа, бег, адрокшыся ад пасаду, з апошнім сваім военачальнікам, худародным маршалам па мянушцы {playername}. На мяжы Мазовіі і Прусіі іх атачыў вялікі атрад разбойнікаў, якіх шмат блукала тады па краіне. Кароль і ўсе яго спадарожнікі былі забітыя, і дзе спачываюць іх астанкі нікому не вядома. ^ ^ Зянон Пятрэцкі. ""Кароткая гісторыя Рэчы Паспалітай"", 1855 г."
str_oim_polish_defeated_hero_dead|"^А ў лета Гасподняе 1656 круль Польскі, пакараўшы смерцю за здраду кароннага гетмана {playername}, шляхецкі парламент, што завецца соймам, сілай разагнаў і абвясціў сябе самадзержцам на манер Маскоўскага гасудара. Ды толькі няправільная шляхта яму гэтага не спусціла, і пайшлі бунты па землях Вялікапольскім, Літоўскім, русінскім і ўкраінскім, якія круль стаў ўціхамірваць наёмнымі нямецкімі ландскнехтамі. Неўзабаве ўся гэтая польска-літоўская Рэспубліка згарэла ў пажарах вайны, нібы вязанка сухога галля. Сам жа Ян Казімір, пазбавіўшыся падтрымкі дваран і народа, бег, адрокшыся ад пасаду. На мяжы Мазовіі і Прусіі яго атачыў вялікі атрад разбойнікаў, якіх шмат блукала тады па краіне. Кароль і ўсе яго спадарожнікі былі забітыя, і дзе спачываюць іх астанкі нікому невядома. ^ ^ Зянон Пятрэцкі. ""Кароткая гісторыя Рэчы Паспалітай"", 1855 г."
str_oim_potop_hero_killed|"Лета 1656 магутны кароль і непераможны палкаводзец {playername} упаў ад кінжала наёмнага забойцы. Sic transit gloria mundi (так праходзіць зямная слава). ^ ^ ""Аповесьць грозных гадоў"", вялебны Пафнуцій Наўгародскі"
str_oim_was_killed_while_in_town|Ваша спроба атруціць ваду не ўвянчалася поспехам. Вас схапілі і на наступную ж раніцу ваша пакалечанае цела вывесілі на гарадской сцяне. Так скончылася няўдалая спроба штурму горада. 
str_zagloba_member_chat_1|Хутчэй лісце перечтешь на ліпе, чым усіх ворагаў, што я зьнішчыў. Будзь у мяне столькі валасоў на галаве, колькі я адзін іх паклаў, луковские цырульнікі багацце б нажылі на подбривке маёй чуприны. Будзь Я пракляты, калі хлушу...
str_zagloba_member_chat_2|Даўней у нас на дзесяць перамог прыходзілася адно паражэнне, і ўвесь свет дзіваваўся нашай адвазе. А сёння мы церпім адны паразы, нас вераломна здраджваюць, ды не якія-небудзь асобныя нягоднікі, цэлыя правінцыі! Божа, злітуйся над Айчынай!
str_zagloba_member_chat_3|Ужо вельмі мне хочацца яшчэ разок паспытаць шведскага мясца, усё роўна як ваўку бараніны! Ах, прахвосты! Блыхі ім ногі іх у панчошкі поискусали, вось і не сядзіцца ім дома, лезуць у чужыя землі...
str_zagloba_member_chat_4|Нямала крыві пусціў я шведам гэтымі рукамі, і яшчэ пушчу будзь здаровы. Трохі салдат засталося ў жывых з тых, хто бачыў мяне пад Пуцкам і Тшцяной, а тыя, хто выжыў, надоўга мяне запомняць.
str_zagloba_member_chat_5|Я стары герой Збаража... Гэтай вось старой рукой я засек Бурлая, самага вялікага гетмана пасля Хмяльніцкага. Хто не чуў пра Заглобу, той у першую казацкую вайну, дакладна, гарох лушчыў, або курэй шчыпаў, або цялятаў пас, чаго такія годныя кавалеры, як вы, спадзяюся, не рабілі.
str_zagloba_member_chat_6|Пара б маім старым косткам на адпачынак. Лепш бы мне на печцы ляжаць, тварог ёсць са смятанай, у садзе шпацыраваць ды яблыкі збіраць, над жняцамі стаяць ды дзевак па спінах паляпваць. Мабыць, і вораг пакінуў бы мяне ў спакоі, бо і шведы, і казакі ведаюць, што цяжкая ў мяне рука, і дай-то бог, каб імя Маё было гэтак жа вядома вам, браты, як вядома яно ворагам.
str_zagloba_member_chat_7|Трэба было б мне адпачыць, але радзіма ў бядзе, вораг топча нашу зямлю. І вось я тут, каб разам з вамі даць ворагу адпор імем Радзімы-маці, якая ўсіх нас выкарміла. Хто сёння не ўстане на яе абарону, хто не падымецца на яе выратаванне, той не сын ёй, а пасерб, той ня варты яе кахання. 
str_zagloba_member_chat_8|"Я, Стары, калі будзе на тое воля Гасподняя і прыйдзецца паміраць, з апошніх сіл буду крычаць: ""на шведа, браты, на шведа!». Дамо ж клятву не выпусціць шаблі з рук, пакуль не прагонім ворага з роднага краю!"
str_zagloba_member_chat_9|Леў і то рыкае перад бойкай, каб раз'юшыцца... Што ж да вялікіх ваяўнікоў, то ў кожнага свой нораў. Ганібал, здаецца, гуляў у косці, Сцыпіён Афрыканскі чытаў віршы, пан Конецпольский, бацька наш, пра бабах любіў пагаварыць, ну а мне перад боем паспаць бы гадзінку-другую, ды і чару выпіць з сябрамі я таксама не супраць.
str_zagloba_member_chat_10|Да напояў, кажуць старыя, нячыстай сіле доступу няма, іх усюды можна піць, а вось ежы, асабліва супаў, трэба сцерагчыся. Так было і ў Крыме, калі я сядзеў там у няволі. Татарскія мулы, або па-нашаму ксяндзы, так умелі прыгатаваць бараніну з часнаком, што толькі паспытаеш - і ўжо гатовы і ад веры адрачыся, і ў іхняга махляра-прарока паверыць.
str_zagloba_member_chat_11|Мяне сам крымскі хан вельмі любіць за тое, што я змова на яго жыццё распазнаў, калі сядзеў у яго ў няволі ў Крыме. Ды і наш літасцівы кароль Ян Казімір таксама мяне любіць.
str_zagloba_member_chat_12|Пасля кожнай такой вылазкі, як пасячэм мы, бывала, тысяч пяць, а то і ўсе дзесяць, разбойнікаў, Хмяльніцкі галавой б'ецца аб сценку і адно паўтарае ў роспачы: «ужо гэта, як піць даць, справа рук гэтага чорта Заглобы!». Ну а як дайшла справа да Збароўскага свету, так сам хан глядзеў на мяне, як на Дзіва, і партрэт прасіў даць яму, хацеў султану паслаць у падарунак.
str_zagloba_member_chat_13|Клянуся Богам, прарокі мне вяшчаюць! Мы паб'ем гэтых нягоднікаў, гэтую немчуру, гэтых чулочников, рыбаедаў і іншых вашыўцаў і барадачоў, што летам у кажухах ходзяць і на санках ездзяць! Такога задамо ім перцу, што яны пяткі пакажуць. Усе, у кім душа жывая, бі сабачых дзяцей! Бі, хто ў бога верыць, каму дарогі айчына і гонар! 
str_zagloba_member_chat_14|Ведаю я, што такое чын, і да любога дарасту, Запомніце мае словы! Другі Збараж зладжу тут, кажу вам, другі Збараж! Падавіцца Радзівіл, падавяцца і шведы, перш чым праглынуць мяне. Хацеў бы я, каб і Хаванскі адважыўся стукнуць на нас, я б яго так пахаваў, што да другога прышэсця не знайшлі б. Яны стаяць недалёка, хай прыходзяць! Хай паспрабуюць! 
str_zagloba_member_chat_15|Кожны годны чалавек любіць выпіць. Адны толькі здраднікі, якія злы думу ўтойваюць супраць Айчыны, баяцца віна, каб сп'яну ня прагаварыўся. Радзівіл п'е бярозавы сок, а пасля смерці смалу будзе піць. Праўду так, хай дапаможа мне бог! 
str_zagloba_member_chat_16|Клопатаў поўны рот, ды што зробіш! Няма каму ў нас у Рэчы Паспалітай мазгамі паварушыць, так паварушылі ты, стары Заглоба, пакуль жывы! Горш за ўсё, што няма ў мяне канцылярыі. 
str_zagloba_member_chat_17|На маю думку, беды абрынуліся на нашу Айчыну толькі па прычыне распусты, па прычыне свавольства і празмернасцяў, так, празмернасцяў, кажу я вам, якія пажыраюць нас, як чума. Але ў першую галаву ўсяму віна ерэтыкі, яны ўсё смялей глумяцца над праўдзівай верай, поносячы уладарку нашу, якая за гэтую брыдоту магла справядліва ўгневацца...
str_zagloba_member_chat_18|Часы сягоння такія, што ў чыёй руцэ шабля, на тым баку і права! А па якім праве бясчынствуюць у межах Рэчы Паспалітай шведы і ўсе іншыя нашы ворагі?
str_zagloba_member_chat_19|Трэба было б паслаць Хаванскаму грамату, каб прыбіраўся да ўсіх чорт, не тое мы выкурым яго з усіх гарадоў і крэпасцяў. Праўда, маскавіты цяпер спакойна стаяць у Літве і крэпасцяў не бяруць; але казакі Залатарэнкі рабуюць народ, гойсаюць па Літве цэлымі ватагамі ў адну, а то і дзве тысячы шабляў. Хай Хаванскі ўціхамірыць іх, не тое мы за іх возьмемся.
str_zagloba_member_chat_20|Я хачу сказаць выбранніку нашаму, добраму нашаму Ўладару, каб суцешыць яго ў смутку, сказаць, што ёсць яшчэ людзі, якія не пакінулі яго, што ёсць яшчэ сэрца і шаблі, гатовыя да бою па адным яго ўзмаху. Хай жа наш бацька, наша кроў ягелонская, наш дарагі васпан, што прымушаны гібець бадзяжную жыццё, мае хоць гэта суцяшэнне.
str_zagloba_member_chat_21|Вып'ем жа немчуре на пагібель, каб нам тут больш хлеба не жэрла! Хай сабе гузы ў Швецыі жарэ!
str_zagloba_member_chat_22|Які жаль, што старыя вочы нічога не бачаць упоцемках. Ды што зробіш! Як сцямнее, так я ўжо і шабляй не магу секчыся! Днём, днём, пры сонечным святле, люблю я, стары, яшчэ выйсці на поле бою. Шведаў давайце мне тады адных асілкаў, але толькі апоўдні!
str_zagloba_member_chat_23|Кажу табе, калі б за кожнага басурмана, якога гэтая старая рука паслала ў пекла, ды развітваўся адзін грэх, так мяне б ужо да ліку святых прылічылі і табе давялося б пасціцца НАПЯРЭДАДНІ майго дня, а то прама на неба узьнёсься б я на вогненнай калясьніцы.
str_zagloba_member_chat_24|Эх, людцы, людцы, да чаго ж марнае племя! Госпадзе Езусе, каб даў ты мне столькі тысяч, колькі стварыў паляўнічых на польскую карону, я і сам бы стаў на яе прэтэндаваць... Што яны, уяўляюць, быццам я горш? Ды каб ім лопнуць ад уласнай пыхі... 
str_zagloba_member_chat_25|Пра іншае б у хроніках пісалі, а мне не шанцуе...  Вось яна, падзяка чалавечая... Ну, ды што там, мне не ўпершыню... Іншыя прыгрэліся на цёпленькіх мястэчках, сядзяць, тлушчам, нібы барсукі, абрастаюць, а ты, стары, дрыжыкі ўвесь свой век на клячы...  Чорт з ёй, з людской удзячнасцю! Усё адно паміраць, так ужо хоць паслужу Айчыне.
str_zagloba_member_chat_26|Немец, француз, ангелец альбо чарнамазы іспанец, тыя ледзь што - і за нож, а паляк, цярплівы ад прыроды, многае знясе, доўга такому вось шведу дазволіць измываться над сабою, але калі ўжо не стане мачы, ён так рушыць па мордзе, што пракляты шведзіна тры разы нагамі накрыецца... 
str_zagloba_member_chat_27|Не перавялася яшчэ ўдаласць Маладзецкая ў Рэчы Паспалітай і, пакуль не перавядзецца, да таго часу і Рэч Паспалітая не загіне. 
str_zagloba_member_chat_28|Ні адна бяда не доўжыцца вечна, усякай прыходзіць канец, у адваротным выпадку светам кіраваў бы д'ябал, а не Гасподзь наш Ісус, Якога міласэрнасць невычэрпна.
str_zagloba_member_chat_29|Абы нам са шведамі хутчэй разрабіцца. Чорт з імі! Хай аддадуць Ліфляндыю ды грошай пабольш заплацяць, а самі, так і быць, хай прыбіраюцца подобру-павітаю.
str_zagloba_member_chat_30|Божа, Божа, як цяжка мы грашылі супраць нашага гаспадара, які быў, ёсць і будзе нашым бацькам, бо ён спадчыннік Ягелонаў! І такога гасудара пакінулі здраднікі, з пудзіламі заморскімі знюхаліся. Так нам і трэба, нічога лепшага мы не заслужылі.
str_zagloba_member_chat_31|Будзе нас захоўваць Найсвяцейшая Дзева Марыя, вунь як таго пана, якога разам з канём перакінула выбухам праз Віслу. І жывы застаўся. Глянуў па баках-ан закінула-то яго да ксяндза, ды прама да абеду! Нічога, з Божай дапамогай мы яшчэ іх усіх вражин повытаскаем, як ракаў з вяршы...
str_zagloba_member_chat_32|Я быў у караля самым набліжаным тварам; выбраць добрае староства было для мяне ўсё роўна, што арэх раскусіць, а раздаваў я іх налева і направа, не гледзячы. Многіх Я ўмілажаліўся, а калі ўваходзіў куды-небудзь, усе сенатары мне ў пояс кланяліся, па-казацку. 
str_zagloba_member_chat_33|Не раз здаралася мне біцца перад каралём на паядынках, кароль любіў глядзець на маю працу, і ўжо тут маршалу даводзілася на гэта заплюшчваць вочы.
str_zagloba_member_chat_34|Стары я, Стары крэпасці штурмаваць... ці то справа бой у адкрытым полі.
str_zagloba_member_chat_35|Многія думаюць: а што нас чакае? Колькі бітваў, колькі паражэнняў... Колькі слёз? Колькі крыві пралітай? Колькі цяжкіх крызісаў? І многіх бяруць сумневы, і многія грашаць наконт Міласэрнасці Божай і Маці Божай... А я вам кажу так: вы ведаеце, што чакае нашых вандалаў? Гібель. Ведаеце, што нас чакае? Перамога! 
str_getman_voron_book_full_text|"Даўным-даўно ў землях Палянскага племя з неба ўпаў кавалак чорнага жалеза, якім завалодалі вешчуны. На месцы падзення яны зладзілі капішча, а нябеснаму падарунку сталі пакланяцца як дару Перуна. Неўзабаве непадалёк вырас вялікі горад-Кіеў. Вешчуны зразумелі, што» нябеснае жалеза "" апякуецца гэтым месцам. Князь Святаслаў Ігаравіч адабраў яго ў вешчуноў, загадаў выкаваць пернач, які і празваў Чорны Гетман. З ім ён атрымаў мноства слаўных перамог-разграміў хазар і булгар, пагражаў усёмагутным рамеям. ^У нашы дні сярод княжых дружыннікаў і казацкай старшыны ходзіць павер'е, што той, хто завалодае чорным гетманам, будзе мець уладу «на тры месяцы шляху ад Кіева граду». Вешчуны адпомсцілі Святаславу, як калісьці Алегу. Яны выкралі ў князя пернач падчас аднаго з паходаў, пасля чаго Святаслаў загінуў. Чорны Гетман апынуўся ў князёў роду Ольгавічаў. З тых часоў ніхто не ведае пра яго месцазнаходжанне."
str_getman_voron_book_dont_understand|Вы адшукалі кнігу, але гэта толькі палова справы. Зараз вам трэба знайсці чалавека, які змог бы яе прачытаць. 
str_dmitriy_talk_to_gerasim|Даведаўшыся ад старасты, дзе жыве Герасім, вы прыбываеце ў патрэбнае сяло.
str_dmitriy_prepare_to_fight|На сяло напалі бандыты! Вам прыйдзецца прыняць бой.
str_dmitriy_lost_batle|Вам не ўдалося перамагчы разбойнікаў. Цяпер вы не зможаце працягнуць размову з Герасімам, ды і наўрад ці знойдзеце яго ўжывую.
str_dmitriy_win_batle|Бой скончаны, разбойнікі мёртвыя. Пара працягнуць перапыненую размову...
str_getman_radzivil_before_fght|Прыкінуўшыся наймітам, вы прабраліся ў крэпасць і знайшлі Радзівіла...
str_getman_radzivil_gurds|План Мамая спрацаваў: варта прыняла вас за найміта. Цяпер можна ісці да Радзівіла...
str_oim_generik_death_qst|... а яшчэ казалі, што ў 1655 у ваколіцах крэпасці была кровапралітная бітва. І ваяваў там воін па мянушцы {playername}. Рознае пра яго кажуць: Хто кажа, што забіты, хто бает, што паранены ў галаву і памяці пазбавіўся. Адно толькі вядома дакладна-з тых часоў больш пра яго ніхто не чуў...
str_getman_radzivil_killled|А ўсё ж Радзівіл моцны арэшак. Пакуль варта будзе разбірацца што да чаго, вам трэба бегчы з горада...
str_getman_radzivil_mamay|Пасля адчайнай бітвы з вартавымі Вам удалося вырвацца з горада...
str_getman_radzivil_is_the_king|"Лета 1656 магутны кароль і непераможны палкаводзец Януш Радзівіл аб'яднаў пад сваёй булавой зямлі ад Віслы да Волгі, а, раней яго бліжэйшы саветнік, неўзабаве быў схоплены і пакараны смерцю як здраднік... ^ Зянон Пятрэцкі. ""Кароткая гісторыя Рэчы Паспалітай"", 1855 г."
str_getman_hmel_universal|Універсал Хмяльніцкага
str_getman_hmel_rebelion_end|Паўстанне задушана. Зараз вам трэба пагаварыць з Хмяльніцкім.
str_oim_casus_beli_hmel_qst|Вайна будзе незалежна ад таго, як яна будзе распачатая. 
str_casus_beli_hmel_war_message_delivered|Ваш універсал быў дастаўлены цару, але казакі і шляхта, незадаволеныя парушэннем мірнай дамовы, перакінуліся да ворага…
str_casus_beli_hmel_war_message_intercepted|Ваш універсал быў перахоплены ворагамі. Казакі і шляхта, даведаўшыся аб парушэнні мірнага дагавора, перакінуліся да ворага…
str_getman_voron_nesviz_village_enter|У вёсцы трымае стаўку вялікі атрад палякаў. Падобна на тое, будзе крывавая бітва... 
str_getman_nesviz_victory|"Вам удалося перамагчы палякаў і захапіць у палон ""мовы""."
str_getman_hmel_rebelion|Universis et singulis, praesentibus et futuris-усім і кожнаму паасобку, сучаснасцю і будучыняй. Казацтва ўкраінскае! Воляй Божай і вашым разуменьнем я пастаўлены на варце вольнасцяў ўкраінскай зямлі. Народ ўкраінскі ўздыхнуў нарэшце-то на поўныя грудзі і кіруецца на сваёй зямлі сам. Але не дрэмле драпежны Польскі Арол. Шляхта на чале са сваім крулем спіць і бачыць, як зноў накінуць ярмо на вашыя, браты, казацкія шыі. Але не бываць гэтаму! Не будзем чакаць, пакуль нас зноў заваююць, самі адзіным рушэннем пойдзем на ворага і разбурым яго гняздо! У саюзе са стралецкімі палкамі мы паламаем Рэч Паспалітую і падпарадкуем яе нашай казацкай дзяржаве. Vae victis-Гора пераможаным. ^Кіеў. Гетман Войска Запарожскага і Украіны, гаспадар валашскі, Багдан Хмяльніцкі.
str_oim_korona_vitovta_mamay|Мамай адправіўся высвятляць падрабязнасці знікнення кароны Вітаўта. Пакуль яго няма, самы час наведацца да збройніку і абзавесціся шабелька мацней на ўсялякі выпадак...
str_oim_korona_talk_to_getman|Вы высветлілі, дзе знаходзіцца карона. Зараз вам трэба пагаварыць з вялікім князем, а затым забраць карону.
str_korona_vitovta_target_city_killed|Вам не ўдалося прабрацца міма варты. Вас злавілі, а затым пакаралі смерцю за спробу рабавання манастыра...
str_korona_vitovta_target_city_win|Вы не дарма выдаткавалі шматлікія гадзіны, рыская па падзямеллях манастыра. Вам удалося знайсці тое, што вы шукалі - карону Вітаўта...
str_korona_vitovta_target_city|"Вы прыбылі на месца. Вы адпусцілі свой атрад у горад з загадам ""піць і весяліцца"", каб яны адцягнулі варту, пакуль вы абшуквалі падзямелля..."
str_pobeg_iz_turmi_init|Ахоўнік турмы адвярнуўся, і гэта было апошнім, што ён паспеў зрабіць.
str_pobeg_iz_turmi_init_killed|Ўцёкі не атрымаўся. Вас злавілі і на наступную ж раніцу адправілі на плаху пасля стараннага допыту заплечных спраў майстра.
str_pobeg_iz_turmi_init_succeeded|Ўцёкі атрымаўся. Пераапрануўшыся ў форму Стральца, вы выбраліся з горада. Цяпер трапіцца на вочы цару - усё роўна што падпісаць сабе смяротны прысуд.
str_alevtina_hanum_init|"Вы прабіліся ў палац, абмінуўшы варту каля брамы і па дарозе змяніўшы хламіду на ""пазычаны"" халат."
str_alevtina_hanum_killed|"Сказана таксама, што ў годзе 1655 няўдачлівы здраднік і лжэўнук цара быў пакараны па загадзе мурзы за тое, што пажадаў прабрацца ў гарэм. ^ ^ ""Аповесць грозных гадоў"", вялебны Пафнутый Наўгародскі."
str_alevtina_hanum_succeeded|Вы абмінулі варту, пракраліся праз пакоі і ўрэшце знайшлі Аляўціну...
str_getman_barabash_rebelion|Universis et singulis, praesentibus et futuris-усім і кожнаму паасобку, сучаснасцю і будучыняй. Вельмішаноўнае казацтва Рэчы Паспалітай! Воляю Божай і вашым разуменьнем я пастаўлены вашым каронным гетманам. Цяпер, калі я вярнуў сабе булаву кароннага гетмана, самы час нам, братам-сечевикам, ударыць разам з польскай шляхтай па лютага ворагу нашаму - Маскоўскаму царству, бо пакуль Крэмль насылае на нашы землі стралецкія палкі, не будзе Украіне свабоды і шчасця! Дык выступім жа ў паход, браты, і прывядзе нас Гасподзь да перамогі! ^ Каронны гетман Войска Запарожскага, Кашавы атаман Сечы Запарожскай, Іван Барабаш.
str_getman_barabash_rebelion_ntf|Які прыбыў ганец паведаміў вам, што цар бег на Сеч і стаў наладжваць супраць вас казакоў!
str_getman_barabash_rebelion_end|Бунтаўшчыкі разгромленыя, зараз можна спаць спакойна.
str_oim_casus_beli_barabash_qst|Незалежна ад пачатку вайны. 
str_oim_razin_executed|"Лета 1656 на Краснай плошчы ў Маскве ўзведзена было лобнае месца, дзе пры збегу народу быў пакараны баламут і бунтаўшчык Сценька Разін. ^ ^ ""Аповесць грозных гадоў"", вялебны Пафнутый Наўгародскі."
str_oim_end_text_dmitriy_velikiy|"А ў лета {s4} воіны рускія пад рукой памазанца Божага, цара Дзмітрыя Іаанавіч II, паламаўшы падступных ворагаў, пашырылі межы дзяржавы нашай ад сцюдзёнага мора шведскага да праваслаўнага Царграда. І застаўся Дзмітрый, праўдзівы цар з роду Рурыкавічаў, у народнай памяці Як Дзмітрый Вялікі. ^ ^ ""Аповесць грозных гадоў"", вялебны Пафнутый Наўгародскі."
str_oim_end_dmitriy_vlastilin_end|"У лета {s4} цар Дзмітрый, якога прыдворныя называлі Грозным, а ў народзе празвалі Душагубцам, страхам і разбоем падпарадкаваў сабе ваяводаў, сабраў незлічонае войска і заваяваў ўсіх суседзяў. І стала Маскоўская імперыя вялікай дзяржавай. Толькі не было народам шчасця пад рукой самазванца...^ ^ ""Аповесць грозных гадоў"", вялебны Пафнутый Наўгародскі."
str_tavern_rp_story_0|Да зброі, шляхта! Бі халопаў!   
str_tavern_rp_story_1|Пся крэў! Чулі, што сказаў? Да зброі, панства!
str_tavern_rp_story_2|Як да рыцара звяртаешся, шебункарь? Я цябе навучу добрым манерам!
str_tavern_mc_story_0|Ах ты ж песій пест! Ну трымайся, я табе пакажу дзе ракі зімуюць!
str_tavern_mc_story_1|Вісець табе на дубу, тать бязносы! Пайшоў прэч, а не тое...
str_tavern_mc_story_2|Ты глянь, гэты каровін лепех яшчэ і гаварыць умее? А ну пакажам яму Маскву!
str_tavern_tatar_story_0|Што Ты сказаў, сын пагібелі? Ну што ж, паглядзім, ці добры з маёй рапіры круціў для нахабнікаў...
str_tavern_tatar_story_1|Ішоў бы ты туды, дзе перац гадуюць. А не захочаш-нарвешся на маю шпагу...
str_tavern_tatar_story_2|Festen kommer att ga at skogen! Будзь пракляты той, хто сапсаваў нам вячэру! Да бою!
str_tavern_swed_story_0|Лягънят суксын, свиноед! Абараняйся!
str_tavern_swed_story_1|Чячяк кыргызыры, касой рот! 
str_tavern_swed_story_2|Мур, унук шалудзівай авечкі!
str_tavern_cossack_story_0|Ах ты, блуднік гугнивый, А ну даставай зброю, паглядзім, моцная ці твая шкура!
str_tavern_cossack_story_1|Вышкварак ляшскі, вось я табе зараз пакажу, хто мы такія!
str_tavern_cossack_story_2|Трэсці Тобі ў гузно, вырванець! Вось я тобі пакажу, як треба в е казаком размаўляць!
str_illness_1|Ліхаманка
str_illness_2|Падагра
str_illness_3|Вадзянка
str_illness_4|Дызентэрыя
str_illness_5|Кароста
str_oim_swedish_prisoner|Шведскі салдат быў дастаўлены Яну Казіміру. Цяпер засталося пачакаць, пакуль палонны загаворыць. Заплечных спраў майстар добра ведае пытальнае справа.
str_caravan_delivered_the_letter|Прыбыў ганец ад Хмяльніцкага і паведаміў, што абоз дасягнуў пункта прызначэння.
str_oim_defeated_by_razin|"Лета 1656 няўдачлівы узурпатар па мянушцы {playername} быў схоплены Данскім атаманам Разіна і пасаджаны ў астрог, дзе неўзабаве і праставілася. Ці сам ён памёр, аль дабрахоты дапамаглі, таму сведак не засталося. ^ ^ Вялебны Пафнуцій Наўгародскі,""Аповесць грозных гадоў""."
str_oim_black_lord|Цяпер вы для ўсіх законны спадчыннік і цар. А хто супраць, таго можна пераканаць агнём і мячом.
str_oim_dmitriy_elections|Цяпер, калі найціхі ў бегах, а на троне часова сядзіць Разін, самы час схіліць на свой бок баяраў і асабіста прымерыць шапку Манамаха.
str_oim_dmitriy_elections_fail|"Лета 1656 невядомы злодзей-забівец подла ў сне зарэзаў воіна па мянушцы {playername}. ^ ^ Клікалі яго хто як: хто новым злодзеем-самазванцам, хто апальным унукам царэвіча Дзмітрыя, якія прынялі, як і дзед яго, вялікую муку. Хто падаслаў забіўца, невядома. Бают, быццам святлейшы васпан Аляксей Міхайлавіч, для карысці зямлі рускай і каб спыніць новую смуту, да гэтага руку прыклаў, ды таго мы не ведаем, бо справы родаў царскіх - вялікая таямніца ёсць... ^ ^ Вялебны Пафнуцій Наўгародскі,""Аповесць грозных гадоў""."
str_dmitriy_villages_descr|Тры спустошаныя вёскі Рэчы Паспалітай-такая цана за інфармацыю. ^Быць можа, тады {s3} раскажа ўсё, што ведае?
str_oim_potop_wait_till_order|У вас у валоданні з'явілася сяло, але вакол разбойнікі і ворагі... Самы час сабраць атрад і навучыцца воінскай справе. 
str_oim_dmitriy_specnaz_descr|Калі вы не здолееце прыцягнуць баяраў, ваша справа асуджана на правал. Схіліце на свой бок {s11}.
str_oim_getman_za_radzivilla_descr|Шкада, што казакі павесілі харунжага. Той кляўся, што Радзівіл часцяком казаў пра чорнага гетмана. Зараз трэба адшукаць {s3} і даведацца што ды як.
str_getman_talk_to_rdz_main|Новая нітачка вядзе да {s3}. Магчыма, ён сапраўды нешта ведае. 
str_hanum_notes_from_slave_trader|Ад гандляра рабамі ў кафэ Вам удалося даведацца, што Аляўціну прадалі {s2} і цяпер яна ў гарэме ў {s3}.
str_oim_potop_volodievskiy_start|Пан Міхал абяцаў дапамагчы, але толькі пасля таго як вы вернеце яму яго нявесту, якую выкралі шведы. 
str_oim_potop_return_notes_leaved|Вы пакінулі службу ў хана. Прыйшла пара вярнуць сваё добрае імя.
str_oim_potop_return_notes|Вы можаце атрымаць назад шляхецкі тытул. Для пачатку пан Заглоба параіў вам заручыцца падтрымкай яго старых сяброў: {s6}, {s7}, {s8}.^Але для пачатку трэба сысці са службы ў хана. 
str_oim_khetuskiy_qst_descr|Пан Скшетуский гатовы падтрымаць вас пры двары. Але спачатку ён папрасіў вас вярнуць яму каня, якога, мяркуючы па ўсім, адвёў {s3}.
str_before_fight_swedish|Афіцэр выклікаў варту. Падобна на тое, зараз вам прыйдзецца даказваць сваю правату з дапамогай клінка...
str_before_fight_swedish_win|Вы пазбавіліся ад ахоўнікаў, і цяпер нішто не перашкаджае вам выканаць заданне. 
str_before_fight_swedish_lost|Аказалася, што варта змагаецца не ўжо і дрэнна. Цяпер, у зняволенні, у вас будзе шмат часу на разважанні...
str_oim_items_list_kshetuskiy|Заглоба мяркуе, што конь у {s4}. Калі вы нападзеце на сяло, каня могуць забіць. Переоденьтесь татарынам і прайдзіце да каня пад выглядам купца. (Да прыкладу, вы можаце надзець татарскі шлем і юшман).
str_oim_potop_capture_city_descr|Цяпер, калі вы зноў сталі падданым Рэчы Паспалітай, самы час абжыцца ўладаннямі...
str_oim_potop_support_advice|Для таго каб атрымаць маршальскі жазло, трэба заручыцца падтрымкай шляхты. Самы час заводзіць сяброў...
str_oim_potop_support_list|На дадзены момант вас падтрымліваюць: {s4} ^супраць вас выступілі: {s5}
str_oim_potop_support_list_king|На дадзены момант бунт супраць караля гатовыя падтрымаць: {s4}.
str_oim_marshal_descr|{s9} кажа, што гатовы склікаць сойм для выбараў новага кароннага гетмана. Магчыма, варта пагаварыць з Панам Заглобой...
str_oim_zagloba_rising_descr|Цяпер, калі {s4} падняў паўстанне, самы час заручыцца падтрымкай {s3} і прадухіліць грамадзянскую вайну ў Рэчы Паспалітай. 
str_oim_zagloba_revolt_proofs|Кароль не паверыў таму, што Заглоба падняў паўстанне, і запатрабаваў доказаў. Хутчэй за ўсё, знайсці доказы будзе нескладана...
str_hero_supported_the_king|Вы падтрымалі караля ў яго жаданні стаць адзінаўладным кіраўніком. Шляху назад няма, і цяпер Рэч Паспалітая запалыхае ў агні грамадзянскай вайны. Вам застаецца толькі глядзець, як Ян Казімір губляе свой пасад...
str_oim_king_revoult|Шляхта пагадзілася падтрымаць вас у барацьбе з каралём. Вам застаецца толькі перадаць яму патрабаванне нізоў...
str_oim_last_qst_text|Кароль скінуты. Прыйшоў час пашырыць уладанні і прывесці Рэч Паспалітую ў саюз трох народаў!
str_oim_black_lord_king|Цяпер, калі вы сталі царом, прыйшла пара аб'яднаць бліжэйшыя зямлі пад цвёрдай манархавай рукой і скарыць усе суседнія дзяржавы.
str_monk_in_the_tavern|Па словах гараджан, манах-часты госць Кабакоў. Варта пачакаць яго там. 
str_quest_concluded_hero|Заданне адменена. 
str_quest_succeeded_hero|Заданне паспяхова выканана.
str_quest_failed_hero|Заданне правалена. 
str_oim_potop_location_notes|Паводле апошніх звестак:^ {s5}
str_oim_you_are_the_marshal|Вы маршал {s8}.^{s9}
str_oim_you_are_the_king|Вы-кіраўнік {s8}.^{s9}
str_oim_horse_ambush_text|Вы патрапілі ў засаду. Зараз вам прыйдзецца даць адпор суперніку.
str_oim_smesh_down_rebelion|Кароль Ян Казімір падняў паўстанне і задурыў казакам галавы, трэба здушыць бунт як мага хутчэй!
str_capture_kiev_qst_str|Новы загад {s3} - захапіць {s4}. Гэты горад вельмі важны для Радзівіла незалежна ад таго, хто ім цяпер кіруе.
str_nesvizh_pernach_descr|Цяпер, калі стала вядома, што пернач выкрадзены Радзівілам, самы час наведаць старасту {s3} - ён відавочна многае недагаворваў. 
str_ms_t_arsenal_short_descr_fac1|Арсенал
str_ms_t_arsenal_short_descr_fac2|Зброевы дом
str_ms_t_arsenal_short_descr_fac3|Арсенал
str_ms_t_arsenal_short_descr_fac4|Цэйхгаўз
str_ms_t_arsenal_short_descr_fac5|Збройня
str_ms_t_arsenal_long_descr_fac1|Маючы арсенал, вы зможаце менш турбавацца аб абароне свайго паселішча. У вас заўсёды будзе зброя, якое можна раздаць апалчэння ў выпадку нападу.
str_ms_t_arsenal_long_descr_fac2|У гэтых палатах палкавога ўбору захоўваецца зброя і даспехі, каб у выпадку аблогі можна было узброіць паляўнічых людзей пасадскіх.
str_ms_t_arsenal_long_descr_fac3|Любы бі будзе рады арсеналу ў сваёй крэпасці. Бо добрае слова і байонет заўсёды дзейнічаюць лепш, чым проста добрае слова.
str_ms_t_arsenal_long_descr_fac4|Гэтая пабудова прызначана для захоўвання зброі і даспехаў. Чым больш у горадзе арсенал - тым больш гараджане ўпэўненыя ў заўтрашнім дні.
str_ms_t_arsenal_long_descr_fac5|Калі ў горадзе ёсць збройня, то ў выпадку аблогі сялян-грэчкасееў заўсёды можна паставіць пад ружжо.
str_ms_t_arsenal_remour_descr_fac1|У горадзе толькі і размоў, што аб новым арсенале. 
str_ms_t_arsenal_remour_descr_fac2|З таго часу, як збройны дом пабудаваны, у горадзе парадку дадалося.
str_ms_t_arsenal_remour_descr_fac3|Доўгіх гадоў жыцця беку! Цяпер у горадзе ёсць свой арсенал.
str_ms_t_arsenal_remour_descr_fac4|Цэйхгаўз поўны зброі і яго добра ахоўваюць.
str_ms_t_arsenal_remour_descr_fac5|Кажуць, што ў новай гарадской збройні пік ды пішчаляў не злічыць.
str_ms_t_waterpipe_short_descr_fac1|Водаправод
str_ms_t_waterpipe_short_descr_fac2|Калодзеж
str_ms_t_waterpipe_short_descr_fac3|Лазня
str_ms_t_waterpipe_short_descr_fac4|Каналізацыя
str_ms_t_waterpipe_short_descr_fac5|Стаўка
str_ms_t_waterpipe_long_descr_fac1|Вадаправод-важная пабудова для горада і яго дабрабыту. Чыстая вада дазволіць людзям даўжэй пратрымацца падчас аблогі, і не дасць распаўсюдзіцца хвароб. 
str_ms_t_waterpipe_long_descr_fac2|А буде горад чыстай вадой ладны, быць яму ў свеце шчасным, а ў аблозе стойкім.
str_ms_t_waterpipe_long_descr_fac3|Лазні прыносяць не толькі здароўе, але і духоўную чысціню. Цяпер прававерныя могуць часцей здзяйсняць абмывання і лепш служыць свайму кіраўніку.
str_ms_t_waterpipe_long_descr_fac4|Горад, пазбаўлены ад сцёкавых вод, даўжэй пратрымаецца падчас аблогі і не будзе так схільны усялякім хворасцям.
str_ms_t_waterpipe_long_descr_fac5|Ставак-гэта месца, дзе можна і выкупацца, і вады набраць, і бельишко спаласнуць. Калі ў горадзе ёсць свой ставак, то ён даўжэй пратрымаецца падчас аблогі.
str_ms_t_waterpipe_remour_descr_fac1|Цяпер у горадзе новая пабудова і шмат свежай вады.
str_ms_t_waterpipe_remour_descr_fac2|Калодзеж стаў месцам, дзе збіраюцца прачкі. Цяпер там можна даведацца апошнія гарадскія плёткі. 
str_ms_t_waterpipe_remour_descr_fac3|Сёння ў лазні мне ўдалося падслухаць пра падзенне коштаў на соль!
str_ms_t_waterpipe_remour_descr_fac4|А з таго часу, як у горадзе зрабілі падземныя сцёкі, ніхто ў маёй сям'і не хварэў боле дызентэрыяй.
str_ms_t_waterpipe_remour_descr_fac5|А ўчора на стаўцы было вялікае гулянне. Дзеўкі ў ваду галышом скакалі...
str_ms_t_school_short_descr_fac1|Акадэмія
str_ms_t_school_short_descr_fac2|Настаўніцкі двор
str_ms_t_school_short_descr_fac3|Медрэсэ
str_ms_t_school_short_descr_fac4|Універсітэт
str_ms_t_school_short_descr_fac5|Калегія
str_ms_t_school_long_descr_fac1|Сюды прымаюць на вучобу дзяцей шляхты і заможных гараджан. Але калі не паскупіцца, то і спадарожнікаў могуць які чаму навучыць.
str_ms_t_school_long_descr_fac2|Хлопчыкі навучаюцца тут грамаце, рахунку і пісьму. Понеже таварышаў сваіх пажадаеш ведамі напоўніць - не шкадуй талераў.
str_ms_t_school_long_descr_fac3|Мудрасць, назапашаная ў свеце ісламу, - да паслуг тых, хто жадае яе атрымаць. Добрыя настаўнікі падзеляцца ведамі з усімі, хто пажадае.
str_ms_t_school_long_descr_fac4|Добрая адукацыя-залог поспеху і росквіту. Універсітэт-месца, дзе яго можна атрымаць. Калі, вядома, кашалёк поўны срэбра.
str_ms_t_school_long_descr_fac5|У калегіях вучацца казацкія дзеці. Заснаваўшы такое ўстанова, кіраўнік будзе вельмі шануем сваімі людзьмі. Зноў жа, будзе дзе спадарожнікаў у навуках поднатаскать...
str_ms_t_school_remour_descr_fac1|Матка боска! Дзякуючы акадэміі мой шынок квітнее!
str_ms_t_school_remour_descr_fac2|Учора ў мяне на пастой стала два багатых шкаляра. Цяпер грошай на карову хопіць!
str_ms_t_school_remour_descr_fac3|Медрэсэ-гэта, вядома, добра, але цяпер немагчыма стала купіць паперу і чарніла - усе гэтыя навукоўцы раскупляюць.
str_ms_t_school_remour_descr_fac4|З пабудовай новага ўніверсітэта наш пастар змог адрамантаваць нарэшце кірху-ад тых, хто каецца гараджанак, няма адбою.
str_ms_t_school_remour_descr_fac5|Бурсакі зноў п'яную бойку ў шынцы ўчынілі. Падобна на тое, іх у гэтай калегіі толькі гарылку піць і вучаць...
str_ms_t_merchant_guild_short_descr_fac1|Соймік
str_ms_t_merchant_guild_short_descr_fac2|Купецкая Гільдыя
str_ms_t_merchant_guild_short_descr_fac3|Караван-сарай
str_ms_t_merchant_guild_short_descr_fac4|Магістрат
str_ms_t_merchant_guild_short_descr_fac5|Майдан
str_ms_t_merchant_guild_long_descr_fac1|На сойміку гараджане вырашаюць усе надзённыя пытанні. У такім месцы і падаткі збіраць прасцей.
str_ms_t_merchant_guild_long_descr_fac2|Калі ў горадзе торжышча заснавана, то багацеюць і купцы, і гараджане. І падаткаў ваявода больш збірае. 
str_ms_t_merchant_guild_long_descr_fac3|Калі гандлёвым людзям ёсць дзе спыніцца, выгрузіць тавары і прыемна правесці час, то гарадская казна ніколі не будзе пустой.
str_ms_t_merchant_guild_long_descr_fac4|Магістрат-гэта месца, праз якое праходзяць усе кантракты і гандлёвыя здзелкі. Калі ён маецца ў горадзе - збіраць падаткі становіцца прасцей.
str_ms_t_merchant_guild_long_descr_fac5|На майдане ўсе купцы навідавоку. Ды і любая справа абмеркаваць нашмат прасцей. Горад, дзе ёсць майдан, багацее на вачах.
str_ms_t_merchant_guild_remour_descr_fac1|Учора на сойміку пастанавілі чужых купцоў на рынак не пускаць. Цяпер гандляваць будзе лягчэй.
str_ms_t_merchant_guild_remour_descr_fac2|У горадзе скандал-купецкая Гільдыя, карыстаючыся сваім становішчам, разбурыла купца, які адмовіўся ўступаць у яе шэрагі.
str_ms_t_merchant_guild_remour_descr_fac3|Учора ў караван-хляве купец накурыўся гашышу і бясплатна раздаваў шаўковыя тканіны.
str_ms_t_merchant_guild_remour_descr_fac4|У магістраце выявілі купцоў, якія ўхіляліся ад падаткаў. Усіх узялі пад варту.
str_ms_t_merchant_guild_remour_descr_fac5|Сёння на майдане будуць адной распусніцы за блудадзейства бізуноў даваць. Месцы ля вокнаў ужо прадаюць па дзесяць талераў.
str_ms_t_defense_short_descr_fac1|Лоўчыя ямы
str_ms_t_defense_short_descr_fac2|Засека
str_ms_t_defense_short_descr_fac3|Прыгонны роў
str_ms_t_defense_short_descr_fac4|Падземныя хады
str_ms_t_defense_short_descr_fac5|Вартаўнічая вежа
str_ms_t_defense_long_descr_fac1|На вайне ўсе сродкі добрыя. Чым больш нападнікаў трапяць у пасткі, тым лягчэй будзе абараніць горад.
str_ms_t_defense_long_descr_fac2|Калі вакол горада ўстаноўлены засекі з вострых бярвення, то супастату штурмаваць яго - праца двайны.
str_ms_t_defense_long_descr_fac3|Калі вакол сцен прарыты роў, то ў абаронцаў больш шанцаў адлюстраваць атаку.
str_ms_t_defense_long_descr_fac4|Падземны ход, які выводзіць за межы горада-добрая дапамога ў абароне. Можна паслаць надзейных людзей і напасці на ворага з тылу.
str_ms_t_defense_long_descr_fac5|Завостраныя бярвёны, выстаўленыя наперад-надзейны сродак абароны. Асабліва ад набегаў татараў.
str_ms_t_defense_remour_descr_fac1|Учора наш ваявода вяртаўся хмельны з гулянкі ды ў яму і дагадзіў. То-то смеху было!
str_ms_t_defense_remour_descr_fac2|Жанчынам спадабаліся новыя засекі-на іх спадручна бялізну сушыць!
str_ms_t_defense_remour_descr_fac3|Наш муфтый зваліўся з прыгоннай сцяны. Але, слава Алаху, трапіў у новы роў, поўны вады. Шкада толькі, што ён не ўмеў плаваць...
str_ms_t_defense_remour_descr_fac4|У горадзе жалоба - заўсёднік кабака ноччу зваліўся сп'яну ў падземны ход.
str_ms_t_defense_remour_descr_fac5|Кажуць, учора Кашавы забраўся на вежу, службу праверыць, ды заўважыў, як ад яго жонкі джура выходзіць. Ух, і лаянцы было...
str_ms_t_treasury_short_descr_fac1|Скарбніца
str_ms_t_treasury_short_descr_fac2|Захаваная казна
str_ms_t_treasury_short_descr_fac3|Казна
str_ms_t_treasury_short_descr_fac4|Банкірскі дом
str_ms_t_treasury_short_descr_fac5|Кашавая казна
str_ms_t_treasury_long_descr_fac1|Калі ў горадзе ёсць скарбніца, вам не прыйдзецца асабіста займацца зборам падаткаў.
str_ms_t_treasury_long_descr_fac2|Калі ў крэпасці ёсць казна, то падаткі збіраць прасцей - не трэба самому па дварах хадзіць. 
str_ms_t_treasury_long_descr_fac3|Калі ў горадзе ёсць казна, то і падаткі з гараджан збіраць прасцей.
str_ms_t_treasury_long_descr_fac4|Банкірскі дом-месца, дзе захоўваюцца грошы кіраўніка. У тым ліку і сабраныя падаткі.
str_ms_t_treasury_long_descr_fac5|Калі ёсць у горадзе кашавая казна, то пану кіраўніку не трэба асабіста з жыхароў падаткі выбіваць
str_ms_t_treasury_remour_descr_fac1|Наш кіраўнік - разумны чалавек, у яго заўсёды ёсць запас талераў на чорны дзень!
str_ms_t_treasury_remour_descr_fac2|На базары судачаць, што ўчора двое невядомых казну спрабавалі абрабаваць. Ім грошай на кабак не хапіла...
str_ms_t_treasury_remour_descr_fac3|Учора наш кіраўнік раздаваў міласціну. Значыць, казна ў яго не пустая...
str_ms_t_treasury_remour_descr_fac4|Кіраўнік-то наш адкрыў банкірскі дом! Мы ўзялі там пазыку і купілі новую мэблю.
str_ms_t_treasury_remour_descr_fac5|Учора Кашавы атаман збіраў казакоў і частаваў усіх гарылкай. Кажуць, талеры з казны запазычыў.
str_ms_t_barrack_short_descr_fac1|Казарма
str_ms_t_barrack_short_descr_fac2|Казарма
str_ms_t_barrack_short_descr_fac3|Казарма
str_ms_t_barrack_short_descr_fac4|Казарма
str_ms_t_barrack_short_descr_fac5|Казацкі курэнь
str_ms_t_barrack_long_descr_fac1|Дзе ж утрымліваць войска, як не ў казармах. Ды і парадку больш будзе, няма чаго салдатні па горадзе хістацца.
str_ms_t_barrack_long_descr_fac2|Дзе ж утрымліваць войска, як не ў казармах. Ды і парадку больш будзе, няма чаго салдатні па горадзе хістацца.
str_ms_t_barrack_long_descr_fac3|Дзе ж утрымліваць войска, як не ў казармах. Ды і парадку больш будзе, няма чаго салдатні па горадзе хістацца.
str_ms_t_barrack_long_descr_fac4|Дзе ж утрымліваць войска, як не ў казармах. Ды і парадку больш будзе, няма чаго салдатні па горадзе хістацца.
str_ms_t_barrack_long_descr_fac5|Дзе ж утрымліваць войска, як не ў казармах. Ды і парадку больш будзе, няма чаго салдатні па горадзе хістацца.
str_ms_t_barrack_remour_descr_fac1|Кажуць, у горадзе пабудавалі казарму.
str_ms_t_barrack_remour_descr_fac2|Кажуць, у горадзе пабудавалі казарму.
str_ms_t_barrack_remour_descr_fac3|Кажуць, у горадзе пабудавалі казарму.
str_ms_t_barrack_remour_descr_fac4|Кажуць, у горадзе пабудавалі казарму.
str_ms_t_barrack_remour_descr_fac5|Кажуць, у горадзе пабудавалі казацкі курэнь
str_ms_t_stable_short_descr_fac1|Стайня
str_ms_t_stable_short_descr_fac2|Стайня
str_ms_t_stable_short_descr_fac3|Стайня
str_ms_t_stable_short_descr_fac4|Стайня
str_ms_t_stable_short_descr_fac5|Стайня
str_ms_t_stable_long_descr_fac1|Моцнаму войску без кавалерыстаў не абысціся, а перш чым трэніраваць кавалерыстаў, трэба пабудаваць стайню.
str_ms_t_stable_long_descr_fac2|Моцнаму войску без кавалерыстаў не абысціся, а перш чым трэніраваць кавалерыстаў, трэба пабудаваць стайню.
str_ms_t_stable_long_descr_fac3|Моцнаму войску без кавалерыстаў не абысціся, а перш чым трэніраваць кавалерыстаў, трэба пабудаваць стайню.
str_ms_t_stable_long_descr_fac4|Моцнаму войску без кавалерыстаў не абысціся, а перш чым трэніраваць кавалерыстаў, трэба пабудаваць стайню.
str_ms_t_stable_long_descr_fac5|Моцнаму войску без кавалерыстаў не абысціся, а перш чым трэніраваць кавалерыстаў, трэба пабудаваць стайню.
str_ms_t_stable_remour_descr_fac1|Кажуць, у горадзе пабудавалі новую стайню.
str_ms_t_stable_remour_descr_fac2|Кажуць, у горадзе пабудавалі новую стайню.
str_ms_t_stable_remour_descr_fac3|Кажуць, у горадзе пабудавалі новую стайню.
str_ms_t_stable_remour_descr_fac4|Кажуць, у горадзе пабудавалі новую стайню.
str_ms_t_stable_remour_descr_fac5|Кажуць, у горадзе пабудавалі новую стайню.
str_ms_t_armourer_short_descr_fac1|Майстар-збройнік
str_ms_t_armourer_short_descr_fac2|Майстар-збройнік
str_ms_t_armourer_short_descr_fac3|Майстар-збройнік
str_ms_t_armourer_short_descr_fac4|Майстар-збройнік
str_ms_t_armourer_short_descr_fac5|Майстар-збройнік
str_ms_t_armourer_long_descr_fac1|Добры майстар-ружэйнік-залог таго, што гандаль зброяй будзе квітнець, ды і не сорамна замовіць у такога майстра шаблю або пару пісталетаў.
str_ms_t_armourer_long_descr_fac2|Калі ў горадзе ёсць збройнік-значыць ёсць і лепшае зброю. Праўда, кошты ў такога майстра не маленькія.
str_ms_t_armourer_long_descr_fac3|Калі ў горадзе ёсць збройнік-значыць ёсць і лепшае зброю. Праўда, кошты ў такога майстра не маленькія.
str_ms_t_armourer_long_descr_fac4|Калі ў горадзе ёсць збройнік-значыць ёсць і лепшае зброю. Праўда, кошты ў такога майстра не маленькія.
str_ms_t_armourer_long_descr_fac5|Калі ў горадзе ёсць збройнік-значыць ёсць і лепшае зброю. Праўда, кошты ў такога майстра не маленькія.
str_ms_t_armourer_remour_descr_fac1|Кажуць, што новым сякерай, які майстар-збройнік выкаваў, гарадскі кат па раніцах голіцца...
str_ms_t_armourer_remour_descr_fac2|Кажуць, што да новага збройніка нават баяры прыязджаюць пістолі заказваць.
str_ms_t_armourer_remour_descr_fac3|Кажуць, што наш збройнік навучаўся ў Дамаску...
str_ms_t_armourer_remour_descr_fac4|Кажуць, мушкет, які зрабіў новы майстар, б'е на пяцьсот крокаў!
str_ms_t_armourer_remour_descr_fac5|Збройнік новую шашку сотніку зрабіў. Пяро на лета рассякае!
str_ms_t_protection_short_descr_fac1|Майстар-броннік
str_ms_t_protection_short_descr_fac2|Майстар-броннік
str_ms_t_protection_short_descr_fac3|Майстар-броннік
str_ms_t_protection_short_descr_fac4|Майстар-броннік
str_ms_t_protection_short_descr_fac5|Майстар-броннік
str_ms_t_protection_long_descr_fac1|У горадзе, дзе ёсць добры броннік, даспехі ў воінаў заўсёды ў парадку, а ў краме, дзе даспехам гандлююць, выбар багацей.
str_ms_t_protection_long_descr_fac2|У горадзе, дзе ёсць добры броннік, даспехі ў воінаў заўсёды ў парадку, а ў краме, дзе даспехам гандлююць, выбар багацей.
str_ms_t_protection_long_descr_fac3|У горадзе, дзе ёсць добры броннік, даспехі ў воінаў заўсёды ў парадку, а ў краме, дзе даспехам гандлююць, выбар багацей.
str_ms_t_protection_long_descr_fac4|У горадзе, дзе ёсць добры броннік, даспехі ў воінаў заўсёды ў парадку, а ў краме, дзе даспехам гандлююць, выбар багацей.
str_ms_t_protection_long_descr_fac5|У горадзе, дзе ёсць добры броннік, даспехі ў воінаў заўсёды ў парадку, а ў краме, дзе даспехам гандлююць, выбар багацей.
str_ms_t_protection_remour_descr_fac1|Па нядзелях броннік ўсім паказвае, якія даспехі ў яго дужыя - вывешвае кірасу на сцяну і прапануе жадаючым прабіць яе з пистоля. За стрэл па талеру бярэ...
str_ms_t_protection_remour_descr_fac2|Ваявода ўчора красаваўся ў новым шлеме. Кажуць, аддаў за яго тысячу талераў!
str_ms_t_protection_remour_descr_fac3|Наш бек замовіў сабе новы даспех. Пазалочаны!
str_ms_t_protection_remour_descr_fac4|Броннік больш не прымае заказы - яму даручылі падрыхтаваць цэлы полк рэйтараў.
str_ms_t_protection_remour_descr_fac5|Учора прыехалі січэвікі. Замовілі бронніку Жалезныя скруткі і шаравары.
str_ms_t_groom_short_descr_fac1|Майстар-конік
str_ms_t_groom_short_descr_fac2|Канюшы
str_ms_t_groom_short_descr_fac3|Табуншчык
str_ms_t_groom_short_descr_fac4|Майстар-конік
str_ms_t_groom_short_descr_fac5|Табуншчык
str_ms_t_groom_long_descr_fac1|Добрыя коні На вайне патрэбныя ўсім. І чалавек, які ведае толк у іх вырошчванні, - на вагу золата.
str_ms_t_groom_long_descr_fac2|Добрыя коні На вайне патрэбныя ўсім. І чалавек, які ведае толк у іх вырошчванні, - на вагу золата.
str_ms_t_groom_long_descr_fac3|Добрыя коні На вайне патрэбныя ўсім. І чалавек, які ведае толк у іх вырошчванні, - на вагу золата.
str_ms_t_groom_long_descr_fac4|Добрыя коні На вайне патрэбныя ўсім. І чалавек, які ведае толк у іх вырошчванні, - на вагу золата.
str_ms_t_groom_long_descr_fac5|Добрыя коні На вайне патрэбныя ўсім. І чалавек, які ведае толк у іх вырошчванні, - на вагу золата.
str_ms_t_groom_remour_descr_fac1|Майстар-конік выгадаваў выдатных жарабцоў. Заўтра на кірмаш абяцаў вывесці.
str_ms_t_groom_remour_descr_fac2|Ваяводу ўчора скінула наравістая кабыла. Новы канюшы падабраў яму канька пасмірней, так што цяпер ён засынае на хаду.
str_ms_t_groom_remour_descr_fac3|Беку прыгналі са стэпу новы табун. Такіх коней яшчэ не бачылі ў горадзе!
str_ms_t_groom_remour_descr_fac4|У наш горад па коней прыязджаюць нават рэйтары!
str_ms_t_groom_remour_descr_fac5|Наш табунщик выгадаваў выдатных коней. Праўда, пагаворваюць, што ён іх адвёў у татараў ...
str_ms_t_advizer_short_descr_fac1|Пасыльны
str_ms_t_advizer_short_descr_fac2|Ганец
str_ms_t_advizer_short_descr_fac3|Вяшчальнік
str_ms_t_advizer_short_descr_fac4|Кур'ер
str_ms_t_advizer_short_descr_fac5|Джура
str_ms_t_advizer_long_descr_fac1|Пад рукой заўсёды патрэбен надзейны чалавек, каб перадаваць загады.
str_ms_t_advizer_long_descr_fac2|Пад рукой заўсёды патрэбен надзейны чалавек, каб перадаваць загады.
str_ms_t_advizer_long_descr_fac3|Пад рукой заўсёды патрэбен надзейны чалавек, каб перадаваць загады.
str_ms_t_advizer_long_descr_fac4|Пад рукой заўсёды патрэбен надзейны чалавек, каб перадаваць загады.
str_ms_t_advizer_long_descr_fac5|Пад рукой заўсёды патрэбен надзейны чалавек, каб перадаваць загады.
str_ms_t_advizer_remour_descr_fac1|Ходзяць чуткі, што да бургамістра ганец прыехаў, важную грамату прывёз.
str_ms_t_advizer_remour_descr_fac2|Кажуць, што ў горад прыбыў ганец з сакрэтнай Граматай. Праўда, пра што ў ёй гаворыцца-невядома.
str_ms_t_advizer_remour_descr_fac3|Наш бі атрымаў тэрміновае паведамленне. Гэтыя новыя ганцы лётаюць, нібы вецер...
str_ms_t_advizer_remour_descr_fac4|Сёння прыбыла пошта з кур'ерам. Сваякі даслалі ліст...
str_ms_t_advizer_remour_descr_fac5|Зноў вайна! Ганцы носяцца па гарадах, як апараныя!
str_ms_t_secret_order_short_descr_fac1|Каморнік
str_ms_t_secret_order_short_descr_fac2|Прыстаў
str_ms_t_secret_order_short_descr_fac3|Муфтый
str_ms_t_secret_order_short_descr_fac4|Пракурор
str_ms_t_secret_order_short_descr_fac5|Кашавы атаман
str_ms_t_secret_order_long_descr_fac1|Добра, калі ў горадзе ёсць чалавек, які можа і злачынцаў адшукаць, і правы суд учыніць.
str_ms_t_secret_order_long_descr_fac2|Калі ў горадзе ёсць каму вышук весці ды злодзеяў судзіць, у кіраўніка справы ідуць на лад.
str_ms_t_secret_order_long_descr_fac3|Муфтый ў горадзе часам важней ваеначальніка. Бо ён можа і спрэчка любы рассудзіць па законах шарыяту і, калі што, першым даведаецца пра здраду.
str_ms_t_secret_order_long_descr_fac4|Пракурор забяспечвае парадак у горадзе. Здраднікам цяжка плесці змовы, а ўжо злачынцам і зусім несалодка прыходзіцца.
str_ms_t_secret_order_long_descr_fac5|Казакі народ гарачы. Там, дзе яны селяцца, заўсёды разлад ды сутычкі. Без Кашавога атамана парадку не навесці.
str_ms_t_secret_order_remour_descr_fac1|Казнакрады цяпер баяцца ўласнай цені. Новы каморнік ужо балюча крут.
str_ms_t_secret_order_remour_descr_fac2|Калі прыстаў працягне гэтак жа паспяхова змагацца з крадзяжом, то хутка паўгорада застанецца без вушэй.
str_ms_t_secret_order_remour_descr_fac3|Новы муфтый-добры чалавек. Прысудзіў здрадніка да ўдушэння. А мог бы загадаць яго на кол пасадзіць.
str_ms_t_secret_order_remour_descr_fac4|Пракурор выкрыў у здрадзе багатага купца. Суд абяцае быць гучным...
str_ms_t_secret_order_remour_descr_fac5|Учора Кашавы атаман судзіў канакрада. Высветлілася, што ён татарскі шпіён. Павесілі, вядома...
str_ms_t_tax_supervisor_short_descr_fac1|Войт
str_ms_t_tax_supervisor_short_descr_fac2|Мытнік
str_ms_t_tax_supervisor_short_descr_fac3|Мытны начальнік
str_ms_t_tax_supervisor_short_descr_fac4|Фіскал
str_ms_t_tax_supervisor_short_descr_fac5|Войт
str_ms_t_tax_supervisor_long_descr_fac1|Гараджанам толькі волю дай-у жыццё плаціць падаткаў не стануць. Таму без войта не абысціся.
str_ms_t_tax_supervisor_long_descr_fac2|Тлумачальны мытнік цэны няма. Гараджане вечна ўхіляюцца ад падаткаў і патрэбен чалавек, які здолеў бы навесці парадак.
str_ms_t_tax_supervisor_long_descr_fac3|У гарадах заўсёды квітнее гандаль. А дзе ёсць гандаль, там патрэбны мытны начальнік. Інакш кіраўніку не відаць даходаў як сваіх вушэй.
str_ms_t_tax_supervisor_long_descr_fac4|Магдэбургскае права разбэсціла гараджан, і яны развучыліся плаціць падаткі. Лепшым настаўнікам ім стане умелы фіскал.
str_ms_t_tax_supervisor_long_descr_fac5|Войны, паўстанні, набегі... Людзі забываюць, што трэба плаціць падаткі. Войт зможа асвяжыць ім памяць...
str_ms_t_tax_supervisor_remour_descr_fac1|Гарадская шляхта абураная - ім даводзіцца плаціць у казну!
str_ms_t_tax_supervisor_remour_descr_fac2|Учора мытнік па дварах хадзіў, нядоімкі збіраў. У нас свінню адвёў і двух пеўняў.
str_ms_t_tax_supervisor_remour_descr_fac3|Вялікі Алах! Наш мудры кіраўнік клапоціцца аб падданых, адбірае ў іх лішнія грошы. Я ўсе грошы на падаткі аддаў, новы халат купіць няма на што! 
str_ms_t_tax_supervisor_remour_descr_fac4|Вядома, падаткі плаціць нялёгка. Але будзем спадзявацца, што нашы грошы будуць выкарыстаныя не на балі і забавы.
str_ms_t_tax_supervisor_remour_descr_fac5|Учора гараджане збіраліся ісці войта біць. Зусім ад яго жыцця не стала.
str_ms_t_trading_master_short_descr_fac1|Біржавы маклер
str_ms_t_trading_master_short_descr_fac2|Купец
str_ms_t_trading_master_short_descr_fac3|Караван-Башы
str_ms_t_trading_master_short_descr_fac4|Маркітант
str_ms_t_trading_master_short_descr_fac5|Крамнік
str_ms_t_trading_master_long_descr_fac1|Калі на біржы ёсць свой чалавек, то казна будзе мець дадатковы даход.
str_ms_t_trading_master_long_descr_fac2|Надзейны купец-карысны чалавек. І прыбытак прынясе, і карысныя звесткі даставіць.
str_ms_t_trading_master_long_descr_fac3|Давераны караван-Башы-залог росквіту. Ён прыглядае за гандлярамі і не дае ім махляваць.
str_ms_t_trading_master_long_descr_fac4|Калі ў горадзе маецца ўласны маркитант, то ўсе закупкі стануць танней. А эканомія прыводзіць да росту даходаў.
str_ms_t_trading_master_long_descr_fac5|Прыставіць да гандлю свайго крамніка-выдатная ідэя! Хай гараджане марнуюць грошыкі ў яго і прыносяць дадатковы даход.
str_ms_t_trading_master_remour_descr_fac1|Кажуць, учора на біржы быў скандал. Маклер нашага кіраўніка ўздумаў мухлевать.
str_ms_t_trading_master_remour_descr_fac2|Вось яшчэ адзін купец згалеў. Хутка ў горадзе застануцца толькі тыя гандляры, хто на нашага новага кіраўніка працуе...
str_ms_t_trading_master_remour_descr_fac3|Кажуць, што караван-Башы прытаргоўвае з-пад падлогі кантрабандным гашышам. Яму-то ўсё з рук сыдзе, яго сам кіраўнік паставіў...
str_ms_t_trading_master_remour_descr_fac4|Новы маркітант перацягнуў на сябе ўсе муніцыпальныя пастаўкі. Кажуць, ён у змове з уладамі.
str_ms_t_trading_master_remour_descr_fac5|У новай краме гарылка ўтрая даражэй, але што зрабіць, калі ўсім астатнім забаранілі продаж спіртнога...
str_ms_t_priest_short_descr_fac1|Біскуп
str_ms_t_priest_short_descr_fac2|Настаяцель
str_ms_t_priest_short_descr_fac3|Імам
str_ms_t_priest_short_descr_fac4|Капелан
str_ms_t_priest_short_descr_fac5|Іерэй
str_ms_t_priest_long_descr_fac1|У горадзе, дзе ёсць епіскапская кафедра, кіраўнік у накладе не застанецца.
str_ms_t_priest_long_descr_fac2|Калі паставіць свайго настаяцеля ў сабор, то з гараджанамі заўсёды лягчэй зладзіць будзе.
str_ms_t_priest_long_descr_fac3|"Імам-беспярэчны аўтарытэт для прававерных. Скажа» плаціць "" - будуць плаціць. Таму Імам павінен быць сваім чалавекам."
str_ms_t_priest_long_descr_fac4|Капелан пры гарнізоне-важная персона. І малітву прачытае, і за парадкам нагледзіць. Ды і падаткі сабраць дапаможа.
str_ms_t_priest_long_descr_fac5|Калі ў іерэя мова добра падвешаны, то і казна паўней будзе.
str_ms_t_priest_remour_descr_fac1|Ходзяць чуткі, быццам новы біскуп неабыякавы да харавога спеву. Самых галасістых спевакоў у кафедральны хор набраў...
str_ms_t_priest_remour_descr_fac2|Настаяцель учора сына ваяводы хрысціў. Да вечара, кажуць, ужо лыка не Вязаў...
str_ms_t_priest_remour_descr_fac3|Учора Імам рабіў павучанне. Казаў, што тыя, хто не плаціць падаткаў, гнявяць Алаха.
str_ms_t_priest_remour_descr_fac4|Учора капелан асабіста ўзначаліў рэйд на рынак. Кажуць, што нядоімак сабралі ўтрая больш, чым звычайна.
str_ms_t_priest_remour_descr_fac5|Іерэй нядаўна ўдовіцу адну спавядаў. І так, кажуць, натхнёна ёй грахі адпускаў, што яна цяпер на зносях.
str_ms_t_garrison_commander_short_descr_fac1|Кашталян
str_ms_t_garrison_commander_short_descr_fac2|Ваявода
str_ms_t_garrison_commander_short_descr_fac3|Дзіздар
str_ms_t_garrison_commander_short_descr_fac4|Кашталян
str_ms_t_garrison_commander_short_descr_fac5|Сотнік
str_ms_t_garrison_commander_long_descr_fac1|Кастэлян у замку заўсёды павінен быць, за парадкам сачыць.
str_ms_t_garrison_commander_long_descr_fac2|Ваявода-у горадзе важны чалавек. І за гарнізонам нагледзіць і, у выпадку чаго, апалчэнне збярэ.
str_ms_t_garrison_commander_long_descr_fac3|Дзіздар-гарадскі военачальнік. Калі ён спраўна нясе службу, то за гарнізон можна не турбавацца.
str_ms_t_garrison_commander_long_descr_fac4|Гарадскі Кастэлян падтрымлівае дысцыпліну ў гарнізоне і ў выпадку нападу можа хутка сабраць апалчэнне.
str_ms_t_garrison_commander_long_descr_fac5|Добры сотнік ўсіх гараджан ведае як аблупленых. Здарся што, імгненнем ўсіх, хто можа трымаць зброю, пад стрэльбу паставіць.
str_ms_t_garrison_commander_remour_descr_fac1|Кастэлян так вышкаліў салдат, што яны нават па патрэбе строем ходзяць.
str_ms_t_garrison_commander_remour_descr_fac2|Ваявода ўчора выхаваўчую працу праводзіў. Двум стражнікам сківіцу згарнуў, аднаму два рэбры зламаў...
str_ms_t_garrison_commander_remour_descr_fac3|Дзякуючы новаму диздару ўсе мужыкі кожны дзень ходзяць на ваенныя заняткі. Працаваць няма каму стала.
str_ms_t_garrison_commander_remour_descr_fac4|Будзь пракляты новы кастелян! Муштруе ні ў чым невінаватых гараджан, нібы навабранцаў...
str_ms_t_garrison_commander_remour_descr_fac5|Крута ўзяў новы сотнік. Раздаў хлопцам жэрдкі замест пік і ганяе іх на выгане да сёмага поту.
str_ms_t_upgrade_officer_infantry_short_descr_fac1|Сотнік жаўнераў
str_ms_t_upgrade_officer_infantry_short_descr_fac2|Пад'ячы
str_ms_t_upgrade_officer_infantry_short_descr_fac3|Балтаджы-ага 
str_ms_t_upgrade_officer_infantry_short_descr_fac4|Афіцэр пяхоты
str_ms_t_upgrade_officer_infantry_short_descr_fac5|Кошавай атаман
str_ms_t_upgrade_officer_infantry_long_descr_fac1|Над жолнерами заўсёды павінен стаяць сотнік, каб у войску быў парадак і было каму трэніраваць навабранцаў. 
str_ms_t_upgrade_officer_infantry_long_descr_fac2|Над стральцамі заўсёды павінен стаяць пад'ячы, каб у войску быў парадак і было каму трэніраваць навабранцаў. 
str_ms_t_upgrade_officer_infantry_long_descr_fac3|Конніца, вядома, лепш, але і пяхотнікаў таксама недаацэньваць не варта.
str_ms_t_upgrade_officer_infantry_long_descr_fac4|Над пяхотнікамі заўсёды павінен стаяць сотнік, каб у войску быў парадак і было каму трэніраваць навабранцаў. 
str_ms_t_upgrade_officer_infantry_long_descr_fac5|Над казакамі заўсёды павінен стаяць сотнік, каб у войску быў парадак і было каму трэніраваць навабранцаў. 
str_ms_t_upgrade_officer_infantry_remour_descr_fac1|Пагаворваюць, быццам прызначылі новага сотніка жолнеров.
str_ms_t_upgrade_officer_infantry_remour_descr_fac2|Пагаворваюць, быццам прызначылі новага пад'ячага.
str_ms_t_upgrade_officer_infantry_remour_descr_fac3|Вайскоўцы толькі і спрачаюцца аб тым, куды пойдуць у набег наступнай вясной. 
str_ms_t_upgrade_officer_infantry_remour_descr_fac4|Пагаворваюць, быццам прызначылі новага камандуючага пяхотай. 
str_ms_t_upgrade_officer_infantry_remour_descr_fac5|Кажуць, сотніка новага прызначылі...
str_ms_t_upgrade_officer_cavalry_short_descr_fac1|Харунжы
str_ms_t_upgrade_officer_cavalry_short_descr_fac2|Сотнік кавалерыі
str_ms_t_upgrade_officer_cavalry_short_descr_fac3|Акынджы-ага
str_ms_t_upgrade_officer_cavalry_short_descr_fac4|Капітан драгун
str_ms_t_upgrade_officer_cavalry_short_descr_fac5|Есаул
str_ms_t_upgrade_officer_cavalry_long_descr_fac1|Навыкі коннага бою патрабуюць вывучкі і спрыту, без належнага навучання толку ад кавалерыстаў няшмат.
str_ms_t_upgrade_officer_cavalry_long_descr_fac2|Навыкі коннага бою патрабуюць вывучкі і спрыту, без належнага навучання толку ад кавалерыстаў няшмат.
str_ms_t_upgrade_officer_cavalry_long_descr_fac3|Навыкі коннага бою патрабуюць вывучкі і спрыту, без належнага навучання толку ад кавалерыстаў няшмат.
str_ms_t_upgrade_officer_cavalry_long_descr_fac4|Навыкі коннага бою патрабуюць вывучкі і спрыту, без належнага навучання толку ад кавалерыстаў няшмат.
str_ms_t_upgrade_officer_cavalry_long_descr_fac5|Навыкі коннага бою патрабуюць вывучкі і спрыту, без належнага навучання толку ад кавалерыстаў няшмат.
str_ms_t_upgrade_officer_cavalry_remour_descr_fac1|Усе вакол толькі і робяць, што абмяркоўваюць новага ротмістра.
str_ms_t_upgrade_officer_cavalry_remour_descr_fac2|Усе вакол толькі і робяць, што абмяркоўваюць новага сотніка.
str_ms_t_upgrade_officer_cavalry_remour_descr_fac3|Усе вакол толькі і робяць, што абмяркоўваюць новага агу. 
str_ms_t_upgrade_officer_cavalry_remour_descr_fac4|Усе вакол толькі і робяць, што абмяркоўваюць новага капітана драгун. 
str_ms_t_upgrade_officer_cavalry_remour_descr_fac5|Усе вакол толькі і робяць, што абмяркоўваюць новага есаула. 
str_ms_t_upgrade_officer_infantry_guard_short_descr_fac1|Капітан палкоў нямецкага ладу
str_ms_t_upgrade_officer_infantry_guard_short_descr_fac2|Палкавы акольнічы
str_ms_t_upgrade_officer_infantry_guard_short_descr_fac3|Азаб-ага
str_ms_t_upgrade_officer_infantry_guard_short_descr_fac4|Капітан гвардыі
str_ms_t_upgrade_officer_infantry_guard_short_descr_fac5|Харунжы
str_ms_t_upgrade_officer_infantry_guard_long_descr_fac1|У паліцах заўсёды павінен быць капітан, каб было каму падтрымліваць парадак і трэніраваць навабранцаў. 
str_ms_t_upgrade_officer_infantry_guard_long_descr_fac2|Задача палкавога акольнічага-трэніраваць ратных людзей, каб і піку ўмелі трымаць, і з пішчалі страляць. 
str_ms_t_upgrade_officer_infantry_guard_long_descr_fac3|Страляць з мушкетаў-справа няпростая, таму толькі турэцкія майстры запрашаюцца для навучання навабранцаў. 
str_ms_t_upgrade_officer_infantry_guard_long_descr_fac4|Над пяхотнікамі заўсёды павінен стаяць сотнік, каб у войску быў парадак і было каму трэніраваць навабранцаў. 
str_ms_t_upgrade_officer_infantry_guard_long_descr_fac5|Над казакамі заўсёды павінен стаяць сотнік, каб у войску быў парадак і было каму трэніраваць навабранцаў. 
str_ms_t_upgrade_officer_infantry_guard_remour_descr_fac1|Пагаворваюць, быццам прызначылі новага сотніка жолнеров.
str_ms_t_upgrade_officer_infantry_guard_remour_descr_fac2|Пагаворваюць, быццам прызначылі новага сотніка Стральцоў.
str_ms_t_upgrade_officer_infantry_guard_remour_descr_fac3|У горадзе раз - пораз раздаецца грукат мушкетаў-новы азаб-ага добра трэніруе навабранцаў. 
str_ms_t_upgrade_officer_infantry_guard_remour_descr_fac4|Пагаворваюць, быццам прызначылі новага камандуючага пяхотай. 
str_ms_t_upgrade_officer_infantry_guard_remour_descr_fac5|Пагаворваюць, быццам прызначылі новага сотніка.
str_ms_t_upgrade_officer_cavalry_guard_short_descr_fac1|Сотнік панцырнай кавалерыі
str_ms_t_upgrade_officer_cavalry_guard_short_descr_fac2|Сотнік памеснай кавалерыі
str_ms_t_upgrade_officer_cavalry_guard_short_descr_fac3|Бешлі-ага
str_ms_t_upgrade_officer_cavalry_guard_short_descr_fac4|Капітан кірасіраў
str_ms_t_upgrade_officer_cavalry_guard_short_descr_fac5|Куренной атаман кавалерыі
str_ms_t_upgrade_officer_cavalry_guard_long_descr_fac1|Задача сотніка панцырнай кавалерыі-трэніраваць казакоў і сачыць, каб з лука страляць спадручныя былі. 
str_ms_t_upgrade_officer_cavalry_guard_long_descr_fac2|У сотніка задача простая-сабраць апалчэнне з памеснай дваранскай конніцы і даставіць яе да службы. 
str_ms_t_upgrade_officer_cavalry_guard_long_descr_fac3|Трэніроўка элітных воінаў-задавальненне не з танных, але яно таго варта.
str_ms_t_upgrade_officer_cavalry_guard_long_descr_fac4|Трэніроўка кірасіраў патрабуе і часу, і грошай, але яно таго варта - мала хто выстаіць перад ротай кірасіраў. 
str_ms_t_upgrade_officer_cavalry_guard_long_descr_fac5|Хоць вартаўнікі і не такія моцныя, як гусары, але задачу сваю выконваюць хвацка. Таму без іх у войску ніяк нельга. 
str_ms_t_upgrade_officer_cavalry_guard_remour_descr_fac1|Усё толькі і робяць, што абмяркоўваюць новага сотніка.
str_ms_t_upgrade_officer_cavalry_guard_remour_descr_fac2|Усё толькі і робяць, што абмяркоўваюць новага сотніка.
str_ms_t_upgrade_officer_cavalry_guard_remour_descr_fac3|У горадзе кіпіць жыццё - бешли-ага трэніруе новых воінаў так, быццам яны прызначаюцца самому хану!
str_ms_t_upgrade_officer_cavalry_guard_remour_descr_fac4|Усё толькі і робяць, што абмяркоўваюць новага капітана кірасіраў.
str_ms_t_upgrade_officer_cavalry_guard_remour_descr_fac5|Куренной атаман кавалерыі
str_ms_t_upgrade_officer_elite_guard_short_descr_fac1|Ротмістр
str_ms_t_upgrade_officer_elite_guard_short_descr_fac2|Ваявода
str_ms_t_upgrade_officer_elite_guard_short_descr_fac3|Карачы
str_ms_t_upgrade_officer_elite_guard_short_descr_fac4|Капітан лейб-гвардыі
str_ms_t_upgrade_officer_elite_guard_short_descr_fac5|Кашавы есаул 
str_ms_t_upgrade_officer_elite_guard_long_descr_fac1|Крылатыя гусары па праве лічацца элітай войска Рэчы Паспалітай. Армія, у якой служыць хоць бы рота крылатых гусар, мае шмат шанцаў на перамогу. 
str_ms_t_upgrade_officer_elite_guard_long_descr_fac2|Баярская кавалерыя-выдатна ўзброена і навучаная. З яе дапамогай можна адолець любога ворага.
str_ms_t_upgrade_officer_elite_guard_long_descr_fac3|Наша цяжкая кавалерыя па праве лічыцца лепшай ва ўсёй Еўропе!
str_ms_t_upgrade_officer_elite_guard_long_descr_fac4|Нашы шведскія рэйтары-па праве лічацца элітай шведскай арміі. 
str_ms_t_upgrade_officer_elite_guard_long_descr_fac5|Хоць нешматлікая Запароская кавалерыя, але яе высокая вывучка і дысцыпліна робяць яе грознай сілай на поле бою. 
str_ms_t_upgrade_officer_elite_guard_remour_descr_fac1|Паўсюль толькі і размоў, што з новымі войскамі нас чакае перамога. 
str_ms_t_upgrade_officer_elite_guard_remour_descr_fac2|Паўсюль толькі і размоў, што з новымі войскамі нас чакае перамога. 
str_ms_t_upgrade_officer_elite_guard_remour_descr_fac3|Паўсюль толькі і размоў, што з новымі войскамі нас чакае перамога. 
str_ms_t_upgrade_officer_elite_guard_remour_descr_fac4|Паўсюль толькі і размоў, што з новымі войскамі нас чакае перамога. 
str_ms_t_upgrade_officer_elite_guard_remour_descr_fac5|Паўсюль толькі і размоў, што з новымі войскамі нас чакае перамога. 
str_ms_t_upgrade_officer_mercenary_short_descr_fac1|Капітан наймітаў
str_ms_t_upgrade_officer_mercenary_short_descr_fac2|Капітан наймітаў
str_ms_t_upgrade_officer_mercenary_short_descr_fac3|Ерлі-кулу
str_ms_t_upgrade_officer_mercenary_short_descr_fac4|Капітан наймітаў
str_ms_t_upgrade_officer_mercenary_short_descr_fac5|Капітан наймітаў
str_ms_t_upgrade_officer_mercenary_long_descr_fac1|Найміты ў атрадзе ніколі не бываюць лішнімі - яны дасведчаныя і з шабляй ўмеюць звяртацца. А капітан наймітаў патрэбен, каб байцоў самых лепшых падабраць.
str_ms_t_upgrade_officer_mercenary_long_descr_fac2|Найміты ў атрадзе ніколі не бываюць лішнімі - яны дасведчаныя і з шабляй ўмеюць звяртацца. А капітан наймітаў патрэбен, каб байцоў самых лепшых падабраць.
str_ms_t_upgrade_officer_mercenary_long_descr_fac3|Найміты ў атрадзе ніколі не бываюць лішнімі - яны дасведчаныя і з шабляй ўмеюць звяртацца. А капітан наймітаў патрэбен, каб байцоў самых лепшых падабраць.
str_ms_t_upgrade_officer_mercenary_long_descr_fac4|Найміты ў атрадзе ніколі не бываюць лішнімі - яны дасведчаныя і з шабляй ўмеюць звяртацца. А капітан наймітаў патрэбен, каб байцоў самых лепшых падабраць.
str_ms_t_upgrade_officer_mercenary_long_descr_fac5|Найміты ў атрадзе ніколі не бываюць лішнімі - яны дасведчаныя і з шабляй ўмеюць звяртацца. А капітан наймітаў патрэбен, каб байцоў самых лепшых падабраць.
str_ms_t_upgrade_officer_mercenary_remour_descr_fac1|У горадзе, як у Старажытным Вавілоне, змяшаліся розныя народы, а ўжо колькі наймітаў іншаземных з'явілася.
str_ms_t_upgrade_officer_mercenary_remour_descr_fac2|У горадзе, як у Старажытным Вавілоне, змяшаліся розныя народы, а ўжо колькі наймітаў іншаземных з'явілася.
str_ms_t_upgrade_officer_mercenary_remour_descr_fac3|У горадзе, як у Старажытным Вавілоне, змяшаліся розныя народы, а ўжо колькі наймітаў іншаземных з'явілася.
str_ms_t_upgrade_officer_mercenary_remour_descr_fac4|У горадзе, як у Старажытным Вавілоне, змяшаліся розныя народы, а ўжо колькі наймітаў іншаземных з'явілася.
str_ms_t_upgrade_officer_mercenary_remour_descr_fac5|У горадзе, як у Старажытным Вавілоне, змяшаліся розныя народы, а ўжо колькі наймітаў іншаземных з'явілася.
str_ms_v_mill_short_descr_fac1|Млын
str_ms_v_mill_short_descr_fac2|Млын
str_ms_v_mill_short_descr_fac3|Млын
str_ms_v_mill_short_descr_fac4|Млын
str_ms_v_mill_short_descr_fac5|Млын
str_ms_v_mill_long_descr_fac1|З таго часу, як людзі навучыліся пячы хлеб, млын - выдатная крыніца даходаў.
str_ms_v_mill_long_descr_fac2|З таго часу, як людзі навучыліся пячы хлеб, млын - выдатная крыніца даходаў.
str_ms_v_mill_long_descr_fac3|З таго часу, як людзі навучыліся пячы хлеб, млын - выдатная крыніца даходаў.
str_ms_v_mill_long_descr_fac4|З таго часу, як людзі навучыліся пячы хлеб, млын - выдатная крыніца даходаў.
str_ms_v_mill_long_descr_fac5|З таго часу, як людзі навучыліся пячы хлеб, млын - выдатная крыніца даходаў.
str_ms_v_mill_remour_descr_fac1|Кажуць, Стары млынар ледзь рукі на сябе не наклаў, калі даведаўся пра новы млын.
str_ms_v_mill_remour_descr_fac2|Млынар распускае чуткі, што на новай млыне ў муку падмешваюць ўсякую гадасць.
str_ms_v_mill_remour_descr_fac3|Слава Алаху! Цяпер у горадзе некалькі млыноў, і прававерныя могуць выбіраць, дзе малоць зерне.
str_ms_v_mill_remour_descr_fac4|З з'яўленнем новай млына цэны на муку трохі ўпалі.
str_ms_v_mill_remour_descr_fac5|А млынар-то, кажуць, вядзьмак...
str_ms_v_barn_short_descr_fac1|Стадола
str_ms_v_barn_short_descr_fac2|Хлеў
str_ms_v_barn_short_descr_fac3|Свіран
str_ms_v_barn_short_descr_fac4|Крама
str_ms_v_barn_short_descr_fac5|Камора
str_ms_v_barn_long_descr_fac1|Ва ўласным сховішча можна зрабіць запас збожжа. А потым прадаць яго па выгаднай цане.
str_ms_v_barn_long_descr_fac2|Ва ўласным сховішча можна зрабіць запас збожжа. А потым прадаць яго па выгаднай цане.
str_ms_v_barn_long_descr_fac3|Ва ўласным сховішча можна зрабіць запас збожжа. А потым прадаць яго па выгаднай цане.
str_ms_v_barn_long_descr_fac4|Ва ўласным сховішча можна зрабіць запас збожжа. А потым прадаць яго па выгаднай цане.
str_ms_v_barn_long_descr_fac5|Ва ўласным сховішча можна зрабіць запас збожжа. А потым прадаць яго па выгаднай цане.
str_ms_v_barn_remour_descr_fac1|Кажуць, у новай стодоле кіраўнік не толькі збожжа захоўвае, але і золатка...
str_ms_v_barn_remour_descr_fac2|Чуў, што ўчора свіран ваяводы абакралі. Так яму і трэба.
str_ms_v_barn_remour_descr_fac3|Прагны бек набіў свіран збожжам і ў канцы зімы прадае яго ўтрая даражэй.
str_ms_v_barn_remour_descr_fac4|Наш кіраўнік хітры як ЛІС. Запас збожжа ў сваёй краме і прадае яго па завышаных цэнах.
str_ms_v_barn_remour_descr_fac5|У новай каморы ўсё зерне мышы паелі-то-то смеху было!
str_ms_v_school_short_descr_fac1|Школа
str_ms_v_school_short_descr_fac2|Парафіяльная школа
str_ms_v_school_short_descr_fac3|Школа
str_ms_v_school_short_descr_fac4|Школа
str_ms_v_school_short_descr_fac5|Школа
str_ms_v_school_long_descr_fac1|Калі дзеткі вучаць кошт, ліст і закон Божы, з іх вырастаюць верныя падданыя.
str_ms_v_school_long_descr_fac2|Калі дзеткі вучаць кошт, ліст і закон Божы, з іх вырастаюць верныя падданыя.
str_ms_v_school_long_descr_fac3|Калі дзеткі вучаць кошт, ліст і чытаюць Каран, з іх вырастаюць верныя падданыя.
str_ms_v_school_long_descr_fac4|Калі дзеткі вучаць кошт, ліст і Евангелле, з іх вырастаюць верныя падданыя.
str_ms_v_school_long_descr_fac5|Калі дзеткі вучаць кошт, ліст і Слова Божае, з іх вырастаюць верныя падданыя.
str_ms_v_school_remour_descr_fac1|Сына ў школу аддалі. Цяпер на кніжкі прыйдзецца марнавацца.
str_ms_v_school_remour_descr_fac2|Школа гэтая-пястота адно. Цяпер гусей пасвіць няма каму.
str_ms_v_school_remour_descr_fac3|Дзеці ходзяць у школу. Можа, стануць кадзіямі або муфтыямі?
str_ms_v_school_remour_descr_fac4|Грамата, вядома, дзецям патрэбна. Але вельмі ўжо гэта дарагая Справа.
str_ms_v_school_remour_descr_fac5|Казацкім дзецям грамата без патрэбы. Але раз пан сказаў-будзем вадзіць.
str_ms_v_secret_place_short_descr_fac1|Казна павета
str_ms_v_secret_place_short_descr_fac2|Схрон
str_ms_v_secret_place_short_descr_fac3|Скарбніца
str_ms_v_secret_place_short_descr_fac4|Таемны схрон
str_ms_v_secret_place_short_descr_fac5|Таемная камора
str_ms_v_secret_place_long_descr_fac1|Заўсёды трэба мець месца, куды можна схаваць нарабаванае пасля налёту.
str_ms_v_secret_place_long_descr_fac2|Сапраўды кажуць, далей пакладзеш-бліжэй возьмеш. Маючы схрон, можна зберагчы дабро ад разбою.
str_ms_v_secret_place_long_descr_fac3|У гэтыя няпростыя часы не перашкодзіць мець скарбніцу. Бо падчас вайны нават ячмень - скарб.
str_ms_v_secret_place_long_descr_fac4|У таемным схроне можна схаваць ад ворагаў харчы.
str_ms_v_secret_place_long_descr_fac5|Дрэнны той гаспадар, у якога няма каморы. Бо налётчыкі адбяруць толькі тое, што знойдуць.
str_ms_v_secret_place_remour_descr_fac1|Кажуць, стараста дзесьці хавае скарб. Цэлых дваццаць талераў!
str_ms_v_secret_place_remour_descr_fac2|Стараста кудысьці прыхаваў усю гарэлку. Мужыкі трэці дзень не працуюць-шукаюць.
str_ms_v_secret_place_remour_descr_fac3|У нашага бея заграбучыя рукі. Пабудаваў сховішча, а дзе-нікому не кажа.
str_ms_v_secret_place_remour_descr_fac4|Кажуць, у таемным схроне сабраны вялікі запас. Цяпер нам не так страшныя налёты.
str_ms_v_secret_place_remour_descr_fac5|У мінулую нядзелю хлопцы знайшлі таемны схрон з гарылкай і Салам. Стараста ледзь не лопнуў з прыкрасці-выпілі і з'елі ўвесь запас.
str_ms_v_administration_short_descr_fac1|Управа
str_ms_v_administration_short_descr_fac2|Казённы дом
str_ms_v_administration_short_descr_fac3|Дом бея
str_ms_v_administration_short_descr_fac4|Вартавы
str_ms_v_administration_short_descr_fac5|Куренная хата
str_ms_v_administration_long_descr_fac1|Сельская ўправа-добрая дапамога для старасты. Тут можна збірацца па вечарах, каб вырашыць надзённыя справы.
str_ms_v_administration_long_descr_fac2|Калі ў вёсцы ёсць казённы дом-парадку будзе больш, да варажбіткі не хадзі.
str_ms_v_administration_long_descr_fac3|У доме бея можна трымаць злачынцаў і весці суд. Дзякуючы яму дабрабыт жыхароў будзе расці.
str_ms_v_administration_long_descr_fac4|Каравульная-месца для ўтрымання парушальнікаў і злачынцаў. Дзякуючы каравульнай беспарадкі спыняцца.
str_ms_v_administration_long_descr_fac5|У курынай хаце захоўваюцца важныя паперы. А калі хто з хлопцаў загуляе, можна пасадзіць іх пад замак для спакою.
str_ms_v_administration_remour_descr_fac1|Учора ва ўправе стараста з войтам да раніцы засядалі. На досвітку вынеслі абодвух.
str_ms_v_administration_remour_descr_fac2|Сусед напіўся, усю ноч буяніў. Потым тры дні ў халоднай сядзеў.
str_ms_v_administration_remour_descr_fac3|Учора ў паселішчы злавілі злодзея. На шчасце, у доме бея ёсць камера, дзе яго трымалі да прыезду варты.
str_ms_v_administration_remour_descr_fac4|Суседа ўчора пад замак пасадзілі. А што ён зрабіў? Усяго-то каня скраў...
str_ms_v_administration_remour_descr_fac5|З таго часу, як у вёсцы з'явілася куренная хата, хлопцаў па вечарах на вуліцы не знайсці. Усе там сядзяць, пра палітыку гутараць.
str_ms_v_judge_short_descr_fac1|Суддзя павета
str_ms_v_judge_short_descr_fac2|Сельскі суддзя
str_ms_v_judge_short_descr_fac3|Кадый
str_ms_v_judge_short_descr_fac4|Дарадца
str_ms_v_judge_short_descr_fac5|Куранны суддзя
str_ms_v_judge_long_descr_fac1|Хуткі суд-гэта парадак і спакой. Калі ў паселішчы ёсць суддзя, спадар спіць спакайней.
str_ms_v_judge_long_descr_fac2|Свой суддзя ў вёсцы-незаменны чалавек. Няма чаго смецце з хаты выносіць.
str_ms_v_judge_long_descr_fac3|Калі ў паселішчы ёсць кадый, усе спрэчкі паміж жыхарамі вырашаюцца хутка і справядліва, а казна папаўняецца новымі зборамі.
str_ms_v_judge_long_descr_fac4|Дарадца заўсёды выслухае просьбіта і вынесе законнае рашэнне. Не бязвыплатна, вядома.
str_ms_v_judge_long_descr_fac5|Куранны суддзя-незаменны чалавек. Не дасць атаману красці.
str_ms_v_judge_remour_descr_fac1|Кажуць, новы суддзя хабараў не бярэ. Як жа ён, небарака, рашэнні прымае?
str_ms_v_judge_remour_descr_fac2|Новы суддзя хабар бярэ толькі вадкімі талерамі. Хутка зусім сап'ецца, небарака.
str_ms_v_judge_remour_descr_fac3|Кожны вечар суддзя Астах слухае новую справу. Усе жыхары абавязкова ідуць глядзець-ужо балюча прыгожа судзіць.
str_ms_v_judge_remour_descr_fac4|Кажуць, новы суддзя непадкупны! Як цяпер жыць сялянам?
str_ms_v_judge_remour_descr_fac5|Учора Кашавы суддзя адцяпаў ля суседняга манастыра заліўны луг на карысць атамана. І ўзяў трохі-усяго шмат.
str_ms_v_treasurer_short_descr_fac1|Падскарбій
str_ms_v_treasurer_short_descr_fac2|Казначэй
str_ms_v_treasurer_short_descr_fac3|Баскак
str_ms_v_treasurer_short_descr_fac4|Казначэй
str_ms_v_treasurer_short_descr_fac5|Сельскі мытнік
str_ms_v_treasurer_long_descr_fac1|Збор чынш-справа важная. І калі гэтай справай загадвае асаблівы чалавек, то кашэль у гаспадара будзе не ў прыклад цяжэй.
str_ms_v_treasurer_long_descr_fac2|Пісьменны чалавек пры зборы чынш заўсёды карысць прынясе. Скрадзе, вядома, але больш прыпіша.
str_ms_v_treasurer_long_descr_fac3|Калі падаткі збірае баскак-то і казна папаўняецца весялей.
str_ms_v_treasurer_long_descr_fac4|Казначэй у паселішчы-добрая дапамога для кіраўніка. Пісьменны чалавек заўсёды ўсё зробіць як трэба.
str_ms_v_treasurer_long_descr_fac5|Свой мытнік, ды яшчэ і пісьменны-знаходка для гаспадара.
str_ms_v_treasurer_remour_descr_fac1|Новы падскарбій аблічыў карчмара Янкеля. Так той з гора вырашыў у хрысціянскую веру звярнуцца.
str_ms_v_treasurer_remour_descr_fac2|У вёсцы даведаліся, што новы казначэй быў раней пад'ячым манетнага двара. Кажуць, выгналі за п'янку.
str_ms_v_treasurer_remour_descr_fac3|Падобна на тое, наш баскак вывучаў матэматыку ў самым Багдадзе! Аблічвае-вокам не паспееш міргнуць.
str_ms_v_treasurer_remour_descr_fac4|Казначэй завёў уліковы кнігу. Што ў ёй піша - невядома, але плаціць цяпер даводзіцца больш...
str_ms_v_treasurer_remour_descr_fac5|Сельскі мытнік учора прыходзіў. Сказаў, што мы за дзвесце гадоў нядоімкі павінны выплаціць. Ну так мы далі яму чвэрць гарылкі-цяпер павінны толькі за сто гадоў...
str_ms_v_priest_short_descr_fac1|Ксёндз
str_ms_v_priest_short_descr_fac2|Бацюшка
str_ms_v_priest_short_descr_fac3|Мула
str_ms_v_priest_short_descr_fac4|Пастар
str_ms_v_priest_short_descr_fac5|Поп
str_ms_v_priest_long_descr_fac1|Сельскі ксёндз-чалавек карысны. І нябожчыка адпець, і пра настроі ў народзе даведацца.
str_ms_v_priest_long_descr_fac2|Бацюшка ў вёсцы-важны чалавек. Сялянам добра, калі не трэба ў царкву да суседзяў ездзіць.
str_ms_v_priest_long_descr_fac3|Калі ў паселішчы ёсць мула, то жыхары не абыдзены ласкай Алаха.
str_ms_v_priest_long_descr_fac4|Пастар заўсёды прыме споведзь і адпусціць грахі. А бязгрэшныя жыхары працуюць лепш.
str_ms_v_priest_long_descr_fac5|Які поп, такі і прыход. Калі поп кіраўніку паслухмяны, то і паства ня бунтуе.
str_ms_v_priest_remour_descr_fac1|Наш ксёндз учора двух парафіянак прычашчаў. Да самай раніцы.
str_ms_v_priest_remour_descr_fac2|Бацюшка на днях вядзьмарку з сяла пагнаў. Пагаворваюць, яна ў яго даход адбівала...
str_ms_v_priest_remour_descr_fac3|Новы мула зусім малады, але ведае ўсё суры Карана на памяць!
str_ms_v_priest_remour_descr_fac4|Новы пастар адпускае грахі часцей, чым стары. Праўда, і бярэ за гэта ўдвая даражэй.
str_ms_v_priest_remour_descr_fac5|У нашага Папа новая пападдзя. Пятая ці шостая па ліку.
str_ms_v_police_master_short_descr_fac1|Маршалак
str_ms_v_police_master_short_descr_fac2|Дзяк
str_ms_v_police_master_short_descr_fac3|Мухтасіб
str_ms_v_police_master_short_descr_fac4|Бейлиф
str_ms_v_police_master_short_descr_fac5|Куренной атаман
str_ms_v_police_master_long_descr_fac1|Маршалак-надзейнае запамога для старасты. І за парадкам прыгледзіць, і пра крадзеж паведаміць.
str_ms_v_police_master_long_descr_fac2|Калі ў вёсцы ёсць загадны дзяк, то за парадак можна не турбавацца.
str_ms_v_police_master_long_descr_fac3|Мухтасиб-гэта чалавек, які стаіць на варце парадку. А дзе парадак - там росквіт.
str_ms_v_police_master_long_descr_fac4|Бейлиф не толькі вочы і вушы гаспадара - але і яго бізун. У паселішчы, дзе ёсць бейлиф, парушальнікам даводзіцца несалодка.
str_ms_v_police_master_long_descr_fac5|Куренной атаман надзелены вялікімі правамі-можа пугамі пакараць, можа розгамі. А асабліва непаслухмяным - і палкі на пяткі прапісаць.
str_ms_v_police_master_remour_descr_fac1|Маршалак наш малайчына. Змарнаваў у суседнім лесе разбойнікаў.
str_ms_v_police_master_remour_descr_fac2|Дзяк адшукаў скрадзеную свінню. У суседскім авіне. 
str_ms_v_police_master_remour_descr_fac3|Новы мухтасиб ўчора злавіў кішэннага злодзея.
str_ms_v_police_master_remour_descr_fac4|Бейлиф здолеў раскрыць і абясшкодзіць хеўру фальшываманетчыкаў.
str_ms_v_police_master_remour_descr_fac5|Куренной атаман злавіў канакрада. Небарака да суда не дажыў.
str_ms_gold_notification_tax|пасля дбайнай праверкі было выяўлена, што {s50} займаўся раскраданнем гарадской казны. Пасля стараннага допыту нястача ў памеры {reg0} талераў была кампенсавана
str_ms_gold_notification_secret_order|знойдзены і абвінавачаны багаты бюргер ў здрадзе. Даходы ад продажу яго маёмасці склалі {reg0} талераў
str_ms_gold_notification_priest|памерла багатая ўдава. Бо законных спадчыннікаў у яе не аказалася, уся маёмасць была прададзена. Даход склаў {reg0} талераў
str_ms_gold_notification_judge|пасля ўважлівага допыту быў выкрыты мясцовы гандляр кантрабандай. Даходы ад продажу яго маёмасці склалі {reg0} талераў
str_ms_gold_notification_treasurer|пасля дбайнай праверкі была выяўлена недаплата падаткаў на суму {reg0} талераў
str_ms_gold_notification_barrack|на ўтрыманне {s2} выдаткавана: {reg0} талераў
str_ms_gold_notification_stable|на ўтрыманне {s2} выдаткавана: {reg0} талераў
str_ms_gold_notification_officer_lower_level|на ўтрыманне {s2} выдаткавана: {reg0} талераў
str_ms_gold_notification_officer_infantry|на ўтрыманне {s2} выдаткавана: {reg0} талераў
str_ms_gold_notification_officer_cavalry|на ўтрыманне {s2} выдаткавана: {reg0} талераў
str_ms_gold_notification_officer_infantry_guard|на ўтрыманне {s2} выдаткавана: {reg0} талераў
str_ms_gold_notification_officer_cavalry_guard|на ўтрыманне {s2} выдаткавана: {reg0} талераў
str_ms_gold_notification_officer_elite_guard|на ўтрыманне {s2} выдаткавана: {reg0} талераў
str_ms_gold_notification_officer_mercenary|на ўтрыманне {s2} выдаткавана: {reg0} талераў
str_ms_category_armourer_1|Замовіць халодная зброя
str_ms_category_armourer_2|Замовіць стралковая зброя
str_ms_category_protection_1|Шлем
str_ms_category_protection_2|Кіраса
str_ms_category_horse_1|Замовіць конь
str_ms_category_end|Канец катэгорый. 
str_caravan_develireg_descr|Караван, нагружаны {reg0} адзінкамі {s3}, накіруецца з {s1} у {s5}.
str_oim_caravan_looted|Застаўшыся без абароны, ваш караван быў разрабаваны і знішчаны. Вы страцілі ўвесь тавар. 
str_oim_kings_service_notification|Вы зрабілі свой выбар, стаўшы на бок адной з дзяржаў. Цяпер вам трэба будзе верай і праўдай служыць свайму Ўладару. Шляху назад няма, і наперадзе вас чакае доўгі і небяспечны шлях. Аднак не варта разлічваць, што кіраўнік адразу ж прызнае ў вас двараніна - вам трэба заваяваць давер вашага гаспадара дакладнай службай і цяжкай працай.
str_nesvizh_dungeon_descr|Вы высветлілі, што грабніца {s3} у {s4}. Але наўрад ці стараста вёскі скажа вам што-небудзь, перш чым {s3} атрымае карону {s5}.
str_time_left_forge|{s1}засталося {reg0} дзён. 
str_tax_collected|У {s2} сабрана {reg0} талераў падаткаў і дастаўлена вам. 
str_troops_ready|Завершана падрыхтоўка: ^ {s4}
str_town_lord_allah|Алах
str_town_lord_god|Гасподзь
str_oim_give_up_fight|Завяршыць спаборніцтва?
str_trakay_radz_descr|Стараста параіў вам распытаць пра манаха гараджан у {s10}.
str_cant_use_mounted|(нельга выкарыстоўваць верхам)
str_member_finished_studying|{s2} завяршыў навучанне.
str_no_soldiers_for_recruit|^ І пакуль не забыўся. Цяпер у мяне, на жаль, няма свабодных людзей. 
str_time_credit|Засталося {reg1} дзён. 
str_time_credit_zero|КРЭДЫТ ПРАТЭРМІНАВАНЫ!
str_credit_report|У {s3} доўг па крэдыце {reg1} талераў {s4}
str_deposit|У {s3} {reg0} талераў аддадзена ў рост. 
str_no_deposit|У вас няма крэдытаў.
str_no_credit|У вас няма дэпазітаў.
str_banks_full_report_str|Усяго: ^ {s6} ^{s8}
str_name_kingdom_text|Як будуць называць ваша каралеўства?
str_default_kingdom_name|Каралеўства {s0}
str_cannot_leave_now|Выйсці зараз немагчыма. 
str_party_with_commander_mismatch__check_log_for_details_|Няўзгодненасць атрада з камандзірам-Праверце дэталі ў Логу
str_s1_team|Атрад {s1} 
str_warning_max_players_count_text|Максімальную рэкамендаванае колькасць гульцоў для гэтага рэжыму-16
str_warning_max_players_count_text2|Максімальную рэкамендаванае колькасць гульцоў для гэтага рэжыму - 8. У атрадзе можа быць не больш за 6 салдат.
str_command_info_text|Памер атрада: {reg1}, цана: {reg2}
str_trade_patent_text|Хітры гарадскі кіраўнік і словам не абмовіўся аб тым, што для бяспошліннага гандлю дарагім таварам патрэбен гандлёвы патэнт. Трэба будзе здабыць сабе такі... 
str_oim_trade_troubles_descr|Хітры гарадскі кіраўнік і словам не абмовіўся аб тым, што для бяспошліннага гандлю дарагім таварам патрэбен гандлёвы патэнт. Трэба будзе здабыць сабе такі... 
str_oim_trade_pantent_granted|Цяпер у мяне ёсць патэнт, і мне больш не прыйдзецца плаціць такія высокія пошліны... 
str_reason_high_price|Гэта занадта дорага!
str_return_later|Я зайду пазней.
str_recruit_first|Мабыць, спачатку трэба наняць салдат.
str_squad_size|Памер атрадаў:
str_squad_size_small|Невялікія атрады
str_squad_size_normal|Стандартныя атрады
str_squad_size_big|Вялікія атрады
str_squad_size_huge|Вялізныя атрады
str_additional_info_oim_dmitriy_eleonora|Князь выдаў граматку для турэмшчыка {s3}, каб той падрыхтаваў атрад эскорту. 
str_mamay_founded|Цяпер, калі Мамай з вамі, трэба знайсці Барабаша і распытаць яго добранька.
str_kill_radzivall_and_get_pernach|Пернач трапіў у рукі Януша. Вам трэба як мага хутчэй завалодаць гэтай зброяй. 
str_talk_to_barabash_pernach|Пернач цяпер у вас у руках. Прыйшоў час вызначыцца з Барабашам.
str_pernach_taken_fight_for_getman|Што ж, на выгляд гэта просты пернач. Паглядзім, чым ён можа дапамагчы...
str_pernach_army_bonus|+ 50 да максімальнага памеру арміі
str_a_duel_request_is_sent_to_s0|{s0} адпраўлены выклік на паядынак.
str_s0_offers_a_duel_with_you|{s0} жадае біцца з вамі на двубоі.
str_your_duel_with_s0_is_cancelled|Ваша дуэль з {s0} адменена.
str_a_duel_between_you_and_s0_will_start_in_3_seconds|Паядынак паміж вамі і {s0} пачнецца праз 3 секунды!
str_you_have_lost_a_duel|Вы прайгралі ў паядынку.
str_you_have_won_a_duel|Вы выйгралі ў паядынку.
str_server_s0|[SERVER]: {s0}
str_disallow_ranged_weapons|Забараніць зброю далёкага бою
str_ranged_weapons_are_disallowed|Зброя далёкага бою забаронена.
str_ranged_weapons_are_allowed|Зброю далёкага бою дазволена.
str_duel_starts_in_reg0_seconds|Дуэль пачнецца праз {reg0} секунд...
str_server_name_s0|Сервер: {s0}
str_map_name_s0|Карта: {s0}
str_game_type_s0|Тып гульні: {s0}
str_remaining_time_s0reg0_s1reg1|Засталося часу: {s0}{reg0}: {s1}{reg1}
str_ms_order_for_horse|Тут вы можаце замовіць выдатную конь. 
str_multi_disable_granades|Забараніць гранаты
str_squad_size_s0|Памер атрада: {s0}
str_granades_are_disallowed|Гранаты забароненыя.
str_granades_are_allowed|Гранаты дазволеныя.
str_oim_training_1_caption|Атака ў блізкім бою
str_oim_training_1_text|Гэтая загарадзь перагароджвае вам шлях, зламайце яе! Каб нанесці ўдар, пстрыкніце ў патрэбны момант левай кнопкай мышы. Вы можаце атакаваць ў чатырох розных напрамках - проста ПЕРАСОЎВАЙЦЕ мыш уверх, уніз, налева або направа своечасова пстрычкі.
str_oim_training_2_caption|Асноўнае кіраванне
str_oim_training_2_text|Вы можаце перамяшчаць вашага персанажа з дапамогай клавіш WASD і змяняць агляд камеры з дапамогай мышы.
str_oim_training_3_caption|Кіраванне далёкім боем
str_oim_training_3_text|Выдатна! Зараз у вас ёсць новая цацка. Націсніце клавішу R, каб пераключыцца ў рэжым ад першай асобы-гэта спросціць прыцэльвання. Каб павысіць шанцы на трапленне, вы можаце наблізіць камеру. Для гэтага ўтрымлівайце клавішу Shift. Нарэшце, каб зрабіць дакладны стрэл, зацісніце левую кнопку мышы і пачакайце, пакуль перакрыжаванне прыцэла не зменшыцца ў памеры, тады і спускайце курок... Збіце замак з плота трапным стрэлам.
str_oim_training_4_text|"Сядзьце на каня і рушыце ўслед верхам за Монфором і яго людзьмі. Падыдзіце як мага бліжэй да каня, да з'яўлення надпісы""сесці верхам"". Асядлаць конь, націснуўшы клавішу F."
str_oim_training_5_text|Самы час Паказаць гэтым адроддзя!
str_oim_training_6_text|Ваша падарожжа прывяло вас у маленькую казацкую вёсачку, закінутую ў глушы. Праходзячы міма, вы раптам чуеце стрэлы.
str_oim_training_7_text|На шчасце, людзі Манфора з'яўляюцца своечасова, каб выратаваць вам жыццё.
str_oim_training_8_text|Выдатна, вы асядлалі каня. Памятаеце, коні могуць быць вельмі падступнымі жывёламі. Каб кіраваць імі, выкарыстоўвайце клавішы WASD. Націсніце W, каб прышпарыць каня, а S - каб аблажыць яго. Клавішамі A і D можна прымусіць яго павярнуць... Каб навучыцца ездзіць на кані, патрабуецца некаторая практыка. Памятаеце, што стромкія павароты будзе лягчэй пераадолець, калі трохі знізіць хуткасць.
str_oim_training_9_text|Глядзіце, яшчэ ворагі! Прыйшла пара пусціць у ход шпагу і пістоль. Вы можаце перамыкацца паміж рознымі відамі зброі, выкарыстоўваючы колца мышы. А цяпер скачыце наперад і прабіце сабе дарогу скрозь ворага - агнём і мячом!
str_oim_training_10_caption|Абарона ў блізкім бою
str_oim_training_10_text|Выдатна! Пяройдзем да абароны... Каб паставіць блок зброяй, ўтрымлівайце правую кнопку мышы. Лепш за ўсё гэта рабіць ужо пасля таго, як праціўнік пачне атаку... Калі вы своечасова адрэагуеце на яе, то аўтаматычна паставіце блок.
str_oim_training_11_caption|Агульнае кіраванне боем
str_oim_training_11_text|Выдатна! Зараз у вас ёсць новая цацка. Націсніце клавішу R, каб пераключыцца ў рэжым ад першай асобы-гэта спросціць прыцэльвання. Каб павысіць шанцы на трапленне, вы можаце наблізіць камеру. Для гэтага ўтрымлівайце клавішу Shift. Нарэшце, каб зрабіць дакладны стрэл, зацісніце левую кнопку мышы і пачакайце, пакуль перакрыжаванне прыцэла не зменшыцца ў памеры, тады і спускайце курок... Збіце замак з плота трапным стрэлам.
str_oim_training_12_caption|Кіраванне картай і часопісам
str_oim_training_12_text|Для перамяшчэння па карце выкарыстоўвайце клавішы WASD.Націсніце ЛКМ, каб выбраць што-небудзь на карце.^ Зацісніце ПКМ і перамяшчайце мыш, каб круціць камеру.^ Выкарыстоўвайце колца мышы для набліжэння / аддалення камеры.^ Навядзіце курсор мышы на аб'ект, каб атрымаць інфармацыю пра яго.Націсніце клавішу Q, каб адкрыць летапіс. У ёй утрымліваецца інфармацыя аб заданнях, важных персанажах і іх месцазнаходжанні, аб вёсках, замках і гарадах.Калі вам трэба знайсці якога-небудзь персанажа, зазірніце ў летапіс.
str_oim_training_13_text|Перамогшы апошняга бандыта, вы падыходзіце да Монфору, каб пагаварыць.
str_oim_training_14_text|Жак: расслабляцца рана. Гэтыя падонкі могуць з'явіцца адкуль заўгодна.
str_oim_training_16_text|"Сардэчна запрашаем у гульню "" Mount and Blade. Агнём і мячом. Вялікія бітвы""» Гэта невялікае навучанне заклікана палегчыць вам першыя крокі ў гульні. Пачнем з самых асноў. Каб агледзецца вакол, Выкарыстоўвайце мыш. Для перамяшчэння выкарыстоўвайце клавішы WASD. Зараз Ідзіце наперад да агароджы."
str_oim_training_17_text|Выдатна! Здаецца, нас і далей чакае бой: складваецца ўражанне, што вунь тая група падарожнікаў кагосьці чакае.
str_oim_training_18_text|Не забудзьцеся перазарадзіць пістоль. Для гэтага націсніце левую кнопку мышы. Страляйце замак.
str_oim_training_21_text|У гэтага чалавека вельмі падазроны выгляд. Скарыстайцеся новымі навыкамі і выкладайце яму ўрок.
str_forget_it|Назад
str_oim_ms_construct_only_one_instanse_for_player|заглушка
str_oim_ms_construct_party_has_merchant_guild|заглушка
str_oim_ms_construct_party_has_arm_buildings|заглушка
str_oim_ms_construct_party_has_certain_officer|заглушка
str_oim_ms_construct_party_has_certain_officers|заглушка
str_oim_ms_price_log|заглушка
str_oim_ms_construct_time|заглушка
str_oim_mnu_ms_additional_school|заглушка
str_oim_mnu_ms_additional_merchant_guild|заглушка
str_oim_mnu_ms_additional_extra_goods|заглушка
str_oim_mnu_ms_additional_adviser|заглушка
str_oim_mnu_ms_additional_officer|заглушка
str_oim_slot_ms_script_looted|заглушка
str_oim_script_ms_event_raise_taxes|заглушка
str_oim_script_ms_event_change_prosperity|заглушка
str_oim_script_ms_event_raise_taxes_week|заглушка
str_oim_script_ms_event_notification_about_gold_usage|заглушка
str_mp_new_1|Татарскі горад
str_mp_new_2|Умацаваны горад
str_mp_new_3|Акоп
str_all_fire_now|Усім агонь!
str_left_fire_now|Левы фланг, агонь!
str_middle_fire_now|Цэнтр, агонь!
str_right_fire_now|Правы фланг, агонь!
str_fire_at_my_command|Страляць па загадзе
str_use_melee_weapons|Выкарыстоўваць халодная зброя!
str_use_ranged_weapons|Выкарыстоўваць зброю далёкага бою!
str_melee_weapons|Халодная зброя
str_ranged_weapons|Зброя далёкага бою
str_formation|Лад
str_very_tight|Вельмі цесны
str_tight|Цесны
str_loose|Свабодны
str_very_loose|Вельмі свабодны
str_form_1_row|У адну шарэнгу
str_form_reg0_rows|У {reg0} шэрагі
str_percent_5_tax_is_paid|{reg2} талераў (5% ад даходу) выплачана ў якасці падаткаў. Атрымаеце гандлёвы патэнт, каб не плаціць падаткі.
str_percent_10_tax_is_paid|{reg2} талераў (10% ад даходу) выплачана ў якасці падаткаў. Атрымаеце гандлёвы патэнт, каб не плаціць падаткі.
str_you_are_weak_take_these_men_with_you|Ваш атрад слабы. Вазьміце гэтых двух добраахвотнікаў з сабой.
str_meeting_with_thieves|Увайшоўшы ў вёску, вы выявілі групу бандытаў, якія крадуць жывёлу. Яны заўважаюць вас, кідаюць сваю брудную справу і набліжаюцца да вас.
str_oim_hunt_down_thieves_explanation|Стараста вёскі {s3} папрасіў вас высачыць злодзеяў, якія з'явяцца ў вёсцы апоўначы.
str_oim_get_feast_supplies_explanation|Стараста вёскі {s3} папрасіў вас прынесці яму 5 бочак піва, 5 гронак вінаграду, бочку віна, бочку піва і скрутак цюцюна.
str_mp_add_troop|Наняць / Выгнаць
str_mp_squad|Атрад
str_mp_squad_req_size_reg0|Патрабуецца: {reg0}
str_mp_squad_active_size_reg0|Актыўна: {reg0}
str_squad_cost_reg0|Кошт атрада: {reg0}
str_item_cost_reg0|Кошт тавару: {reg0}
str_next_wave_in_reg0_mins|Новая атака праз {reg0} хвілін(ы)
str_wave_info|Інфармацыя пра атаку
str_wave_no_reg1|{reg1} - я атака
str_veteran_wave_no_reg1|{reg1} - я атака ветэранаў
str_elite_wave_no_reg1|{reg1} - я атака эліты
str_time_left_reg2_mins_reg1_secs|Пакінуты час: {reg2} мін. {reg1} сек.
str_time_left_reg1_secs|Пакінуты час: {reg1} сек.
str_enemies_reg1_total_reg2_arriving|Ворагаў: у жывых - {reg1}, прыбывае - {reg2}.
str_ccoop_enemy_info|   {s0} - {reg4} ({reg3} прыбывае)
str_oim_black_hetman_failed|Вы страцілі кантроль над сталіцай, шанцаў на перамогу няма. Вы прайгралі.
str_squad_size_for_captains|Памер атрада для капітанаў:
str_captain_merc_ratio|Прапорцыя капітан / найміт:
str_1_div|1 / 
str_accompany|Суправаджаць
str_reg2_s1_s2_s2|{reg2?{s1}, {s2}:{s2}}
str_reg2_s1_and_s2_s2|{reg2?{s1} і {s2}: {s2}}
str_give_the_money_you_took_from_s9_to_s10|Аддайце {s10} грошы, якія вы забралі ў {s9}.
str_man|чалавек
str_men|людзі
str_you_have_taken_all_infantry|Ха-ха! {Спадар / спадарыня}, уся мая пяхота ўжо ў цябе. Табе трэба нешта яшчэ?
str_you_have_taken_all_musketeer|Ха-ха! {Спадар / спадарыня}, усе мае мушкецёры ўжо ў цябе. Табе трэба нешта яшчэ?
str_you_have_taken_all_cavalry|Ха-ха! {Спадар / спадарыня}, уся мая кавалерыя ўжо ў цябе. Табе трэба нешта яшчэ?
str_price_there_known|{s1}, ({s2} тут прадаюць па {reg1} талераў)
str_price_there_unknown|{s1}
str_your_troops_are_dying_because_of_illness|Вашы салдаты паміраюць ад хваробы!
str_has_died_because_of_illness|памірае ад {s4}.
str_have_died_because_of_illness|памірае ад {s4}.
str_ccoop_wave_reg1_is_coming_in_reg0_seconds|{reg1} - я атака пачнецца праз {reg0} сек.
str_ccoop_veteran_wave_reg1_is_coming_in_reg0_seconds|{reg1} - я атака ветэранаў пачнецца праз {reg0} сек.
str_ccoop_elite_wave_reg1_is_coming_in_reg0_seconds|{reg1} - я атака эліты пачнецца праз {reg0} сек.
str_prison_cart_hint|Знішчыце турэмную фурманку або прайдзіце раунд, каб выратаваць загінулых таварышаў.
str_wave_reg1|{reg1} - я хваля
str_veteran_wave_hint|Увага: у атрадзе ветэранаў больш салдат, яны наносяць на 30% больш страт і валодаюць павышаным запасам здароўя.
str_elite_wave_hint|Увага: у элітным атрадзе больш салдат, яны наносяць на 50% больш страт і валодаюць павышаным запасам здароўя.
str_ask_for_help_to_respawn_hint|Вы адродзіцеся, калі вашы таварышы знішчаць турэмную фурманку або пасля завяршэння бягучага раўнда.
str_wait_for_next_turn_to_respawn_hint|Вы адродзіцеся ў наступным раўндзе.
str_mp_cbf_squad_auto_ratio|Аўтабаланс атрадаў капітанаў
